player_name,season,games,minutes,per,ts_pct,usg_pct,bpm,vorp,player_key
James Harden,2015,81.0,2981.0,26.7,0.605,31.3,8.8,8.1,james harden
Andrew Wiggins,2015,82.0,2969.0,13.9,0.517,22.6,-2.4,-0.3,andrew wiggins
Trevor Ariza,2015,82.0,2930.0,12.7,0.539,16.5,1.0,2.2,trevor ariza
Damian Lillard,2015,82.0,2925.0,20.7,0.56,26.9,4.7,4.9,damian lillard
Chris Paul,2015,82.0,2857.0,26.0,0.596,23.7,8.0,7.2,chris paul
John Wall,2015,79.0,2837.0,19.9,0.523,26.1,3.6,4.0,john wall
DeAndre Jordan,2015,82.0,2820.0,21.0,0.638,13.6,2.9,3.5,deandre jordan
Eric Bledsoe,2015,81.0,2800.0,18.4,0.555,23.7,2.1,2.9,eric bledsoe
Joe Johnson,2015,80.0,2791.0,14.1,0.523,20.3,-0.1,1.3,joe johnson
Kyrie Irving,2015,75.0,2730.0,21.5,0.583,26.2,4.1,4.2,kyrie irving
Monta Ellis,2015,80.0,2699.0,16.5,0.509,27.9,-0.1,1.3,monta ellis
Tyreke Evans,2015,79.0,2690.0,17.7,0.508,26.1,1.2,2.2,tyreke evans
Marc Gasol,2015,81.0,2687.0,21.7,0.558,24.6,5.1,4.8,marc gasol
Pau Gasol,2015,78.0,2681.0,22.7,0.55,24.7,3.5,3.7,pau gasol
Ben McLemore,2015,82.0,2670.0,10.4,0.552,17.2,-2.2,-0.2,ben mclemore
Ty Lawson,2015,75.0,2665.0,18.5,0.526,20.6,2.2,2.8,ty lawson
Goran Dragić,2015,78.0,2640.0,17.4,0.577,21.8,0.8,1.8,goran dragic
Gordon Hayward,2015,76.0,2618.0,20.2,0.567,26.2,4.0,4.0,gordon hayward
Stephen Curry,2015,80.0,2613.0,28.0,0.638,28.9,9.9,7.9,stephen curry
Kentavious Caldwell-Pope,2015,82.0,2587.0,11.2,0.501,19.5,-1.7,0.2,kentavious caldwell pope
Markieff Morris,2015,82.0,2581.0,15.8,0.523,23.3,-0.3,1.1,markieff morris
Victor Oladipo,2015,72.0,2573.0,15.9,0.527,25.2,-0.4,1.1,victor oladipo
Giannis Antetokounmpo,2015,81.0,2541.0,14.8,0.552,19.6,0.0,1.2,giannis antetokounmpo
Kevin Love,2015,75.0,2532.0,18.8,0.562,21.7,2.7,3.0,kevin love
Nikola Vučević,2015,74.0,2529.0,21.5,0.548,26.0,0.9,1.8,nikola vucevic
Jimmy Butler,2015,65.0,2513.0,21.3,0.583,21.6,4.6,4.2,jimmy butler
LaMarcus Aldridge,2015,71.0,2512.0,22.8,0.528,30.2,2.9,3.1,lamarcus aldridge
Andre Drummond,2015,82.0,2502.0,21.4,0.504,22.0,-0.1,1.2,andre drummond
Arron Afflalo,2015,78.0,2502.0,10.7,0.533,19.0,-2.5,-0.3,arron afflalo
LeBron James,2015,69.0,2493.0,25.9,0.577,32.3,7.1,5.7,lebron james
Draymond Green,2015,79.0,2490.0,16.4,0.54,17.2,3.5,3.5,draymond green
Elfrid Payton,2015,82.0,2489.0,13.8,0.456,18.3,-1.2,0.5,elfrid payton
Wilson Chandler,2015,78.0,2471.0,13.2,0.523,20.1,-0.6,0.9,wilson chandler
Klay Thompson,2015,77.0,2455.0,20.8,0.591,27.6,4.4,4.0,klay thompson
Anthony Davis,2015,68.0,2455.0,30.8,0.591,27.8,8.9,6.7,anthony davis
Jeff Green,2015,78.0,2454.0,14.4,0.534,21.9,-0.2,1.2,jeff green
Marcin Gortat,2015,82.0,2453.0,18.2,0.587,17.6,1.5,2.1,marcin gortat
Thaddeus Young,2015,76.0,2434.0,15.7,0.507,21.5,-0.1,1.1,thaddeus young
Avery Bradley,2015,77.0,2428.0,11.5,0.507,21.0,-2.2,-0.1,avery bradley
Luol Deng,2015,72.0,2421.0,15.5,0.561,19.5,0.0,1.2,luol deng
Kyle Korver,2015,75.0,2418.0,14.8,0.699,14.4,2.8,3.0,kyle korver
Kyle Lowry,2015,70.0,2414.0,19.3,0.527,25.4,3.0,3.1,kyle lowry
JJ Redick,2015,78.0,2409.0,16.2,0.622,21.0,1.3,2.0,jj redick
Rudy Gay,2015,68.0,2408.0,19.7,0.556,27.0,2.7,2.9,rudy gay
Paul Millsap,2015,73.0,2390.0,20.0,0.565,23.8,3.4,3.3,paul millsap
P.J. Tucker,2015,78.0,2383.0,12.5,0.541,13.9,0.4,1.4,p j tucker
Solomon Hill,2015,82.0,2381.0,10.2,0.507,15.9,-1.5,0.3,solomon hill
Nicolas Batum,2015,71.0,2380.0,13.1,0.516,14.6,2.1,2.4,nicolas batum
Khris Middleton,2015,79.0,2378.0,15.6,0.563,19.9,1.6,2.2,khris middleton
Tobias Harris,2015,68.0,2369.0,16.7,0.551,22.5,0.5,1.5,tobias harris
Mario Chalmers,2015,80.0,2368.0,11.7,0.521,18.9,-2.5,-0.3,mario chalmers
Blake Griffin,2015,67.0,2356.0,22.8,0.551,28.4,4.0,3.6,blake griffin
Courtney Lee,2015,77.0,2354.0,11.5,0.555,15.2,-0.5,0.9,courtney lee
Harrison Barnes,2015,82.0,2318.0,13.4,0.573,14.9,0.1,1.2,harrison barnes
Al Horford,2015,76.0,2318.0,21.4,0.563,22.2,4.1,3.6,al horford
Gerald Henderson,2015,80.0,2315.0,13.2,0.514,20.7,-1.4,0.4,gerald henderson
Danny Green,2015,81.0,2312.0,16.5,0.596,17.5,4.6,3.8,danny green
Nerlens Noel,2015,75.0,2311.0,15.0,0.493,17.0,-0.3,1.0,nerlens noel
Zach Randolph,2015,71.0,2304.0,19.5,0.538,24.3,1.3,1.9,zach randolph
Russell Westbrook,2015,67.0,2302.0,29.1,0.536,38.4,8.1,5.8,russell westbrook
Josh Smith,2015,83.0,2300.0,14.9,0.467,24.8,0.7,1.6,josh smith
Trey Burke,2015,76.0,2288.0,12.6,0.455,23.9,-1.4,0.3,trey burke
Tyson Chandler,2015,75.0,2286.0,20.1,0.697,12.8,2.6,2.7,tyson chandler
Dirk Nowitzki,2015,77.0,2282.0,19.2,0.56,24.9,2.2,2.4,dirk nowitzki
Derrick Favors,2015,74.0,2280.0,21.8,0.558,23.8,2.5,2.6,derrick favors
Matt Barnes,2015,76.0,2271.0,11.3,0.574,14.9,-0.3,1.0,matt barnes
Reggie Jackson,2015,77.0,2268.0,17.2,0.511,24.6,1.1,1.8,reggie jackson
Evan Turner,2015,82.0,2260.0,12.8,0.482,19.5,-1.0,0.6,evan turner
Wesley Johnson,2015,76.0,2245.0,11.1,0.509,16.4,-1.9,0.1,wesley johnson
Jarrett Jack,2015,80.0,2241.0,14.6,0.522,22.6,-1.1,0.5,jarrett jack
Jeff Teague,2015,73.0,2228.0,20.6,0.566,25.3,2.9,2.8,jeff teague
Tim Duncan,2015,77.0,2227.0,22.6,0.56,22.2,5.1,4.0,tim duncan
Mike Conley,2015,70.0,2225.0,18.6,0.558,23.7,2.8,2.7,mike conley
Dion Waiters,2015,80.0,2208.0,10.9,0.46,22.5,-3.3,-0.7,dion waiters
Tristan Thompson,2015,82.0,2194.0,15.6,0.58,14.0,-1.2,0.4,tristan thompson
Gorgui Dieng,2015,73.0,2193.0,17.2,0.573,15.0,0.2,1.2,gorgui dieng
DeMarre Carroll,2015,70.0,2189.0,15.9,0.603,16.9,1.7,2.0,demarre carroll
Chandler Parsons,2015,66.0,2186.0,16.3,0.567,20.6,1.6,2.0,chandler parsons
Rudy Gobert,2015,82.0,2158.0,21.6,0.627,14.0,4.2,3.4,rudy gobert
Patrick Patterson,2015,81.0,2156.0,14.6,0.568,13.1,2.5,2.4,patrick patterson
Michael Carter-Williams,2015,66.0,2149.0,14.1,0.461,26.7,-1.1,0.5,michael carter williams
Greg Monroe,2015,69.0,2137.0,21.2,0.549,23.9,2.0,2.1,greg monroe
Enes Freedom,2015,75.0,2135.0,20.3,0.564,24.7,-0.9,0.6,enes freedom
Kemba Walker,2015,62.0,2119.0,17.6,0.486,25.9,2.3,2.3,kemba walker
Serge Ibaka,2015,64.0,2116.0,16.6,0.549,18.9,0.9,1.6,serge ibaka
Deron Williams,2015,68.0,2114.0,15.7,0.504,22.3,0.2,1.2,deron williams
Bradley Beal,2015,63.0,2107.0,14.0,0.521,22.5,0.1,1.1,bradley beal
Brook Lopez,2015,72.0,2100.0,22.7,0.558,26.3,1.2,1.6,brook lopez
DeMar DeRozan,2015,60.0,2100.0,17.4,0.51,28.4,-0.9,0.6,demar derozan
Jonas Valančiūnas,2015,80.0,2096.0,20.6,0.623,19.1,0.5,1.3,jonas valanciunas
Terrence Ross,2015,82.0,2092.0,11.2,0.519,18.3,-1.4,0.3,terrence ross
Corey Brewer,2015,80.0,2087.0,13.9,0.507,21.6,-1.0,0.5,corey brewer
Kenneth Faried,2015,75.0,2086.0,18.4,0.548,20.3,-0.1,1.0,kenneth faried
J.R. Smith,2015,70.0,2080.0,13.6,0.538,19.3,0.7,1.5,j r smith
Andre Iguodala,2015,77.0,2069.0,12.3,0.553,13.3,0.9,1.5,andre iguodala
Joakim Noah,2015,67.0,2049.0,15.3,0.482,13.7,2.1,2.1,joakim noah
Marcus Morris,2015,81.0,2045.0,13.7,0.52,19.0,0.1,1.1,marcus morris
Timofey Mozgov,2015,81.0,2045.0,16.6,0.594,16.9,-0.7,0.7,timofey mozgov
Donatas Motiejūnas,2015,71.0,2037.0,14.4,0.553,19.1,-0.5,0.8,donatas motiejunas
Marvin Williams,2015,78.0,2035.0,11.8,0.541,13.3,0.0,1.0,marvin williams
Brandon Knight,2015,63.0,2035.0,17.1,0.543,25.9,1.6,1.9,brandon knight
Kawhi Leonard,2015,64.0,2033.0,22.0,0.567,23.0,5.9,4.1,kawhi leonard
Wesley Matthews,2015,60.0,2024.0,16.1,0.586,19.8,3.1,2.6,wesley matthews
Eric Gordon,2015,61.0,2018.0,12.7,0.544,19.8,-1.0,0.5,eric gordon
Rajon Rondo,2015,68.0,2018.0,13.5,0.448,19.5,-0.8,0.6,rajon rondo
Lou Williams,2015,80.0,2016.0,19.9,0.564,27.0,2.6,2.3,lou williams
DeMarcus Cousins,2015,59.0,2013.0,25.2,0.545,34.1,4.3,3.2,demarcus cousins
Al Jefferson,2015,65.0,1992.0,19.7,0.5,26.3,1.6,1.8,al jefferson
Greivis Vásquez,2015,82.0,1991.0,12.6,0.514,19.8,-1.0,0.5,greivis vasquez
Jason Thompson,2015,81.0,1991.0,10.2,0.5,12.7,-2.8,-0.4,jason thompson
Boris Diaw,2015,81.0,1984.0,12.7,0.526,18.3,-0.4,0.8,boris diaw
Ömer Aşık,2015,76.0,1982.0,15.5,0.545,14.0,-1.2,0.4,omer asık
Mo Williams,2015,68.0,1980.0,15.4,0.512,25.2,-0.8,0.6,mo williams
Amir Johnson,2015,75.0,1979.0,15.4,0.603,15.7,-0.1,0.9,amir johnson
Dwyane Wade,2015,62.0,1971.0,21.4,0.534,34.7,2.1,2.1,dwyane wade
D.J. Augustin,2015,82.0,1964.0,13.9,0.527,19.8,-1.2,0.4,d j augustin
Robert Covington,2015,70.0,1956.0,14.7,0.554,21.8,0.7,1.3,robert covington
Tony Parker,2015,68.0,1953.0,15.9,0.539,24.5,-1.3,0.3,tony parker
Brandon Bass,2015,82.0,1929.0,16.3,0.557,19.5,0.0,1.0,brandon bass
Roy Hibbert,2015,76.0,1926.0,15.4,0.501,21.3,-1.2,0.4,roy hibbert
Luc Mbah a Moute,2015,67.0,1916.0,10.6,0.466,18.3,-2.8,-0.4,luc mbah a moute
Paul Pierce,2015,73.0,1914.0,15.2,0.58,19.9,1.5,1.7,paul pierce
Jeremy Lin,2015,74.0,1907.0,15.6,0.539,21.9,-0.4,0.8,jeremy lin
Zach LaVine,2015,77.0,1902.0,11.3,0.515,22.0,-4.6,-1.3,zach lavine
David West,2015,66.0,1895.0,16.0,0.508,21.0,1.6,1.7,david west
Aaron Brooks,2015,82.0,1885.0,14.4,0.534,25.0,-0.8,0.5,aaron brooks
Rodney Stuckey,2015,71.0,1874.0,15.4,0.528,23.4,0.3,1.1,rodney stuckey
Jordan Hill,2015,70.0,1874.0,16.2,0.494,22.7,-2.2,-0.1,jordan hill
Channing Frye,2015,75.0,1870.0,9.5,0.546,14.1,-1.5,0.2,channing frye
Shane Larkin,2015,76.0,1865.0,10.9,0.504,13.6,-2.8,-0.4,shane larkin
Bojan Bogdanović,2015,78.0,1854.0,11.6,0.562,17.2,-1.7,0.1,bojan bogdanovic
C.J. Miles,2015,70.0,1841.0,14.1,0.525,23.9,0.9,1.3,c j miles
Ed Davis,2015,79.0,1840.0,20.0,0.594,14.8,1.5,1.6,ed davis
Mike Dunleavy,2015,63.0,1838.0,11.6,0.573,14.2,0.0,0.9,mike dunleavy
Norris Cole,2015,75.0,1831.0,10.9,0.483,17.5,-2.8,-0.4,norris cole
Danté Exum,2015,82.0,1817.0,5.7,0.457,13.8,-4.3,-1.1,dante exum
Marcus Smart,2015,67.0,1808.0,11.0,0.491,15.1,-0.5,0.7,marcus smart
Anthony Morrow,2015,74.0,1806.0,14.8,0.604,16.5,1.8,1.7,anthony morrow
Quincy Pondexter,2015,75.0,1793.0,9.9,0.55,13.8,-2.1,0.0,quincy pondexter
Jason Smith,2015,82.0,1785.0,12.0,0.497,19.7,-3.8,-0.8,jason smith
Hollis Thompson,2015,71.0,1776.0,10.9,0.538,15.9,-1.8,0.1,hollis thompson
Steven Adams,2015,70.0,1771.0,14.1,0.549,14.3,-1.3,0.3,steven adams
Alan Anderson,2015,74.0,1744.0,10.6,0.563,14.2,-1.5,0.2,alan anderson
Mason Plumlee,2015,82.0,1743.0,18.0,0.57,19.2,0.1,0.9,mason plumlee
Kyle Singler,2015,80.0,1743.0,8.5,0.512,13.2,-2.1,0.0,kyle singler
Tyler Zeller,2015,82.0,1731.0,18.9,0.594,19.6,0.9,1.3,tyler zeller
Zaza Pachulia,2015,73.0,1730.0,15.6,0.506,19.1,0.4,1.0,zaza pachulia
Patrick Beverley,2015,56.0,1727.0,11.3,0.509,16.1,0.1,0.9,patrick beverley
Isaiah Thomas,2015,67.0,1726.0,20.6,0.579,27.8,3.2,2.3,isaiah thomas
Jerryd Bayless,2015,77.0,1717.0,11.1,0.519,18.6,-2.1,0.0,jerryd bayless
Jared Dudley,2015,72.0,1717.0,12.3,0.572,13.5,0.6,1.1,jared dudley
Jamal Crawford,2015,64.0,1703.0,16.6,0.532,27.6,0.7,1.2,jamal crawford
O.J. Mayo,2015,71.0,1697.0,13.5,0.529,23.6,-0.6,0.6,o j mayo
Nenê,2015,67.0,1693.0,14.3,0.534,21.8,-0.8,0.5,nene
Carlos Boozer,2015,71.0,1692.0,16.4,0.517,23.7,-1.7,0.1,carlos boozer
Taj Gibson,2015,62.0,1692.0,16.1,0.545,17.6,-0.4,0.7,taj gibson
Devin Harris,2015,76.0,1685.0,14.8,0.559,18.0,1.4,1.4,devin harris
Tim Hardaway Jr.,2015,70.0,1681.0,12.1,0.512,23.8,-2.8,-0.3,tim hardaway
Wayne Ellington,2015,65.0,1675.0,11.6,0.504,18.5,-2.3,-0.1,wayne ellington
Ryan Anderson,2015,61.0,1675.0,15.6,0.524,23.4,-0.3,0.7,ryan anderson
Joe Ingles,2015,79.0,1673.0,9.6,0.533,12.9,-1.2,0.3,joe ingles
Evan Fournier,2015,58.0,1661.0,12.4,0.546,19.7,-1.8,0.1,evan fournier
Luis Scola,2015,81.0,1659.0,16.8,0.515,22.8,-0.3,0.7,luis scola
Nikola Mirotić,2015,82.0,1654.0,17.9,0.556,22.8,2.3,1.8,nikola mirotic
Dante Cunningham,2015,66.0,1652.0,8.9,0.473,10.9,-2.5,-0.2,dante cunningham
Tony Allen,2015,63.0,1648.0,14.6,0.528,16.6,1.6,1.5,tony allen
Jae Crowder,2015,82.0,1647.0,13.9,0.517,17.5,0.5,1.0,jae crowder
Jason Terry,2015,77.0,1641.0,11.4,0.579,14.3,0.5,1.0,jason terry
Robin Lopez,2015,59.0,1638.0,16.2,0.574,15.5,0.1,0.9,robin lopez
Caron Butler,2015,78.0,1623.0,9.3,0.544,12.9,-1.7,0.1,caron butler
Kirk Hinrich,2015,66.0,1610.0,6.8,0.468,13.3,-3.8,-0.7,kirk hinrich
Manu Ginóbili,2015,70.0,1587.0,16.2,0.544,23.9,1.7,1.5,manu ginobili
Michael Kidd-Gilchrist,2015,55.0,1587.0,15.1,0.519,18.4,-0.5,0.6,michael kidd gilchrist
Andrew Bogut,2015,67.0,1583.0,15.8,0.565,13.2,2.4,1.8,andrew bogut
Lance Stephenson,2015,61.0,1573.0,8.8,0.419,21.1,-4.5,-1.0,lance stephenson
Jared Sullinger,2015,58.0,1566.0,17.9,0.503,23.6,1.1,1.2,jared sullinger
Darren Collison,2015,45.0,1565.0,17.5,0.575,20.9,2.1,1.6,darren collison
Trevor Booker,2015,79.0,1564.0,15.3,0.536,18.1,-0.2,0.7,trevor booker
Austin Rivers,2015,76.0,1563.0,10.3,0.481,17.9,-2.8,-0.3,austin rivers
Chris Bosh,2015,44.0,1556.0,19.8,0.548,28.4,1.3,1.3,chris bosh
Iman Shumpert,2015,62.0,1545.0,11.4,0.497,17.4,-0.9,0.4,iman shumpert
Derrick Rose,2015,51.0,1530.0,15.9,0.493,31.7,-0.6,0.6,derrick rose
Steve Blake,2015,81.0,1529.0,9.5,0.507,13.2,-1.8,0.1,steve blake
Alex Len,2015,69.0,1518.0,13.5,0.542,13.7,-1.8,0.1,alex len
Dennis Schröder,2015,77.0,1516.0,15.7,0.516,27.0,-1.3,0.2,dennis schroder
Rasual Butler,2015,75.0,1505.0,11.4,0.531,17.9,-0.8,0.4,rasual butler
Beno Udrih,2015,79.0,1494.0,15.4,0.55,19.6,0.5,0.9,beno udrih
Lance Thomas,2015,62.0,1490.0,8.0,0.456,17.0,-5.6,-1.3,lance thomas
Cody Zeller,2015,62.0,1487.0,14.1,0.53,15.6,-0.6,0.5,cody zeller
Jordan Clarkson,2015,59.0,1476.0,16.9,0.528,23.0,0.2,0.8,jordan clarkson
Shaun Livingston,2015,78.0,1468.0,12.9,0.529,15.9,-0.8,0.4,shaun livingston
Derrick Williams,2015,74.0,1462.0,12.8,0.54,18.9,-2.0,0.0,derrick williams
Jodie Meeks,2015,60.0,1462.0,14.1,0.548,20.1,-0.5,0.5,jodie meeks
Langston Galloway,2015,45.0,1457.0,12.3,0.489,19.2,-2.3,-0.1,langston galloway
Brandan Wright,2015,75.0,1449.0,20.4,0.66,13.6,3.7,2.1,brandan wright
Gerald Green,2015,74.0,1446.0,15.4,0.532,28.4,-0.3,0.6,gerald green
Cory Joseph,2015,79.0,1444.0,15.5,0.564,17.0,1.4,1.2,cory joseph
Ray McCallum,2015,68.0,1436.0,12.5,0.496,18.2,-2.0,0.0,ray mccallum
Otto Porter Jr.,2015,74.0,1432.0,11.6,0.523,15.1,-0.5,0.6,otto porter
Anthony Tolliver,2015,76.0,1432.0,11.1,0.569,14.7,-1.4,0.2,anthony tolliver
Carmelo Anthony,2015,40.0,1428.0,21.5,0.531,32.2,3.0,1.8,carmelo anthony
Danilo Gallinari,2015,59.0,1426.0,16.8,0.563,21.5,2.4,1.6,danilo gallinari
Kelly Olynyk,2015,64.0,1423.0,15.9,0.558,21.1,0.4,0.8,kelly olynyk
C.J. Watson,2015,57.0,1422.0,15.4,0.581,18.8,1.3,1.2,c j watson
Omri Casspi,2015,67.0,1416.0,14.4,0.58,18.7,-0.8,0.4,omri casspi
Tony Snell,2015,72.0,1412.0,10.2,0.55,14.1,-1.4,0.2,tony snell
J.J. Hickson,2015,73.0,1411.0,14.3,0.504,19.7,-2.7,-0.2,j j hickson
Jameer Nelson,2015,63.0,1407.0,12.1,0.503,19.5,-1.0,0.4,jameer nelson
Henry Sims,2015,73.0,1399.0,14.5,0.521,20.6,-2.8,-0.3,henry sims
Chris Kaman,2015,74.0,1398.0,17.3,0.537,22.5,-0.8,0.4,chris kaman
Tayshaun Prince,2015,58.0,1397.0,12.0,0.504,15.0,-0.6,0.5,tayshaun prince
Marco Belinelli,2015,62.0,1388.0,12.4,0.553,18.8,-1.0,0.4,marco belinelli
Matthew Dellavedova,2015,67.0,1380.0,8.5,0.493,12.6,-2.8,-0.3,matthew dellavedova
Jerami Grant,2015,65.0,1377.0,8.7,0.47,16.5,-3.3,-0.5,jerami grant
James Johnson,2015,70.0,1370.0,17.9,0.617,17.4,2.4,1.5,james johnson
Al-Farouq Aminu,2015,74.0,1366.0,14.4,0.504,15.2,0.7,1.0,al farouq aminu
J.J. Barea,2015,77.0,1362.0,15.1,0.502,21.2,-0.3,0.6,j j barea
K.J. McDaniels,2015,62.0,1352.0,10.6,0.494,19.3,-2.8,-0.3,k j mcdaniels
Kosta Koufos,2015,81.0,1348.0,14.2,0.53,15.8,-1.2,0.2,kosta koufos
Kris Humphries,2015,64.0,1345.0,15.4,0.512,18.3,-1.0,0.3,kris humphries
Brian Roberts,2015,72.0,1330.0,11.7,0.495,18.6,-1.7,0.1,brian roberts
Kent Bazemore,2015,75.0,1324.0,9.7,0.52,15.5,-2.1,0.0,kent bazemore
Ersan İlyasova,2015,58.0,1319.0,16.8,0.554,22.1,1.1,1.0,ersan ilyasova
Jrue Holiday,2015,40.0,1303.0,18.8,0.522,23.1,2.8,1.6,jrue holiday
Kevin Martin,2015,39.0,1302.0,16.7,0.549,26.6,-0.7,0.4,kevin martin
Quincy Acy,2015,68.0,1287.0,11.9,0.533,15.5,-3.1,-0.3,quincy acy
Chase Budinger,2015,67.0,1286.0,12.2,0.537,16.3,-1.8,0.0,chase budinger
Andre Roberson,2015,67.0,1286.0,9.1,0.513,9.0,-0.7,0.4,andre roberson
Spencer Hawes,2015,73.0,1274.0,9.8,0.478,17.9,-2.3,-0.1,spencer hawes
José Calderón,2015,42.0,1270.0,11.3,0.519,16.1,-3.0,-0.3,jose calderon
George Hill,2015,43.0,1267.0,21.5,0.579,23.8,5.3,2.3,george hill
Andre Miller,2015,81.0,1253.0,13.3,0.548,15.3,-2.1,0.0,andre miller
Amar'e Stoudemire,2015,59.0,1245.0,20.3,0.595,23.8,0.1,0.7,amar e stoudemire
Richard Jefferson,2015,74.0,1244.0,11.3,0.577,15.3,-0.8,0.4,richard jefferson
Bismack Biyombo,2015,64.0,1243.0,15.2,0.578,11.6,-1.1,0.3,bismack biyombo
Kevin Séraphin,2015,79.0,1235.0,12.5,0.535,21.5,-3.8,-0.6,kevin seraphin
Ryan Kelly,2015,52.0,1233.0,8.6,0.473,14.0,-3.3,-0.4,ryan kelly
Jonas Jerebko,2015,75.0,1230.0,15.0,0.549,16.2,0.9,0.9,jonas jerebko
John Henson,2015,67.0,1228.0,18.0,0.578,18.1,0.7,0.8,john henson
Dwight Howard,2015,41.0,1223.0,19.2,0.596,23.3,-0.4,0.5,dwight howard
Marreese Speights,2015,76.0,1207.0,19.5,0.546,29.1,-1.9,0.0,marreese speights
Kobe Bryant,2015,35.0,1207.0,17.6,0.477,34.9,0.3,0.7,kobe bryant
Pablo Prigioni,2015,67.0,1197.0,12.2,0.557,11.6,0.0,0.6,pablo prigioni
Tarik Black,2015,63.0,1196.0,14.7,0.583,13.8,-2.1,0.0,tarik black
Miles Plumlee,2015,73.0,1194.0,13.4,0.536,12.0,-0.6,0.4,miles plumlee
Gary Neal,2015,54.0,1193.0,11.1,0.483,23.8,-3.4,-0.5,gary neal
Carl Landry,2015,70.0,1192.0,14.9,0.578,18.1,-2.3,-0.1,carl landry
Ramon Sessions,2015,64.0,1188.0,11.1,0.49,18.7,-2.7,-0.2,ramon sessions
Brandon Jennings,2015,41.0,1173.0,19.7,0.522,26.3,3.3,1.6,brandon jennings
Kendrick Perkins,2015,68.0,1148.0,7.0,0.467,13.6,-5.4,-1.0,kendrick perkins
Ian Mahinmi,2015,61.0,1146.0,10.8,0.516,12.5,-2.5,-0.1,ian mahinmi
Hassan Whiteside,2015,48.0,1142.0,26.2,0.619,21.1,4.1,1.8,hassan whiteside
Robert Sacre,2015,67.0,1133.0,10.9,0.449,14.8,-3.5,-0.4,robert sacre
Chris Andersen,2015,60.0,1132.0,16.1,0.622,12.3,1.1,0.9,chris andersen
JaKarr Sampson,2015,74.0,1131.0,9.4,0.498,17.9,-4.2,-0.6,jakarr sampson
Nik Stauskas,2015,73.0,1127.0,7.5,0.492,14.2,-3.3,-0.4,nik stauskas
Mike Scott,2015,68.0,1123.0,15.1,0.543,21.4,-0.5,0.4,mike scott
Aron Baynes,2015,70.0,1122.0,15.9,0.618,17.8,-1.8,0.1,aron baynes
Donald Sloan,2015,53.0,1107.0,13.1,0.503,18.6,-0.1,0.5,donald sloan
Jusuf Nurkić,2015,62.0,1103.0,14.8,0.483,20.7,-2.8,-0.2,jusuf nurkic
Nick Collison,2015,66.0,1101.0,11.2,0.485,12.8,-1.0,0.3,nick collison
Shawn Marion,2015,57.0,1101.0,11.0,0.489,12.9,-1.0,0.3,shawn marion
Vince Carter,2015,66.0,1091.0,9.6,0.445,19.9,-1.7,0.1,vince carter
Randy Foye,2015,50.0,1087.0,11.0,0.51,19.3,-1.2,0.2,randy foye
Shawne Williams,2015,63.0,1087.0,10.5,0.537,14.9,-2.0,0.0,shawne williams
Lavoy Allen,2015,63.0,1070.0,14.9,0.493,15.2,0.0,0.6,lavoy allen
Rodney Hood,2015,50.0,1064.0,12.3,0.529,19.6,-0.7,0.3,rodney hood
Tyler Hansbrough,2015,74.0,1058.0,13.3,0.597,10.5,-1.3,0.2,tyler hansbrough
James Ennis III,2015,62.0,1051.0,11.5,0.541,14.6,-1.5,0.1,james ennis
Damjan Rudež,2015,68.0,1047.0,8.2,0.591,13.8,-2.3,-0.1,damjan rudez
Pero Antić,2015,63.0,1037.0,9.5,0.508,17.6,-4.1,-0.6,pero antic
Tiago Splitter,2015,52.0,1030.0,18.9,0.601,18.4,2.3,1.1,tiago splitter
Shabazz Napier,2015,51.0,1012.0,9.3,0.517,15.5,-3.2,-0.3,shabazz napier
Nick Young,2015,42.0,1000.0,14.2,0.52,26.0,-1.3,0.2,nick young
Udonis Haslem,2015,62.0,995.0,10.6,0.488,14.6,-3.7,-0.4,udonis haslem
Darrell Arthur,2015,58.0,988.0,11.5,0.466,20.0,-1.7,0.1,darrell arthur
Will Barton,2015,58.0,983.0,13.6,0.503,20.2,-0.2,0.4,will barton
Leandro Barbosa,2015,66.0,982.0,15.3,0.558,20.5,0.3,0.6,leandro barbosa
Ronnie Price,2015,43.0,982.0,10.2,0.455,13.4,-2.6,-0.1,ronnie price
Cole Aldrich,2015,61.0,976.0,18.1,0.513,18.3,0.3,0.6,cole aldrich
Thabo Sefolosha,2015,52.0,976.0,13.8,0.506,14.6,1.0,0.8,thabo sefolosha
CJ McCollum,2015,62.0,973.0,13.1,0.534,20.5,-0.6,0.4,cj mccollum
Alexis Ajinça,2015,68.0,957.0,19.9,0.595,21.1,-0.3,0.4,alexis ajinca
Kevin Garnett,2015,47.0,952.0,15.2,0.496,17.8,0.7,0.7,kevin garnett
Willie Green,2015,52.0,951.0,7.9,0.477,17.6,-4.2,-0.5,willie green
Isaiah Canaan,2015,47.0,938.0,12.4,0.534,21.6,-0.8,0.3,isaiah canaan
Lou Amundson,2015,53.0,937.0,11.8,0.442,17.4,-4.3,-0.5,lou amundson
Matt Bonner,2015,72.0,935.0,10.1,0.536,12.5,-0.7,0.3,matt bonner
Elijah Millsap,2015,47.0,924.0,7.9,0.45,17.0,-3.1,-0.3,elijah millsap
Kevin Durant,2015,27.0,913.0,27.6,0.633,29.1,10.0,2.8,kevin durant
Glen Davis,2015,74.0,904.0,10.8,0.495,16.7,-3.1,-0.3,glen davis
David Lee,2015,49.0,904.0,17.8,0.541,19.6,0.9,0.7,david lee
Alec Burks,2015,27.0,899.0,13.0,0.524,20.8,-1.7,0.1,alec burks
Tony Wroten,2015,30.0,895.0,14.9,0.494,30.5,-1.2,0.2,tony wroten
Anthony Bennett,2015,57.0,894.0,11.4,0.458,17.8,-3.9,-0.4,anthony bennett
Mirza Teletović,2015,40.0,892.0,10.7,0.5,20.1,-1.7,0.1,mirza teletovic
Terrence Jones,2015,33.0,889.0,18.3,0.567,18.4,1.2,0.7,terrence jones
Jason Maxiell,2015,61.0,878.0,10.4,0.455,13.1,-3.2,-0.3,jason maxiell
Shabazz Muhammad,2015,38.0,866.0,19.9,0.556,25.3,0.7,0.6,shabazz muhammad
Drew Gooden,2015,51.0,864.0,11.9,0.469,17.0,-1.4,0.1,drew gooden
Joey Dorsey,2015,69.0,854.0,11.1,0.507,11.3,-3.1,-0.2,joey dorsey
Meyers Leonard,2015,55.0,847.0,14.8,0.631,15.8,0.6,0.6,meyers leonard
Dewayne Dedmon,2015,59.0,845.0,13.3,0.568,13.0,-3.5,-0.3,dewayne dedmon
Nick Calathes,2015,58.0,838.0,12.3,0.455,17.9,0.0,0.4,nick calathes
Shelvin Mack,2015,55.0,833.0,13.2,0.489,19.5,-1.7,0.1,shelvin mack
Ish Smith,2015,55.0,832.0,12.3,0.431,24.6,-2.5,-0.1,ish smith
Luke Babbitt,2015,63.0,830.0,11.1,0.639,12.4,-0.4,0.3,luke babbitt
Chris Copeland,2015,50.0,828.0,7.4,0.468,21.3,-3.7,-0.4,chris copeland
Jon Leuer,2015,63.0,824.0,11.9,0.478,18.6,-2.8,-0.1,jon leuer
Kyle O'Quinn,2015,51.0,824.0,14.8,0.55,17.7,-0.3,0.4,kyle o quinn
Nikola Peković,2015,31.0,815.0,16.6,0.502,23.1,-2.0,0.0,nikola pekovic
Patty Mills,2015,51.0,801.0,13.0,0.496,22.1,-0.3,0.4,patty mills
Thomas Robinson,2015,54.0,798.0,15.3,0.502,20.2,-2.0,0.0,thomas robinson
Aaron Gordon,2015,47.0,797.0,11.4,0.517,15.5,-2.7,-0.2,aaron gordon
Kostas Papanikolaou,2015,43.0,795.0,7.8,0.444,14.2,-2.0,0.0,kostas papanikolaou
Ben Gordon,2015,56.0,790.0,10.6,0.538,21.8,-4.2,-0.4,ben gordon
Andrea Bargnani,2015,29.0,785.0,16.6,0.527,26.4,-1.1,0.2,andrea bargnani
Markel Brown,2015,47.0,781.0,9.1,0.459,15.3,-2.6,-0.1,markel brown
Alexey Shved,2015,42.0,767.0,19.5,0.541,26.3,2.9,0.9,alexey shved
Reggie Evans,2015,47.0,764.0,11.7,0.49,13.0,-2.4,-0.1,reggie evans
Robbie Hummel,2015,45.0,742.0,9.7,0.536,12.1,-4.1,-0.4,robbie hummel
Adreian Payne,2015,32.0,739.0,7.7,0.443,17.0,-6.9,-0.9,adreian payne
Jabari Parker,2015,25.0,738.0,14.5,0.527,20.7,-0.5,0.3,jabari parker
Garrett Temple,2015,52.0,735.0,10.9,0.534,13.9,0.6,0.5,garrett temple
Marcus Thornton,2015,48.0,721.0,15.0,0.514,24.1,1.2,0.6,marcus thornton
Gary Harris,2015,55.0,719.0,4.9,0.395,16.6,-5.3,-0.6,gary harris
Justin Hamilton,2015,41.0,712.0,14.6,0.551,14.2,-0.8,0.2,justin hamilton
Hedo Türkoğlu,2015,62.0,705.0,10.5,0.602,14.2,-0.2,0.3,hedo turkoglu
Mike Miller,2015,52.0,701.0,4.6,0.471,8.9,-3.4,-0.2,mike miller
Ricky Rubio,2015,22.0,692.0,15.2,0.452,20.0,-0.1,0.3,ricky rubio
P.J. Hairston,2015,45.0,687.0,8.9,0.446,20.4,-2.9,-0.1,p j hairston
Allen Crabbe,2015,51.0,683.0,8.7,0.525,11.5,-0.8,0.2,allen crabbe
Luke Ridnour,2015,47.0,683.0,10.0,0.507,14.8,-3.3,-0.2,luke ridnour
Charlie Villanueva,2015,64.0,678.0,17.4,0.534,26.7,1.5,0.6,charlie villanueva
Maurice Harkless,2015,45.0,674.0,8.4,0.449,13.7,-3.6,-0.3,maurice harkless
Travis Wear,2015,51.0,672.0,8.5,0.451,17.5,-5.5,-0.6,travis wear
James Jones,2015,57.0,669.0,11.1,0.565,15.8,-0.7,0.2,james jones
Alonzo Gee,2015,54.0,662.0,13.0,0.548,16.7,-0.6,0.2,alonzo gee
Justin Holiday,2015,59.0,657.0,12.1,0.498,18.8,-1.4,0.1,justin holiday
Cleanthony Early,2015,39.0,647.0,8.4,0.447,19.6,-5.2,-0.5,cleanthony early
Anderson Varejão,2015,26.0,636.0,17.7,0.58,18.1,0.6,0.4,anderson varejao
Jeremy Lamb,2015,47.0,633.0,14.9,0.538,20.5,1.6,0.6,jeremy lamb
Perry Jones,2015,43.0,631.0,6.9,0.459,15.3,-4.4,-0.4,perry jones
Henry Walker,2015,24.0,628.0,8.0,0.497,15.0,-2.0,0.0,henry walker
Joel Freeland,2015,48.0,617.0,12.2,0.522,13.4,-2.6,-0.1,joel freeland
T.J. Warren,2015,40.0,614.0,14.0,0.551,17.8,-0.9,0.2,t j warren
Danny Granger,2015,30.0,613.0,8.6,0.527,15.5,-3.9,-0.3,danny granger
Tyler Johnson,2015,32.0,603.0,12.0,0.506,17.0,-0.9,0.2,tyler johnson
Phil Pressey,2015,50.0,600.0,11.8,0.453,17.3,-1.2,0.1,phil pressey
Dorell Wright,2015,48.0,592.0,13.4,0.525,17.1,1.8,0.6,dorell wright
Nate Robinson,2015,42.0,591.0,10.6,0.432,22.5,-3.0,-0.1,nate robinson
Larry Sanders,2015,27.0,586.0,15.2,0.507,17.0,-1.0,0.2,larry sanders
Jabari Brown,2015,19.0,568.0,11.0,0.547,18.8,-4.3,-0.3,jabari brown
Sergey Karasev,2015,33.0,555.0,10.5,0.508,14.4,-1.7,0.0,sergey karasev
Lorenzo Brown,2015,29.0,549.0,11.0,0.468,12.9,-2.5,-0.1,lorenzo brown
Samuel Dalembert,2015,32.0,544.0,11.8,0.461,15.0,-3.1,-0.1,samuel dalembert
Furkan Aldemir,2015,41.0,540.0,12.0,0.517,8.6,-3.6,-0.2,furkan aldemir
Archie Goodwin,2015,41.0,535.0,11.2,0.486,23.4,-3.4,-0.2,archie goodwin
Cory Jefferson,2015,50.0,531.0,13.2,0.48,18.1,-3.0,-0.1,cory jefferson
Jordan Farmar,2015,36.0,529.0,9.9,0.513,16.6,-1.4,0.1,jordan farmar
Chris Johnson,2015,29.0,526.0,10.2,0.515,15.0,-1.7,0.0,chris johnson
Jimmer Fredette,2015,50.0,509.0,9.8,0.479,19.6,-4.7,-0.4,jimmer fredette
Michael Beasley,2015,24.0,505.0,10.6,0.474,24.2,-4.5,-0.3,michael beasley
E'Twaun Moore,2015,56.0,504.0,10.3,0.504,14.4,-1.5,0.1,e twaun moore
Festus Ezeli,2015,46.0,504.0,16.2,0.58,17.7,-1.8,0.0,festus ezeli
Mike Muscala,2015,40.0,502.0,18.0,0.608,16.7,0.1,0.3,mike muscala
Joe Harris,2015,51.0,493.0,5.6,0.537,14.1,-5.6,-0.4,joe harris
Andrew Nicholson,2015,40.0,492.0,10.3,0.483,20.8,-4.9,-0.4,andrew nicholson
Elton Brand,2015,36.0,486.0,9.4,0.457,11.6,-3.0,-0.1,elton brand
Mitch McGary,2015,32.0,485.0,16.6,0.55,19.0,-1.9,0.0,mitch mcgary
Spencer Dinwiddie,2015,34.0,455.0,10.2,0.394,21.1,-2.8,-0.1,spencer dinwiddie
Ryan Hollins,2015,46.0,441.0,13.1,0.648,13.1,-2.3,0.0,ryan hollins
Jeff Taylor,2015,29.0,430.0,8.2,0.481,16.0,-4.9,-0.3,jeff taylor
Brandon Davies,2015,27.0,423.0,10.5,0.463,18.9,-4.5,-0.3,brandon davies
Kendall Marshall,2015,28.0,417.0,12.4,0.562,15.1,-0.8,0.1,kendall marshall
Jason Richardson,2015,19.0,416.0,11.7,0.458,21.3,-1.3,0.1,jason richardson
Tyler Ennis,2015,33.0,411.0,7.3,0.411,20.6,-4.3,-0.2,tyler ennis
Erick Green,2015,43.0,410.0,8.9,0.436,19.1,-4.3,-0.2,erick green
Joel Anthony,2015,49.0,406.0,14.7,0.607,9.1,0.2,0.2,joel anthony
Troy Daniels,2015,47.0,397.0,9.6,0.515,21.3,-3.2,-0.1,troy daniels
Jeff Ayres,2015,51.0,383.0,14.4,0.618,16.3,-2.2,0.0,jeff ayres
Jerome Jordan,2015,44.0,383.0,16.8,0.609,16.1,-1.2,0.1,jerome jordan
Johnny O'Bryant,2015,34.0,368.0,3.8,0.379,19.2,-9.5,-0.7,johnny o bryant
Greg Smith,2015,42.0,363.0,10.2,0.605,9.5,-2.6,-0.1,greg smith
Kyle Anderson,2015,33.0,358.0,8.2,0.389,13.4,-1.4,0.1,kyle anderson
Martell Webster,2015,32.0,352.0,5.9,0.445,18.2,-5.6,-0.3,martell webster
Austin Daye,2015,34.0,344.0,8.2,0.449,22.1,-4.2,-0.2,austin daye
Reggie Bullock,2015,36.0,338.0,6.2,0.466,10.9,-3.2,-0.1,reggie bullock
James Young,2015,31.0,332.0,8.5,0.457,15.8,-3.4,-0.1,james young
Sebastian Telfair,2015,16.0,327.0,11.4,0.479,20.8,-1.4,0.1,sebastian telfair
A.J. Price,2015,26.0,324.0,12.0,0.451,22.5,-1.4,0.0,a j price
Doug McDermott,2015,36.0,321.0,6.1,0.48,18.3,-6.0,-0.3,doug mcdermott
Darius Morris,2015,38.0,299.0,6.7,0.377,20.0,-6.4,-0.3,darius morris
John Jenkins,2015,24.0,297.0,15.9,0.629,17.8,0.3,0.2,john jenkins
Josh McRoberts,2015,17.0,296.0,10.2,0.613,12.8,-2.8,-0.1,josh mcroberts
Gerald Wallace,2015,32.0,286.0,6.2,0.431,9.0,-3.1,-0.1,gerald wallace
Raymond Felton,2015,29.0,281.0,12.4,0.48,20.7,-1.4,0.0,raymond felton
John Lucas III,2015,21.0,272.0,13.0,0.461,19.9,-2.2,0.0,john lucas
Brandon Rush,2015,33.0,271.0,0.8,0.255,11.2,-7.3,-0.4,brandon rush
John Salmons,2015,21.0,270.0,5.1,0.422,9.3,-3.3,-0.1,john salmons
Joffrey Lauvergne,2015,24.0,268.0,10.5,0.459,19.9,-5.6,-0.2,joffrey lauvergne
Jeremy Evans,2015,38.0,266.0,20.5,0.636,13.1,4.2,0.4,jeremy evans
Nick Johnson,2015,28.0,262.0,4.8,0.43,17.4,-6.5,-0.3,nick johnson
Glenn Robinson III,2015,35.0,261.0,8.5,0.471,14.9,-5.4,-0.2,glenn robinson
Jeff Withey,2015,37.0,259.0,17.6,0.57,17.3,-0.5,0.1,jeff withey
Noah Vonleh,2015,25.0,259.0,13.2,0.475,17.3,-3.1,-0.1,noah vonleh
JaVale McGee,2015,23.0,256.0,14.4,0.567,18.9,-2.8,-0.1,javale mcgee
Chuck Hayes,2015,29.0,255.0,10.4,0.492,10.4,-1.0,0.1,chuck hayes
Jordan Adams,2015,30.0,248.0,12.8,0.489,20.4,1.4,0.2,jordan adams
Nate Wolters,2015,21.0,247.0,4.6,0.352,13.3,-5.8,-0.2,nate wolters
Ricky Ledo,2015,17.0,244.0,6.3,0.426,24.8,-8.1,-0.4,ricky ledo
Tim Frazier,2015,11.0,239.0,8.1,0.406,17.5,-5.2,-0.2,tim frazier
Dwight Powell,2015,29.0,236.0,13.8,0.552,17.5,-1.0,0.1,dwight powell
Larry Drew II,2015,12.0,219.0,4.5,0.388,16.8,-9.9,-0.4,larry drew
Landry Fields,2015,26.0,216.0,10.8,0.527,10.8,-0.1,0.1,landry fields
Jeff Adrien,2015,17.0,215.0,14.2,0.494,14.3,-2.4,0.0,jeff adrien
Gigi Datome,2015,21.0,209.0,15.1,0.587,20.7,1.2,0.2,gigi datome
Devyn Marble,2015,16.0,208.0,5.9,0.362,13.1,-4.8,-0.1,devyn marble
Francisco García,2015,14.0,200.0,3.6,0.347,16.2,-4.2,-0.1,francisco garcia
Cartier Martin,2015,23.0,198.0,1.6,0.34,13.0,-7.2,-0.3,cartier martin
Steve Novak,2015,35.0,197.0,8.6,0.554,14.1,-1.9,0.0,steve novak
Malcolm Thomas,2015,17.0,194.0,8.2,0.492,13.2,-7.0,-0.2,malcolm thomas
Ian Clark,2015,30.0,192.0,8.8,0.483,16.0,-3.0,0.0,ian clark
DeJuan Blair,2015,29.0,180.0,7.7,0.469,18.3,-8.4,-0.3,dejuan blair
Toney Douglas,2015,12.0,177.0,11.2,0.45,17.2,-1.7,0.0,toney douglas
Jorge Gutiérrez,2015,20.0,175.0,11.0,0.567,15.2,-3.5,-0.1,jorge gutierrez
JaMychal Green,2015,24.0,164.0,14.9,0.603,18.3,-1.3,0.0,jamychal green
Bryce Cotton,2015,15.0,159.0,14.5,0.52,25.6,-2.2,0.0,bryce cotton
Bernard James,2015,16.0,158.0,16.0,0.593,12.2,0.8,0.1,bernard james
Earl Barron,2015,16.0,143.0,5.0,0.361,15.1,-7.4,-0.2,earl barron
James Michael McAdoo,2015,15.0,137.0,17.7,0.564,19.4,-2.3,0.0,james michael mcadoo
Ekpe Udoh,2015,33.0,128.0,11.6,0.519,12.3,-1.2,0.0,ekpe udoh
Nazr Mohammed,2015,23.0,128.0,8.7,0.431,13.4,-4.5,-0.1,nazr mohammed
Jarnell Stokes,2015,19.0,126.0,18.6,0.578,20.5,-1.1,0.0,jarnell stokes
Shavlik Randolph,2015,21.0,126.0,7.2,0.298,15.1,-5.7,-0.1,shavlik randolph
Dahntay Jones,2015,33.0,123.0,1.9,0.406,9.8,-8.3,-0.2,dahntay jones
Dwight Buycks,2015,6.0,123.0,13.1,0.586,20.4,-2.6,0.0,dwight buycks
Jordan Hamilton,2015,14.0,122.0,8.3,0.543,14.4,-2.4,0.0,jordan hamilton
Brendan Haywood,2015,22.0,119.0,9.1,0.49,17.3,-6.3,-0.1,brendan haywood
Elliot Williams,2015,13.0,119.0,8.7,0.477,16.4,-2.8,0.0,elliot williams
Quincy Miller,2015,10.0,119.0,7.4,0.338,17.8,-3.8,-0.1,quincy miller
Shayne Whittington,2015,20.0,108.0,20.0,0.547,23.9,0.4,0.1,shayne whittington
Reggie Williams,2015,20.0,105.0,10.5,0.454,18.5,-3.0,0.0,reggie williams
Kenyon Martin,2015,11.0,104.0,10.0,0.437,11.2,-2.2,0.0,kenyon martin
Chris Douglas-Roberts,2015,12.0,103.0,3.3,0.387,10.7,-6.8,-0.1,chris douglas roberts
C.J. Wilcox,2015,21.0,101.0,8.5,0.527,21.8,-4.9,-0.1,c j wilcox
Earl Clark,2015,10.0,93.0,6.7,0.425,18.5,-6.5,-0.1,earl clark
Paul George,2015,6.0,91.0,13.0,0.492,32.8,-2.2,0.0,paul george
Clint Capela,2015,12.0,90.0,12.1,0.409,21.3,-5.4,-0.1,clint capela
Jared Cunningham,2015,19.0,89.0,7.3,0.452,23.2,-8.1,-0.1,jared cunningham
Shannon Brown,2015,5.0,89.0,4.4,0.482,13.1,-6.8,-0.1,shannon brown
Jack Cooley,2015,16.0,87.0,11.4,0.432,18.0,-5.7,-0.1,jack cooley
Xavier Henry,2015,9.0,86.0,4.9,0.424,13.7,-7.2,-0.1,xavier henry
Victor Claver,2015,10.0,76.0,9.2,0.6,14.1,-3.2,0.0,victor claver
Zoran Dragić,2015,16.0,75.0,8.2,0.435,22.9,-7.7,-0.1,zoran dragic
Vander Blue,2015,2.0,74.0,4.0,0.342,23.0,-9.8,-0.1,vander blue
Jannero Pargo,2015,9.0,73.0,14.9,0.571,24.3,1.8,0.1,jannero pargo
Ognjen Kuzmić,2015,16.0,72.0,12.9,0.727,11.3,-1.4,0.0,ognjen kuzmic
Sean Kilpatrick,2015,4.0,72.0,10.0,0.506,14.6,-2.2,0.0,sean kilpatrick
Drew Gordon,2015,9.0,71.0,3.7,0.428,17.1,-9.5,-0.1,drew gordon
Will Cherry,2015,8.0,69.0,5.8,0.347,16.8,-6.0,-0.1,will cherry
Arinze Onuaku,2015,6.0,68.0,22.8,0.771,12.7,1.4,0.1,arinze onuaku
Will Bynum,2015,7.0,67.0,4.8,0.336,27.6,-13.0,-0.2,will bynum
Greg Stiemsma,2015,17.0,66.0,7.8,0.717,11.5,-6.0,-0.1,greg stiemsma
Russ Smith,2015,12.0,65.0,5.2,0.488,30.1,-8.8,-0.1,russ smith
Cameron Bairstow,2015,18.0,64.0,2.1,0.309,13.5,-9.0,-0.1,cameron bairstow
Lester Hudson,2015,5.0,56.0,16.0,0.571,15.1,4.1,0.1,lester hudson
Grant Jerrett,2015,8.0,51.0,1.5,0.303,25.4,-10.8,-0.1,grant jerrett
Darius Miller,2015,5.0,43.0,-5.1,0.143,8.5,-11.3,-0.1,darius miller
Glen Rice Jr.,2015,5.0,43.0,-3.6,0.312,20.7,-15.9,-0.1,glen rice
Gal Mekel,2015,4.0,43.0,0.5,0.15,23.3,-11.3,-0.1,gal mekel
Andrei Kirilenko,2015,7.0,36.0,2.8,0.222,9.8,-5.7,0.0,andrei kirilenko
Jerel McNeal,2015,6.0,36.0,1.2,0.379,20.6,-9.1,-0.1,jerel mcneal
David Stockton,2015,3.0,33.0,10.8,0.463,16.9,-3.9,0.0,david stockton
Patrick Christopher,2015,4.0,29.0,-2.6,0.25,20.6,-15.0,-0.1,patrick christopher
Bruno Caboclo,2015,8.0,23.0,-1.8,0.417,31.5,-18.2,-0.1,bruno caboclo
Lucas Nogueira,2015,6.0,23.0,5.2,0.307,23.1,-10.5,0.0,lucas nogueira
Miroslav Raduljica,2015,5.0,23.0,3.3,0.45,20.9,-15.0,-0.1,miroslav raduljica
Andre Dawkins,2015,4.0,22.0,-5.0,0.25,15.0,-12.8,-0.1,andre dawkins
Ronny Turiaf,2015,2.0,19.0,4.3,,0.0,-3.2,0.0,ronny turiaf
Toure' Murry,2015,5.0,18.0,1.1,0.51,24.9,-11.9,0.0,toure murry
Alex Kirk,2015,5.0,14.0,8.5,0.41,15.7,-6.0,0.0,alex kirk
Julius Randle,2015,1.0,14.0,-7.5,0.258,15.5,-15.1,0.0,julius randle
Jamaal Franklin,2015,3.0,13.0,4.9,0.75,16.6,-5.6,0.0,jamaal franklin
Seth Curry,2015,2.0,8.0,-11.4,0.0,16.5,-23.1,0.0,seth curry
Tyrus Thomas,2015,2.0,7.0,31.4,1.064,12.3,18.5,0.0,tyrus thomas
David Wear,2015,2.0,7.0,2.4,0.0,12.6,-9.4,0.0,david wear
Kalin Lucas,2015,1.0,6.0,-0.7,0.0,7.6,-4.7,0.0,kalin lucas
Sim Bhullar,2015,3.0,3.0,44.3,0.5,29.4,32.5,0.0,sim bhullar
Jerrelle Benimon,2015,2.0,3.0,4.7,,15.3,-13.0,0.0,jerrelle benimon
Eric Moreland,2015,3.0,2.0,40.8,1.0,22.0,17.2,0.0,eric moreland
Malcolm Lee,2015,1.0,2.0,-19.7,0.0,21.8,-27.6,0.0,malcolm lee
James Harden,2016,82.0,3125.0,25.3,0.598,32.5,6.6,6.8,james harden
Gordon Hayward,2016,80.0,2893.0,18.3,0.559,25.7,2.6,3.3,gordon hayward
Kemba Walker,2016,81.0,2885.0,20.8,0.554,26.5,4.0,4.3,kemba walker
Trevor Ariza,2016,81.0,2859.0,12.9,0.551,15.7,0.4,1.7,trevor ariza
Marcus Morris,2016,80.0,2856.0,12.7,0.531,18.4,-0.2,1.3,marcus morris
Khris Middleton,2016,79.0,2852.0,16.8,0.56,23.0,0.6,1.9,khris middleton
Kyle Lowry,2016,77.0,2851.0,22.2,0.578,26.1,5.8,5.7,kyle lowry
Andrew Wiggins,2016,81.0,2845.0,16.5,0.543,27.2,-1.3,0.5,andrew wiggins
Giannis Antetokounmpo,2016,80.0,2823.0,18.8,0.566,22.3,2.1,2.9,giannis antetokounmpo
Paul George,2016,81.0,2819.0,20.9,0.557,30.4,4.9,4.9,paul george
Draymond Green,2016,81.0,2808.0,19.3,0.587,18.8,5.5,5.3,draymond green
DeMar DeRozan,2016,78.0,2804.0,21.5,0.55,29.8,2.5,3.2,demar derozan
Kentavious Caldwell-Pope,2016,76.0,2789.0,12.4,0.521,18.2,-0.3,1.2,kentavious caldwell pope
John Wall,2016,77.0,2784.0,19.8,0.51,28.6,3.5,3.9,john wall
CJ McCollum,2016,80.0,2780.0,17.7,0.544,27.1,1.3,2.3,cj mccollum
Russell Westbrook,2016,80.0,2750.0,27.6,0.554,31.6,7.8,6.8,russell westbrook
Monta Ellis,2016,81.0,2734.0,13.7,0.504,21.2,0.1,1.5,monta ellis
LeBron James,2016,76.0,2709.0,27.5,0.588,31.4,9.0,7.5,lebron james
Joe Johnson,2016,81.0,2703.0,12.0,0.538,17.9,-1.9,0.1,joe johnson
Stephen Curry,2016,79.0,2700.0,31.5,0.669,32.6,11.9,9.5,stephen curry
Damian Lillard,2016,75.0,2676.0,22.2,0.56,31.3,4.4,4.3,damian lillard
Andre Drummond,2016,81.0,2666.0,21.2,0.499,24.1,1.1,2.0,andre drummond
Klay Thompson,2016,80.0,2666.0,18.6,0.597,26.3,1.8,2.5,klay thompson
Paul Millsap,2016,81.0,2647.0,21.3,0.556,24.3,4.2,4.1,paul millsap
Isaiah Thomas,2016,82.0,2644.0,21.5,0.562,29.6,4.3,4.2,isaiah thomas
Wesley Matthews,2016,78.0,2644.0,10.9,0.532,17.2,-1.0,0.6,wesley matthews
Al Horford,2016,82.0,2631.0,19.4,0.565,20.6,3.8,3.9,al horford
Karl-Anthony Towns,2016,82.0,2627.0,22.5,0.59,24.9,2.2,2.7,karl anthony towns
DeAndre Jordan,2016,77.0,2598.0,20.6,0.628,15.4,2.8,3.2,deandre jordan
Kevin Durant,2016,72.0,2578.0,28.2,0.634,30.6,9.9,7.8,kevin durant
Evan Fournier,2016,79.0,2566.0,14.6,0.587,20.1,-0.3,1.1,evan fournier
Jordan Clarkson,2016,79.0,2552.0,14.3,0.516,22.8,-1.6,0.2,jordan clarkson
Rodney Hood,2016,79.0,2541.0,14.1,0.542,21.5,0.7,1.7,rodney hood
P.J. Tucker,2016,82.0,2540.0,10.8,0.506,12.7,-1.2,0.5,p j tucker
Rajon Rondo,2016,72.0,2537.0,16.9,0.506,18.8,1.0,1.9,rajon rondo
Avery Bradley,2016,76.0,2536.0,13.2,0.538,19.8,-0.1,1.2,avery bradley
Carmelo Anthony,2016,72.0,2530.0,20.3,0.53,29.7,3.3,3.4,carmelo anthony
George Hill,2016,74.0,2524.0,13.2,0.555,15.8,0.7,1.7,george hill
Tobias Harris,2016,76.0,2513.0,16.2,0.56,19.3,1.5,2.2,tobias harris
Serge Ibaka,2016,78.0,2500.0,13.9,0.533,17.6,-0.6,0.8,serge ibaka
Jimmy Butler,2016,67.0,2474.0,21.3,0.562,24.4,4.4,3.9,jimmy butler
Brook Lopez,2016,73.0,2457.0,21.7,0.562,27.3,1.3,2.1,brook lopez
Nicolas Batum,2016,70.0,2448.0,15.6,0.546,21.4,1.2,2.0,nicolas batum
Gary Harris,2016,76.0,2439.0,12.7,0.566,16.5,-0.9,0.7,gary harris
Reggie Jackson,2016,79.0,2424.0,19.6,0.535,29.1,2.7,2.8,reggie jackson
Kevin Love,2016,77.0,2424.0,19.0,0.553,23.4,3.3,3.3,kevin love
Chris Paul,2016,74.0,2420.0,26.2,0.575,27.1,7.9,6.0,chris paul
Jabari Parker,2016,76.0,2408.0,14.8,0.535,20.9,-2.0,0.0,jabari parker
Thaddeus Young,2016,73.0,2407.0,17.5,0.533,21.6,0.0,1.2,thaddeus young
Kyle Korver,2016,80.0,2401.0,9.7,0.578,13.7,-1.0,0.6,kyle korver
Luol Deng,2016,74.0,2394.0,15.0,0.549,17.4,0.8,1.7,luol deng
Kawhi Leonard,2016,72.0,2380.0,26.0,0.616,25.8,9.1,6.7,kawhi leonard
Victor Oladipo,2016,72.0,2379.0,16.7,0.534,22.9,1.7,2.3,victor oladipo
Rudy Gay,2016,70.0,2379.0,15.5,0.538,22.4,-0.3,1.0,rudy gay
Arron Afflalo,2016,71.0,2371.0,10.9,0.531,17.9,-2.9,-0.5,arron afflalo
Dirk Nowitzki,2016,75.0,2364.0,19.0,0.555,25.5,2.5,2.7,dirk nowitzki
Goran Dragić,2016,72.0,2363.0,15.5,0.537,21.9,-0.4,1.0,goran dragic
J.R. Smith,2016,77.0,2362.0,12.4,0.542,18.0,0.5,1.5,j r smith
Will Barton,2016,82.0,2353.0,16.0,0.535,23.0,0.8,1.7,will barton
Al-Farouq Aminu,2016,82.0,2341.0,12.7,0.533,16.9,0.1,1.2,al farouq aminu
Marvin Williams,2016,81.0,2338.0,16.9,0.585,16.8,2.7,2.7,marvin williams
Courtney Lee,2016,79.0,2334.0,11.5,0.551,14.7,-1.0,0.6,courtney lee
Ricky Rubio,2016,76.0,2323.0,17.6,0.529,17.7,1.8,2.3,ricky rubio
Greg Monroe,2016,79.0,2314.0,21.8,0.562,23.5,2.1,2.4,greg monroe
Jae Crowder,2016,73.0,2308.0,15.8,0.565,18.5,2.2,2.5,jae crowder
Zach LaVine,2016,82.0,2294.0,14.3,0.548,23.5,-1.5,0.3,zach lavine
Pau Gasol,2016,72.0,2291.0,21.7,0.529,24.6,4.9,4.0,pau gasol
Julius Randle,2016,81.0,2286.0,13.9,0.482,21.2,-3.2,-0.7,julius randle
Dwight Howard,2016,71.0,2280.0,18.9,0.604,18.4,0.1,1.2,dwight howard
Otto Porter Jr.,2016,75.0,2276.0,14.5,0.564,16.2,1.1,1.8,otto porter
Evan Turner,2016,81.0,2271.0,13.6,0.513,18.8,0.0,1.1,evan turner
Tristan Thompson,2016,82.0,2269.0,15.9,0.611,11.7,0.2,1.2,tristan thompson
LaMarcus Aldridge,2016,74.0,2261.0,22.4,0.565,25.9,2.3,2.5,lamarcus aldridge
D'Angelo Russell,2016,80.0,2259.0,13.2,0.507,24.1,-2.3,-0.1,d angelo russell
Dwyane Wade,2016,74.0,2258.0,20.3,0.517,31.6,1.9,2.2,dwyane wade
Marcin Gortat,2016,75.0,2256.0,19.0,0.592,18.9,0.6,1.5,marcin gortat
Jeff Teague,2016,79.0,2255.0,17.9,0.551,26.6,1.3,1.9,jeff teague
Jeff Green,2016,80.0,2253.0,13.0,0.51,20.2,-1.8,0.1,jeff green
DeMarcus Cousins,2016,65.0,2246.0,23.6,0.538,35.4,3.3,3.0,demarcus cousins
Ish Smith,2016,77.0,2239.0,14.9,0.465,23.9,-1.6,0.2,ish smith
Justise Winslow,2016,78.0,2232.0,8.4,0.489,12.5,-2.6,-0.3,justise winslow
Gorgui Dieng,2016,82.0,2220.0,17.1,0.601,16.7,0.8,1.5,gorgui dieng
Robin Lopez,2016,82.0,2219.0,17.6,0.574,17.7,-0.2,1.0,robin lopez
Darren Collison,2016,74.0,2219.0,15.9,0.591,19.2,0.1,1.2,darren collison
Raymond Felton,2016,80.0,2192.0,11.9,0.502,18.4,-1.6,0.2,raymond felton
Matt Barnes,2016,76.0,2190.0,11.7,0.503,17.9,-0.9,0.6,matt barnes
Anthony Davis,2016,61.0,2164.0,25.0,0.559,29.6,3.9,3.2,anthony davis
Hollis Thompson,2016,77.0,2154.0,9.2,0.525,16.2,-3.4,-0.7,hollis thompson
Dion Waiters,2016,78.0,2152.0,9.4,0.492,17.7,-2.8,-0.4,dion waiters
Elfrid Payton,2016,73.0,2145.0,13.9,0.478,20.4,-1.2,0.4,elfrid payton
Jamal Crawford,2016,79.0,2126.0,14.0,0.529,24.9,-1.4,0.3,jamal crawford
Hassan Whiteside,2016,73.0,2125.0,25.6,0.629,20.7,4.1,3.3,hassan whiteside
Bojan Bogdanović,2016,79.0,2115.0,10.7,0.55,19.4,-3.5,-0.8,bojan bogdanovic
Devin Booker,2016,76.0,2108.0,11.9,0.535,23.0,-2.8,-0.5,devin booker
Deron Williams,2016,65.0,2106.0,14.6,0.53,22.0,-0.3,0.9,deron williams
Allen Crabbe,2016,81.0,2105.0,12.2,0.572,16.4,-1.0,0.5,allen crabbe
Jared Dudley,2016,81.0,2098.0,11.7,0.602,12.7,-0.1,1.0,jared dudley
JJ Redick,2016,75.0,2097.0,17.5,0.632,22.6,2.2,2.2,jj redick
Derrick Rose,2016,66.0,2097.0,13.4,0.479,27.3,-2.5,-0.3,derrick rose
Mason Plumlee,2016,82.0,2084.0,17.2,0.564,17.1,1.5,1.9,mason plumlee
Kent Bazemore,2016,75.0,2083.0,13.4,0.551,20.0,0.3,1.2,kent bazemore
Emmanuel Mudiay,2016,68.0,2068.0,9.9,0.437,25.7,-4.2,-1.2,emmanuel mudiay
Jerami Grant,2016,77.0,2066.0,12.6,0.506,18.0,-1.7,0.1,jerami grant
Danny Green,2016,79.0,2062.0,10.5,0.492,14.6,1.1,1.6,danny green
Jeremy Lin,2016,78.0,2048.0,13.8,0.534,22.2,-0.9,0.5,jeremy lin
Kristaps Porziņģis,2016,72.0,2047.0,17.7,0.518,24.6,0.9,1.5,kristaps porzingis
Cory Joseph,2016,80.0,2046.0,12.4,0.512,17.0,-1.2,0.4,cory joseph
Harrison Barnes,2016,66.0,2042.0,12.3,0.559,15.9,-1.3,0.3,harrison barnes
Patrick Beverley,2016,71.0,2041.0,13.0,0.553,15.3,0.2,1.1,patrick beverley
Nikola Vučević,2016,65.0,2037.0,21.1,0.531,26.8,1.9,2.0,nikola vucevic
Langston Galloway,2016,82.0,2033.0,11.7,0.49,15.6,-1.0,0.5,langston galloway
José Calderón,2016,72.0,2024.0,12.3,0.571,12.6,-0.6,0.7,jose calderon
Patrick Patterson,2016,79.0,2020.0,10.6,0.534,12.9,-0.1,1.0,patrick patterson
Zach Randolph,2016,68.0,2016.0,18.3,0.519,24.6,-0.3,0.9,zach randolph
Steven Adams,2016,80.0,2014.0,15.5,0.621,12.6,0.2,1.1,steven adams
Ryan Anderson,2016,66.0,2008.0,17.2,0.546,24.7,-0.2,0.9,ryan anderson
Zaza Pachulia,2016,76.0,2004.0,16.2,0.55,16.2,-0.2,0.9,zaza pachulia
Derrick Favors,2016,62.0,1983.0,21.6,0.551,23.9,3.3,2.6,derrick favors
Tony Parker,2016,72.0,1980.0,16.2,0.546,21.2,0.4,1.2,tony parker
Dante Cunningham,2016,80.0,1971.0,8.6,0.54,11.0,-2.8,-0.4,dante cunningham
Isaiah Canaan,2016,77.0,1966.0,11.1,0.528,19.9,-2.4,-0.2,isaiah canaan
Nerlens Noel,2016,67.0,1965.0,16.2,0.544,18.8,-0.2,0.9,nerlens noel
Garrett Temple,2016,80.0,1951.0,9.3,0.52,14.0,-2.1,0.0,garrett temple
Taj Gibson,2016,73.0,1936.0,15.7,0.556,14.6,0.0,1.0,taj gibson
Rudy Gobert,2016,61.0,1932.0,17.5,0.582,14.2,2.2,2.0,rudy gobert
Jared Sullinger,2016,81.0,1915.0,16.7,0.476,21.8,0.6,1.3,jared sullinger
Lou Williams,2016,67.0,1907.0,17.7,0.584,22.8,1.3,1.6,lou williams
Robert Covington,2016,67.0,1903.0,13.2,0.543,21.5,-0.9,0.5,robert covington
Ersan İlyasova,2016,74.0,1881.0,14.2,0.526,18.6,-0.2,0.9,ersan ilyasova
Omri Casspi,2016,69.0,1880.0,13.9,0.587,17.8,0.1,1.0,omri casspi
Roy Hibbert,2016,81.0,1878.0,11.2,0.507,12.9,-3.2,-0.6,roy hibbert
Brandon Knight,2016,52.0,1870.0,14.7,0.522,26.2,-0.6,0.6,brandon knight
Matthew Dellavedova,2016,76.0,1867.0,11.3,0.527,15.9,-1.2,0.4,matthew dellavedova
Aaron Gordon,2016,78.0,1863.0,17.0,0.541,17.3,1.0,1.4,aaron gordon
Kobe Bryant,2016,66.0,1863.0,14.9,0.469,32.2,-1.6,0.2,kobe bryant
Doug McDermott,2016,81.0,1861.0,10.9,0.561,17.3,-2.9,-0.4,doug mcdermott
Danilo Gallinari,2016,53.0,1839.0,19.0,0.582,23.0,2.7,2.2,danilo gallinari
Jrue Holiday,2016,65.0,1831.0,19.7,0.529,28.9,2.1,1.9,jrue holiday
Alex Len,2016,78.0,1821.0,12.4,0.482,20.4,-4.3,-1.0,alex len
Ian Mahinmi,2016,71.0,1816.0,16.6,0.603,15.7,0.9,1.4,ian mahinmi
Nik Stauskas,2016,73.0,1809.0,9.2,0.517,16.7,-3.8,-0.8,nik stauskas
Bismack Biyombo,2016,82.0,1808.0,14.9,0.586,11.5,-0.2,0.8,bismack biyombo
Amir Johnson,2016,79.0,1800.0,16.0,0.602,13.6,1.2,1.4,amir johnson
Chandler Parsons,2016,61.0,1799.0,16.2,0.589,20.5,2.0,1.8,chandler parsons
Marc Gasol,2016,52.0,1791.0,17.7,0.528,23.4,1.7,1.7,marc gasol
Chris Bosh,2016,53.0,1778.0,20.2,0.571,24.7,4.0,2.7,chris bosh
Cody Zeller,2016,73.0,1774.0,16.1,0.592,15.4,-0.1,0.9,cody zeller
Mike Conley,2016,56.0,1761.0,19.4,0.538,22.4,3.0,2.2,mike conley
Thabo Sefolosha,2016,75.0,1758.0,12.4,0.578,12.3,0.8,1.3,thabo sefolosha
Shane Larkin,2016,78.0,1751.0,13.3,0.515,17.7,-2.0,0.0,shane larkin
Terrence Ross,2016,73.0,1747.0,12.9,0.551,18.2,0.3,1.0,terrence ross
Nikola Jokić,2016,80.0,1733.0,21.5,0.582,19.9,3.9,2.6,nikola jokic
Andre Iguodala,2016,65.0,1732.0,12.2,0.565,12.1,1.1,1.4,andre iguodala
Enes Freedom,2016,82.0,1721.0,24.0,0.626,23.4,1.2,1.4,enes freedom
Frank Kaminsky,2016,81.0,1708.0,12.5,0.513,17.1,-0.8,0.5,frank kaminsky
Bradley Beal,2016,55.0,1708.0,15.5,0.547,25.3,0.3,1.0,bradley beal
Kenneth Faried,2016,67.0,1694.0,21.0,0.577,21.0,0.3,1.0,kenneth faried
Stanley Johnson,2016,73.0,1687.0,8.7,0.46,19.6,-3.3,-0.5,stanley johnson
Mirza Teletović,2016,79.0,1686.0,16.2,0.571,23.4,1.3,1.4,mirza teletovic
Ed Davis,2016,81.0,1684.0,18.7,0.616,12.7,1.9,1.6,ed davis
Shabazz Muhammad,2016,82.0,1682.0,15.2,0.548,22.8,-2.5,-0.2,shabazz muhammad
Marco Belinelli,2016,68.0,1672.0,9.4,0.5,19.7,-3.8,-0.8,marco belinelli
Corey Brewer,2016,82.0,1669.0,9.9,0.481,17.8,-2.9,-0.4,corey brewer
Ramon Sessions,2016,82.0,1667.0,15.9,0.565,21.8,-0.3,0.7,ramon sessions
J.J. Barea,2016,74.0,1667.0,15.4,0.536,23.8,0.0,0.9,j j barea
Marcus Smart,2016,61.0,1667.0,11.3,0.463,17.4,-1.0,0.4,marcus smart
Kyrie Irving,2016,53.0,1667.0,19.9,0.54,29.5,2.3,1.8,kyrie irving
Wesley Johnson,2016,80.0,1666.0,11.0,0.513,16.0,-0.2,0.8,wesley johnson
Patty Mills,2016,81.0,1662.0,14.6,0.541,19.7,1.5,1.5,patty mills
Michael Carter-Williams,2016,54.0,1649.0,13.9,0.497,21.3,-0.7,0.5,michael carter williams
Nikola Mirotić,2016,66.0,1646.0,15.6,0.564,21.1,1.5,1.5,nikola mirotic
Randy Foye,2016,81.0,1642.0,7.6,0.461,15.9,-3.3,-0.5,randy foye
Luis Scola,2016,76.0,1636.0,13.6,0.523,19.5,-1.1,0.4,luis scola
Trevor Booker,2016,79.0,1632.0,14.4,0.533,14.6,0.0,0.8,trevor booker
Alonzo Gee,2016,73.0,1632.0,8.4,0.572,9.2,-2.6,-0.2,alonzo gee
Markieff Morris,2016,64.0,1629.0,12.2,0.489,24.2,-2.4,-0.2,markieff morris
Dennis Schröder,2016,80.0,1621.0,15.5,0.51,28.8,-0.8,0.5,dennis schroder
Tony Allen,2016,64.0,1620.0,12.9,0.505,16.8,-1.0,0.4,tony allen
Tyson Chandler,2016,66.0,1618.0,14.7,0.606,12.7,-1.1,0.4,tyson chandler
Wayne Ellington,2016,76.0,1615.0,10.1,0.498,17.5,-2.8,-0.3,wayne ellington
T.J. McConnell,2016,81.0,1606.0,14.5,0.511,17.0,-1.2,0.3,t j mcconnell
Lavoy Allen,2016,79.0,1599.0,12.4,0.532,13.0,-1.6,0.2,lavoy allen
Jahlil Okafor,2016,53.0,1591.0,17.1,0.536,27.3,-2.3,-0.1,jahlil okafor
Gerald Green,2016,69.0,1557.0,10.1,0.491,19.8,-3.1,-0.4,gerald green
Jonas Valančiūnas,2016,60.0,1557.0,22.6,0.61,20.9,1.7,1.4,jonas valanciunas
Andre Roberson,2016,70.0,1553.0,10.2,0.566,9.1,0.5,1.0,andre roberson
Tim Duncan,2016,61.0,1536.0,16.9,0.523,17.6,3.0,2.0,tim duncan
Shaun Livingston,2016,78.0,1520.0,13.8,0.581,14.2,0.3,0.9,shaun livingston
Darrell Arthur,2016,70.0,1516.0,12.5,0.514,16.7,-0.8,0.4,darrell arthur
Jordan Hill,2016,73.0,1513.0,16.4,0.534,20.3,-0.7,0.5,jordan hill
Jerryd Bayless,2016,52.0,1505.0,12.4,0.568,16.4,-0.8,0.4,jerryd bayless
Raul Neto,2016,81.0,1499.0,10.2,0.53,17.2,-2.0,0.0,raul neto
Kosta Koufos,2016,78.0,1482.0,15.1,0.54,15.4,-2.0,0.0,kosta koufos
Eric Gordon,2016,45.0,1481.0,13.5,0.565,20.3,-0.1,0.7,eric gordon
Clint Capela,2016,77.0,1471.0,18.3,0.553,16.1,-0.4,0.6,clint capela
Austin Rivers,2016,67.0,1464.0,11.1,0.523,19.4,-2.7,-0.2,austin rivers
C.J. Miles,2016,64.0,1464.0,14.0,0.547,22.8,0.5,0.9,c j miles
Tayshaun Prince,2016,77.0,1462.0,6.3,0.466,8.1,-3.0,-0.4,tayshaun prince
Maurice Harkless,2016,78.0,1457.0,13.3,0.541,15.6,-0.5,0.5,maurice harkless
Andrew Bogut,2016,70.0,1451.0,15.9,0.623,11.4,2.4,1.6,andrew bogut
JaMychal Green,2016,78.0,1446.0,14.6,0.52,19.8,-2.5,-0.2,jamychal green
Ben McLemore,2016,68.0,1443.0,8.6,0.531,17.6,-3.8,-0.7,ben mclemore
Derrick Williams,2016,80.0,1435.0,17.2,0.55,23.3,0.3,0.8,derrick williams
Gerald Henderson,2016,72.0,1431.0,12.9,0.526,20.2,-1.8,0.1,gerald henderson
Mario Hezonja,2016,79.0,1413.0,9.4,0.541,16.9,-3.1,-0.4,mario hezonja
Willie Cauley-Stein,2016,66.0,1412.0,15.3,0.588,13.2,-0.8,0.4,willie cauley stein
Ty Lawson,2016,66.0,1411.0,9.7,0.476,14.9,-3.6,-0.6,ty lawson
David West,2016,78.0,1404.0,17.6,0.573,18.0,2.9,1.7,david west
Kelly Olynyk,2016,69.0,1395.0,16.3,0.561,20.9,1.9,1.4,kelly olynyk
Boris Diaw,2016,76.0,1386.0,14.0,0.582,17.0,0.8,1.0,boris diaw
Trey Lyles,2016,80.0,1382.0,11.6,0.517,17.9,-1.8,0.1,trey lyles
Mario Chalmers,2016,61.0,1373.0,17.3,0.561,21.9,1.3,1.2,mario chalmers
Lance Stephenson,2016,69.0,1372.0,13.5,0.548,20.2,-1.2,0.3,lance stephenson
Myles Turner,2016,60.0,1367.0,15.4,0.531,20.9,-1.6,0.1,myles turner
Trey Burke,2016,64.0,1366.0,14.0,0.507,25.3,-0.5,0.5,trey burke
Brandon Bass,2016,66.0,1342.0,17.3,0.619,13.9,0.6,0.9,brandon bass
Anthony Tolliver,2016,72.0,1341.0,10.2,0.543,12.4,0.4,0.8,anthony tolliver
Meyers Leonard,2016,61.0,1333.0,11.3,0.561,17.4,-1.7,0.1,meyers leonard
Timofey Mozgov,2016,76.0,1326.0,14.6,0.593,16.1,-1.4,0.2,timofey mozgov
Richard Jefferson,2016,74.0,1326.0,9.7,0.585,13.4,-1.2,0.3,richard jefferson
Donald Sloan,2016,61.0,1318.0,13.9,0.536,16.1,-1.7,0.1,donald sloan
Iman Shumpert,2016,54.0,1316.0,8.4,0.475,13.2,-1.5,0.1,iman shumpert
Lance Thomas,2016,59.0,1313.0,10.4,0.557,16.9,-3.2,-0.4,lance thomas
P.J. Hairston,2016,66.0,1313.0,6.9,0.47,16.4,-4.5,-0.8,p j hairston
Tony Snell,2016,64.0,1301.0,6.4,0.478,13.7,-4.0,-0.6,tony snell
Devin Harris,2016,64.0,1280.0,13.1,0.559,17.9,0.1,0.7,devin harris
Rodney Stuckey,2016,58.0,1275.0,12.6,0.504,20.3,-1.4,0.2,rodney stuckey
Luc Mbah a Moute,2016,75.0,1274.0,7.3,0.498,9.4,-2.6,-0.2,luc mbah a moute
Larry Nance Jr.,2016,63.0,1266.0,13.4,0.544,12.6,-1.5,0.2,larry nance
Jerian Grant,2016,76.0,1265.0,11.2,0.479,19.0,-3.1,-0.3,jerian grant
E'Twaun Moore,2016,59.0,1263.0,11.4,0.548,15.9,-1.9,0.0,e twaun moore
Toney Douglas,2016,61.0,1262.0,14.7,0.543,19.4,0.0,0.6,toney douglas
Jason Terry,2016,72.0,1258.0,10.2,0.54,15.0,-1.6,0.1,jason terry
Jon Leuer,2016,67.0,1255.0,16.2,0.555,19.8,0.0,0.6,jon leuer
Kyle Anderson,2016,78.0,1245.0,12.9,0.528,14.4,1.4,1.1,kyle anderson
Joe Ingles,2016,81.0,1241.0,10.3,0.572,13.5,0.2,0.7,joe ingles
Aron Baynes,2016,81.0,1233.0,17.8,0.563,18.5,-0.2,0.6,aron baynes
Paul Pierce,2016,68.0,1231.0,8.2,0.489,17.8,-3.3,-0.4,paul pierce
Jeremy Lamb,2016,66.0,1227.0,15.9,0.529,22.0,0.8,0.9,jeremy lamb
Ronnie Price,2016,62.0,1211.0,9.6,0.517,13.7,-1.8,0.1,ronnie price
Channing Frye,2016,70.0,1200.0,12.9,0.586,15.1,0.8,0.8,channing frye
Norris Cole,2016,45.0,1198.0,10.8,0.465,21.7,-3.8,-0.5,norris cole
Jason Smith,2016,76.0,1181.0,14.6,0.513,22.1,-2.2,-0.1,jason smith
Ömer Aşık,2016,68.0,1178.0,11.0,0.551,11.4,-3.8,-0.5,omer asık
D.J. Augustin,2016,62.0,1178.0,13.9,0.575,18.0,-0.4,0.4,d j augustin
Jonas Jerebko,2016,78.0,1176.0,10.3,0.531,13.5,-2.0,0.0,jonas jerebko
Noah Vonleh,2016,78.0,1174.0,8.6,0.471,13.0,-4.2,-0.6,noah vonleh
Blake Griffin,2016,35.0,1170.0,22.1,0.544,29.8,4.5,1.9,blake griffin
JaKarr Sampson,2016,73.0,1160.0,8.3,0.504,16.6,-5.4,-1.0,jakarr sampson
Mike Scott,2016,75.0,1146.0,14.0,0.575,17.4,-0.1,0.6,mike scott
Manu Ginóbili,2016,58.0,1134.0,17.8,0.573,23.6,3.6,1.6,manu ginobili
Archie Goodwin,2016,57.0,1114.0,11.1,0.498,23.2,-3.7,-0.5,archie goodwin
Marcus Thornton,2016,61.0,1109.0,14.7,0.511,24.4,-0.5,0.4,marcus thornton
Aaron Brooks,2016,69.0,1108.0,11.8,0.494,22.9,-2.6,-0.2,aaron brooks
Josh Richardson,2016,52.0,1107.0,11.4,0.569,13.8,-0.4,0.5,josh richardson
Bobby Portis,2016,62.0,1102.0,13.8,0.469,20.7,-3.3,-0.4,bobby portis
Al Jefferson,2016,47.0,1096.0,18.2,0.507,24.2,-0.5,0.4,al jefferson
Kevin Martin,2016,55.0,1095.0,11.5,0.52,22.6,-3.2,-0.4,kevin martin
Nenê,2016,57.0,1094.0,16.8,0.564,21.6,0.4,0.6,nene
O.J. Mayo,2016,41.0,1090.0,7.7,0.474,17.0,-4.0,-0.6,o j mayo
Leandro Barbosa,2016,68.0,1079.0,11.7,0.545,18.1,-2.0,0.0,leandro barbosa
Nemanja Bjelica,2016,60.0,1075.0,11.2,0.594,12.8,-0.7,0.3,nemanja bjelica
T.J. Warren,2016,47.0,1070.0,15.7,0.549,19.9,-0.5,0.4,t j warren
Eric Bledsoe,2016,31.0,1059.0,20.0,0.557,27.2,3.3,1.4,eric bledsoe
Shelvin Mack,2016,52.0,1058.0,13.6,0.507,23.3,-1.6,0.1,shelvin mack
Brandon Rush,2016,72.0,1055.0,10.1,0.56,12.5,-0.8,0.3,brandon rush
Terrence Jones,2016,50.0,1044.0,13.5,0.519,19.3,-2.1,0.0,terrence jones
Joffrey Lauvergne,2016,59.0,1041.0,15.7,0.567,19.5,-1.6,0.1,joffrey lauvergne
Jameer Nelson,2016,39.0,1036.0,9.5,0.464,16.4,-3.0,-0.3,jameer nelson
Spencer Hawes,2016,57.0,1035.0,12.4,0.508,17.1,-0.6,0.3,spencer hawes
Nick Young,2016,54.0,1033.0,9.1,0.483,18.5,-3.7,-0.5,nick young
Jarrett Jack,2016,32.0,1027.0,14.5,0.505,21.7,-0.7,0.3,jarrett jack
Vince Carter,2016,60.0,1005.0,12.7,0.52,18.5,-1.0,0.3,vince carter
Rashad Vaughn,2016,70.0,1001.0,4.2,0.398,13.5,-5.7,-0.9,rashad vaughn
Dwight Powell,2016,69.0,992.0,16.8,0.557,18.4,0.1,0.5,dwight powell
Steve Blake,2016,58.0,986.0,9.8,0.51,14.6,-2.4,-0.1,steve blake
Markel Brown,2016,62.0,982.0,11.3,0.5,18.9,-3.0,-0.3,markel brown
Kyle Singler,2016,68.0,977.0,6.6,0.481,11.9,-3.2,-0.3,kyle singler
John Henson,2016,57.0,960.0,18.6,0.58,19.1,0.2,0.5,john henson
Chase Budinger,2016,66.0,929.0,10.7,0.514,14.5,-1.3,0.2,chase budinger
Anthony Morrow,2016,68.0,926.0,10.7,0.543,16.9,-1.1,0.2,anthony morrow
James Johnson,2016,57.0,926.0,11.4,0.532,15.9,-1.0,0.2,james johnson
Thomas Robinson,2016,71.0,917.0,14.5,0.453,19.8,-3.8,-0.4,thomas robinson
Sasha Vujačić,2016,61.0,908.0,11.1,0.503,16.8,-1.2,0.2,sasha vujacic
David Lee,2016,55.0,903.0,19.6,0.568,21.5,1.3,0.7,david lee
Josh Smith,2016,55.0,880.0,10.6,0.439,22.9,-3.1,-0.2,josh smith
Quincy Acy,2016,59.0,876.0,14.7,0.629,13.1,-0.1,0.4,quincy acy
Miles Plumlee,2016,61.0,870.0,17.4,0.606,15.5,-1.5,0.1,miles plumlee
Marcelo Huertas,2016,53.0,869.0,10.4,0.488,16.3,-5.0,-0.7,marcelo huertas
Brandon Jennings,2016,48.0,868.0,13.7,0.491,20.0,-0.4,0.3,brandon jennings
Solomon Hill,2016,59.0,866.0,12.2,0.543,13.2,0.1,0.5,solomon hill
Tim Hardaway Jr.,2016,51.0,864.0,11.7,0.563,16.2,-0.9,0.2,tim hardaway
Tyler Johnson,2016,36.0,863.0,13.8,0.579,16.8,0.7,0.6,tyler johnson
Alexis Ajinça,2016,59.0,861.0,13.8,0.514,20.4,-4.0,-0.4,alexis ajinca
Chris Johnson,2016,70.0,857.0,8.2,0.482,13.6,-2.0,0.0,chris johnson
Johnny O'Bryant,2016,66.0,857.0,7.4,0.441,13.5,-5.9,-0.8,johnny o bryant
Luke Babbitt,2016,47.0,845.0,11.6,0.526,17.5,-2.5,-0.1,luke babbitt
Kris Humphries,2016,53.0,835.0,13.1,0.517,19.5,-2.0,0.0,kris humphries
Marreese Speights,2016,72.0,832.0,17.1,0.506,29.7,-3.7,-0.4,marreese speights
Pablo Prigioni,2016,59.0,823.0,10.2,0.482,11.0,-0.4,0.3,pablo prigioni
Andrew Nicholson,2016,56.0,823.0,14.8,0.567,20.4,-1.1,0.2,andrew nicholson
Jonathon Simmons,2016,55.0,813.0,11.9,0.586,18.9,-2.7,-0.2,jonathon simmons
Gary Neal,2016,40.0,807.0,13.5,0.558,20.5,-1.5,0.1,gary neal
Cole Aldrich,2016,60.0,800.0,21.3,0.626,18.4,2.4,0.9,cole aldrich
Alec Burks,2016,31.0,797.0,14.3,0.52,25.9,-0.4,0.3,alec burks
DeMarre Carroll,2016,26.0,786.0,11.9,0.49,18.5,0.3,0.5,demarre carroll
Justin Holiday,2016,53.0,773.0,9.4,0.489,16.2,-3.1,-0.2,justin holiday
Festus Ezeli,2016,46.0,770.0,17.7,0.559,18.2,-0.1,0.4,festus ezeli
Tyreke Evans,2016,25.0,765.0,17.9,0.534,24.7,1.7,0.7,tyreke evans
Kyle O'Quinn,2016,65.0,764.0,17.5,0.52,21.2,0.4,0.5,kyle o quinn
Amar'e Stoudemire,2016,52.0,762.0,17.3,0.599,17.8,-0.6,0.3,amar e stoudemire
Mo Williams,2016,41.0,748.0,12.4,0.527,22.8,-1.5,0.1,mo williams
Tim Frazier,2016,51.0,741.0,13.9,0.499,19.4,-2.0,0.0,tim frazier
Norman Powell,2016,49.0,725.0,13.3,0.541,17.8,-0.3,0.3,norman powell
James Anderson,2016,51.0,721.0,6.0,0.469,13.7,-4.5,-0.5,james anderson
Tyler Zeller,2016,60.0,710.0,15.4,0.539,23.0,-3.3,-0.2,tyler zeller
Beno Udrih,2016,44.0,707.0,9.5,0.496,16.7,-3.6,-0.3,beno udrih
Dewayne Dedmon,2016,58.0,705.0,17.0,0.606,15.2,-0.9,0.2,dewayne dedmon
Mike Dunleavy,2016,31.0,703.0,9.1,0.543,14.4,-3.5,-0.3,mike dunleavy
Richaun Holmes,2016,51.0,702.0,15.9,0.564,17.9,-1.5,0.1,richaun holmes
Nick Collison,2016,59.0,699.0,7.7,0.498,10.6,-3.1,-0.2,nick collison
Cameron Payne,2016,57.0,698.0,12.9,0.49,20.3,-0.7,0.2,cameron payne
Seth Curry,2016,44.0,692.0,13.8,0.603,17.4,-0.2,0.3,seth curry
Kelly Oubre Jr.,2016,63.0,671.0,8.2,0.507,17.4,-5.1,-0.5,kelly oubre
Charlie Villanueva,2016,62.0,665.0,11.9,0.473,25.3,-2.7,-0.1,charlie villanueva
Jeff Withey,2016,51.0,658.0,17.7,0.577,15.1,1.0,0.5,jeff withey
C.J. Watson,2016,33.0,656.0,8.6,0.461,12.1,-3.0,-0.2,c j watson
Tyler Ennis,2016,46.0,654.0,10.7,0.51,17.1,-4.3,-0.4,tyler ennis
Justin Anderson,2016,55.0,647.0,12.3,0.522,15.8,0.3,0.4,justin anderson
Joakim Noah,2016,29.0,635.0,14.1,0.406,14.2,1.6,0.6,joakim noah
Andrea Bargnani,2016,46.0,634.0,11.8,0.5,23.2,-5.1,-0.5,andrea bargnani
Kirk Hinrich,2016,46.0,631.0,7.2,0.504,11.6,-3.5,-0.2,kirk hinrich
Sean Kilpatrick,2016,31.0,616.0,15.6,0.576,23.8,-2.2,0.0,sean kilpatrick
Rondae Hollis-Jefferson,2016,29.0,615.0,14.2,0.519,13.5,0.8,0.4,rondae hollis jefferson
Shabazz Napier,2016,55.0,600.0,9.6,0.46,19.7,-3.0,-0.2,shabazz napier
Anthony Brown,2016,29.0,599.0,4.9,0.427,11.0,-5.5,-0.5,anthony brown
Josh McRoberts,2016,42.0,595.0,9.9,0.453,15.0,-1.6,0.1,josh mcroberts
Metta World Peace,2016,35.0,590.0,8.3,0.435,16.2,-3.5,-0.2,metta world peace
Tiago Splitter,2016,36.0,579.0,13.7,0.571,15.5,-1.7,0.0,tiago splitter
Ian Clark,2016,66.0,578.0,11.5,0.544,19.5,-1.9,0.0,ian clark
Tyus Jones,2016,37.0,573.0,11.2,0.45,16.1,-2.4,-0.1,tyus jones
Carl Landry,2016,36.0,569.0,22.4,0.605,24.0,1.2,0.5,carl landry
Mike Muscala,2016,60.0,565.0,13.6,0.576,15.5,-0.9,0.2,mike muscala
Kevin Garnett,2016,38.0,556.0,12.3,0.491,11.3,1.5,0.5,kevin garnett
Donatas Motiejūnas,2016,37.0,547.0,11.3,0.504,21.4,-4.5,-0.3,donatas motiejunas
Jusuf Nurkić,2016,32.0,547.0,15.9,0.46,27.2,-2.9,-0.1,jusuf nurkic
Kendrick Perkins,2016,37.0,542.0,6.0,0.529,10.4,-5.0,-0.4,kendrick perkins
Kevin Séraphin,2016,48.0,526.0,10.8,0.435,22.2,-3.8,-0.2,kevin seraphin
Boban Marjanović,2016,54.0,508.0,27.7,0.662,22.8,4.3,0.8,boban marjanovic
Glenn Robinson III,2016,45.0,508.0,11.4,0.508,16.1,-1.1,0.1,glenn robinson
Sonny Weems,2016,43.0,499.0,3.7,0.459,13.5,-7.3,-0.7,sonny weems
Tarik Black,2016,39.0,496.0,12.3,0.537,12.9,-3.3,-0.2,tarik black
Anderson Varejão,2016,53.0,496.0,11.1,0.473,15.0,-2.9,-0.1,anderson varejao
Adreian Payne,2016,52.0,486.0,5.6,0.422,17.7,-6.2,-0.5,adreian payne
John Jenkins,2016,43.0,480.0,10.0,0.522,18.1,-2.9,-0.1,john jenkins
Troy Daniels,2016,43.0,476.0,14.9,0.634,20.4,0.7,0.3,troy daniels
Ray McCallum,2016,41.0,475.0,9.1,0.449,16.8,-3.1,-0.1,ray mccallum
Jason Thompson,2016,47.0,471.0,14.2,0.558,13.9,-0.8,0.1,jason thompson
Ryan Kelly,2016,36.0,470.0,10.3,0.44,17.9,-3.5,-0.2,ryan kelly
Brian Roberts,2016,51.0,470.0,13.8,0.552,19.8,-1.6,0.0,brian roberts
James Jones,2016,48.0,463.0,11.6,0.58,16.2,-0.3,0.2,james jones
Andre Miller,2016,39.0,461.0,13.4,0.6,15.4,-1.9,0.0,andre miller
Greivis Vásquez,2016,23.0,460.0,7.4,0.435,18.5,-6.2,-0.5,greivis vasquez
Ryan Hollins,2016,37.0,460.0,12.3,0.636,11.8,-3.7,-0.2,ryan hollins
J.J. Hickson,2016,35.0,436.0,16.8,0.514,22.6,-1.1,0.1,j j hickson
Rasual Butler,2016,46.0,432.0,13.4,0.558,12.6,2.9,0.5,rasual butler
Reggie Bullock,2016,37.0,429.0,12.0,0.583,11.4,0.8,0.3,reggie bullock
Willie Reed,2016,39.0,426.0,19.2,0.579,18.1,-0.5,0.2,willie reed
Jared Cunningham,2016,44.0,410.0,5.9,0.464,16.5,-5.7,-0.4,jared cunningham
Chris Andersen,2016,27.0,402.0,15.3,0.598,10.8,0.7,0.3,chris andersen
Kendall Marshall,2016,30.0,400.0,6.7,0.449,18.3,-7.3,-0.5,kendall marshall
Sergey Karasev,2016,40.0,399.0,8.5,0.562,12.1,-3.8,-0.2,sergey karasev
Salah Mejri,2016,34.0,397.0,16.8,0.636,14.0,0.2,0.2,salah mejri
Lamar Patterson,2016,35.0,395.0,5.1,0.468,12.8,-5.1,-0.3,lamar patterson
Joe Young,2016,41.0,384.0,9.9,0.428,24.4,-4.7,-0.3,joe young
Darrun Hilliard,2016,38.0,383.0,10.7,0.511,19.1,-2.5,0.0,darrun hilliard
Jarell Martin,2016,27.0,380.0,14.0,0.534,19.2,-3.7,-0.2,jarell martin
Montrezl Harrell,2016,39.0,379.0,14.6,0.635,14.5,-0.6,0.1,montrezl harrell
Mike Miller,2016,47.0,373.0,6.5,0.508,9.3,-2.6,0.0,mike miller
JaVale McGee,2016,34.0,370.0,19.9,0.574,21.1,-0.3,0.1,javale mcgee
Michael Beasley,2016,20.0,363.0,22.5,0.563,29.7,0.9,0.3,michael beasley
Chris McCullough,2016,24.0,362.0,12.2,0.47,16.5,-2.4,0.0,chris mccullough
Tyler Hansbrough,2016,44.0,343.0,12.5,0.522,14.7,-3.8,-0.1,tyler hansbrough
James Ennis III,2016,22.0,329.0,17.8,0.621,19.8,1.5,0.3,james ennis
Cristiano Felício,2016,31.0,321.0,17.6,0.601,13.7,0.3,0.2,cristiano felicio
Robert Sacre,2016,25.0,320.0,10.4,0.474,14.3,-4.6,-0.2,robert sacre
R.J. Hunter,2016,36.0,315.0,7.7,0.48,15.1,-2.1,0.0,r j hunter
Terry Rozier,2016,39.0,311.0,5.0,0.326,17.7,-6.1,-0.3,terry rozier
Drew Gooden,2016,30.0,305.0,7.5,0.376,17.5,-6.3,-0.3,drew gooden
Axel Toupane,2016,21.0,305.0,7.1,0.49,12.0,-4.7,-0.2,axel toupane
Jordan Hamilton,2016,11.0,304.0,12.4,0.499,20.7,-3.3,-0.1,jordan hamilton
Kostas Papanikolaou,2016,26.0,294.0,6.0,0.464,13.9,-4.5,-0.2,kostas papanikolaou
Jordan Farmar,2016,12.0,291.0,13.2,0.527,18.9,-0.7,0.1,jordan farmar
Phil Pressey,2016,23.0,283.0,10.6,0.433,18.7,-3.2,-0.1,phil pressey
Bryce Dejean-Jones,2016,14.0,279.0,9.6,0.505,14.1,-2.5,0.0,bryce dejean jones
Damjan Rudež,2016,33.0,277.0,5.5,0.572,12.7,-4.8,-0.2,damjan rudez
Henry Sims,2016,14.0,263.0,13.9,0.504,17.3,-4.3,-0.2,henry sims
James Michael McAdoo,2016,41.0,262.0,15.9,0.554,20.1,-1.8,0.0,james michael mcadoo
Udonis Haslem,2016,37.0,260.0,9.1,0.434,12.8,-2.6,0.0,udonis haslem
Jeremy Evans,2016,30.0,251.0,12.6,0.62,11.7,-0.4,0.1,jeremy evans
Devyn Marble,2016,28.0,249.0,5.2,0.368,15.7,-6.2,-0.3,devyn marble
Xavier Munford,2016,14.0,244.0,9.9,0.481,18.0,-2.5,0.0,xavier munford
K.J. McDaniels,2016,37.0,235.0,10.6,0.522,18.7,-3.9,-0.1,k j mcdaniels
Delon Wright,2016,27.0,229.0,17.8,0.54,22.1,0.9,0.2,delon wright
Lucas Nogueira,2016,29.0,225.0,15.6,0.642,12.4,0.0,0.1,lucas nogueira
Elton Brand,2016,17.0,225.0,11.4,0.461,16.9,-3.4,-0.1,elton brand
DeJuan Blair,2016,29.0,218.0,5.4,0.414,17.8,-8.9,-0.4,dejuan blair
Brandan Wright,2016,12.0,212.0,18.3,0.663,15.4,0.7,0.1,brandan wright
Matt Bonner,2016,30.0,206.0,14.1,0.647,13.7,2.2,0.2,matt bonner
Michael Kidd-Gilchrist,2016,7.0,205.0,16.9,0.603,18.0,0.0,0.1,michael kidd gilchrist
Lou Amundson,2016,29.0,204.0,6.7,0.401,17.7,-6.9,-0.3,lou amundson
James Young,2016,29.0,199.0,3.6,0.384,9.1,-4.5,-0.1,james young
Jordan McRae,2016,22.0,195.0,14.2,0.548,23.9,-1.8,0.0,jordan mcrae
Greg Smith,2016,18.0,192.0,7.9,0.545,10.8,-5.5,-0.2,greg smith
Alan Anderson,2016,13.0,192.0,9.2,0.495,15.4,-2.3,0.0,alan anderson
Caron Butler,2016,17.0,176.0,11.3,0.49,16.2,-1.8,0.0,caron butler
Elijah Millsap,2016,20.0,173.0,6.5,0.384,14.9,-3.8,-0.1,elijah millsap
Briante Weber,2016,7.0,169.0,8.9,0.38,13.2,-3.7,-0.1,briante weber
C.J. Wilcox,2016,23.0,167.0,12.9,0.491,19.8,-1.5,0.0,c j wilcox
Spencer Dinwiddie,2016,12.0,159.0,8.9,0.423,20.7,-5.2,-0.1,spencer dinwiddie
Chris Copeland,2016,24.0,156.0,5.4,0.462,17.3,-6.4,-0.2,chris copeland
Damien Inglis,2016,20.0,156.0,6.7,0.444,14.9,-5.6,-0.1,damien inglis
Nikola Peković,2016,12.0,156.0,6.5,0.459,19.5,-7.9,-0.2,nikola pekovic
Cleanthony Early,2016,17.0,154.0,2.2,0.371,14.9,-8.6,-0.3,cleanthony early
Jarell Eddie,2016,26.0,147.0,11.0,0.46,20.7,-1.5,0.0,jarell eddie
Christian Wood,2016,17.0,145.0,16.4,0.49,19.4,-0.2,0.1,christian wood
Tony Wroten,2016,8.0,144.0,1.8,0.412,33.5,-13.4,-0.4,tony wroten
Pat Connaughton,2016,34.0,143.0,4.6,0.352,18.7,-8.0,-0.2,pat connaughton
Chris Kaman,2016,16.0,112.0,11.1,0.496,20.4,-3.6,0.0,chris kaman
Jeff Ayres,2016,17.0,107.0,8.3,0.585,13.4,-6.1,-0.1,jeff ayres
Cameron Bairstow,2016,18.0,103.0,6.8,0.391,20.3,-7.5,-0.1,cameron bairstow
Orlando Johnson,2016,7.0,101.0,3.6,0.346,17.8,-8.3,-0.2,orlando johnson
Joel Anthony,2016,19.0,96.0,14.1,0.666,7.0,0.4,0.1,joel anthony
Sasha Kaun,2016,25.0,95.0,12.5,0.527,13.7,-2.8,0.0,sasha kaun
Aaron Harrison,2016,21.0,93.0,4.3,0.371,13.7,-6.3,-0.1,aaron harrison
Anthony Bennett,2016,19.0,84.0,10.4,0.446,19.2,-3.9,0.0,anthony bennett
Tibor Pleiß,2016,12.0,82.0,3.5,0.464,19.1,-11.6,-0.2,tibor pleiß
Edy Tavares,2016,11.0,73.0,14.4,0.555,16.9,-1.8,0.0,edy tavares
Alex Stepheson,2016,8.0,73.0,14.8,0.341,19.8,-2.4,0.0,alex stepheson
Mitch McGary,2016,20.0,72.0,7.4,0.474,20.4,-7.3,-0.1,mitch mcgary
Alan Williams,2016,10.0,68.0,21.1,0.481,22.6,-0.2,0.0,alan williams
Russ Smith,2016,15.0,66.0,10.5,0.415,23.6,-1.4,0.0,russ smith
Jorge Gutiérrez,2016,12.0,63.0,19.2,0.694,15.6,0.6,0.0,jorge gutierrez
Lorenzo Brown,2016,8.0,61.0,4.4,0.374,24.9,-8.4,-0.1,lorenzo brown
Jordan Mickey,2016,16.0,57.0,15.3,0.398,20.5,-1.5,0.0,jordan mickey
Josh Huestis,2016,5.0,55.0,6.7,0.509,13.0,-2.8,0.0,josh huestis
Andrew Goudelock,2016,8.0,50.0,12.3,0.506,24.8,-3.6,0.0,andrew goudelock
Cory Jefferson,2016,8.0,50.0,12.7,0.446,21.0,-6.4,-0.1,cory jefferson
Eric Moreland,2016,8.0,48.0,7.4,0.515,9.5,-4.5,0.0,eric moreland
Elliot Williams,2016,5.0,45.0,3.3,0.34,12.7,-7.9,-0.1,elliot williams
Steve Novak,2016,10.0,44.0,14.4,0.651,19.2,1.2,0.0,steve novak
Bruno Caboclo,2016,6.0,43.0,-7.7,0.125,16.9,-17.6,-0.2,bruno caboclo
Jodie Meeks,2016,3.0,43.0,13.5,0.506,23.1,-2.9,0.0,jodie meeks
Luis Montero,2016,12.0,42.0,-2.7,0.337,25.7,-15.5,-0.1,luis montero
Dahntay Jones,2016,1.0,42.0,10.3,0.464,15.1,-3.0,0.0,dahntay jones
Erick Green,2016,9.0,42.0,12.4,0.468,15.2,-1.9,0.0,erick green
Shayne Whittington,2016,7.0,41.0,7.4,0.463,18.1,-7.5,-0.1,shayne whittington
Bryce Cotton,2016,8.0,39.0,1.7,0.4,16.5,-8.8,-0.1,bryce cotton
Cliff Alexander,2016,8.0,36.0,11.6,0.5,13.3,0.0,0.0,cliff alexander
Justin Harper,2016,5.0,35.0,6.9,0.597,16.0,-4.2,0.0,justin harper
Branden Dawson,2016,6.0,29.0,7.1,0.46,8.5,-5.7,0.0,branden dawson
Keith Appling,2016,5.0,27.0,-4.8,0.338,19.5,-15.1,-0.1,keith appling
Chuck Hayes,2016,2.0,24.0,1.6,0.694,10.5,-8.1,0.0,chuck hayes
Duje Dukan,2016,1.0,24.0,4.2,0.3,17.7,-7.0,0.0,duje dukan
Nate Robinson,2016,2.0,23.0,2.6,0.0,1.9,-4.6,0.0,nate robinson
Kevon Looney,2016,5.0,21.0,18.6,0.643,16.5,-2.5,0.0,kevon looney
Nazr Mohammed,2016,5.0,19.0,6.0,0.68,19.9,-11.7,0.0,nazr mohammed
Jarnell Stokes,2016,7.0,18.0,20.0,0.595,14.9,2.0,0.0,jarnell stokes
Jimmer Fredette,2016,6.0,18.0,12.0,0.625,22.8,-2.6,0.0,jimmer fredette
Joe Harris,2016,5.0,15.0,3.4,0.375,15.1,-5.9,0.0,joe harris
Jordan Adams,2016,2.0,15.0,17.3,0.427,30.5,6.9,0.0,jordan adams
Coty Clarke,2016,3.0,6.0,23.9,0.75,35.5,16.5,0.0,coty clarke
Sam Dekker,2016,3.0,6.0,10.8,,0.0,2.2,0.0,sam dekker
Thanasis Antetokounmpo,2016,2.0,6.0,32.9,0.75,30.2,5.9,0.0,thanasis antetokounmpo
J.J. O'Brien,2016,2.0,6.0,1.3,0.0,7.7,-6.2,0.0,j j o brien
Rakeem Christmas,2016,1.0,6.0,32.0,1.0,14.7,6.5,0.0,rakeem christmas
Andrew Wiggins,2017,82.0,3048.0,16.5,0.534,29.0,-1.7,0.2,andrew wiggins
Karl-Anthony Towns,2017,82.0,3030.0,25.9,0.618,27.5,4.7,5.2,karl anthony towns
James Harden,2017,81.0,2947.0,27.4,0.613,34.2,8.7,8.0,james harden
Giannis Antetokounmpo,2017,80.0,2845.0,26.1,0.599,28.3,7.3,6.7,giannis antetokounmpo
John Wall,2017,78.0,2836.0,23.2,0.541,30.6,4.7,4.8,john wall
Jimmy Butler,2017,76.0,2809.0,25.1,0.586,26.5,7.3,6.6,jimmy butler
Harrison Barnes,2017,79.0,2803.0,16.3,0.541,25.3,-0.8,0.8,harrison barnes
Russell Westbrook,2017,81.0,2802.0,30.6,0.554,41.7,11.1,9.3,russell westbrook
CJ McCollum,2017,80.0,2796.0,19.9,0.585,27.5,2.0,2.8,cj mccollum
LeBron James,2017,74.0,2794.0,27.0,0.619,30.0,7.6,6.7,lebron james
Trevor Ariza,2017,80.0,2773.0,12.3,0.548,14.1,1.0,2.1,trevor ariza
Rudy Gobert,2017,81.0,2744.0,23.3,0.681,16.7,4.4,4.4,rudy gobert
Kemba Walker,2017,79.0,2739.0,21.3,0.569,29.2,4.1,4.2,kemba walker
Devin Booker,2017,78.0,2730.0,14.6,0.531,28.6,-1.9,0.1,devin booker
Anthony Davis,2017,75.0,2708.0,27.5,0.58,32.6,5.9,5.4,anthony davis
Damian Lillard,2017,75.0,2694.0,24.1,0.586,31.5,5.0,4.8,damian lillard
Paul George,2017,75.0,2689.0,20.2,0.587,28.9,3.1,3.4,paul george
Bradley Beal,2017,77.0,2684.0,20.1,0.604,26.5,3.3,3.5,bradley beal
Jeff Teague,2017,82.0,2657.0,19.2,0.574,22.1,2.2,2.8,jeff teague
Gorgui Dieng,2017,82.0,2653.0,14.2,0.555,14.0,-0.1,1.3,gorgui dieng
Klay Thompson,2017,78.0,2649.0,17.4,0.592,26.1,0.8,1.9,klay thompson
Stephen Curry,2017,79.0,2638.0,24.6,0.624,30.1,6.9,5.9,stephen curry
DeMar DeRozan,2017,74.0,2620.0,24.0,0.552,34.3,3.0,3.3,demar derozan
Nicolas Batum,2017,77.0,2617.0,15.8,0.529,22.3,0.8,1.9,nicolas batum
Otto Porter Jr.,2017,80.0,2605.0,17.3,0.628,15.1,3.3,3.5,otto porter
DeAndre Jordan,2017,81.0,2570.0,21.8,0.673,15.3,3.3,3.5,deandre jordan
Isaiah Thomas,2017,76.0,2569.0,26.5,0.625,34.0,6.7,5.6,isaiah thomas
Tobias Harris,2017,82.0,2567.0,16.9,0.568,21.7,1.6,2.3,tobias harris
Marcus Morris,2017,79.0,2565.0,12.4,0.508,20.3,-1.1,0.6,marcus morris
Marcin Gortat,2017,82.0,2556.0,15.4,0.593,14.7,-0.8,0.8,marcin gortat
Myles Turner,2017,81.0,2541.0,18.5,0.585,19.5,1.1,2.0,myles turner
Carmelo Anthony,2017,74.0,2538.0,17.9,0.535,29.1,0.7,1.7,carmelo anthony
Marc Gasol,2017,74.0,2531.0,20.3,0.554,26.4,5.2,4.6,marc gasol
Kentavious Caldwell-Pope,2017,76.0,2529.0,12.8,0.519,19.2,-0.2,1.1,kentavious caldwell pope
Kyrie Irving,2017,72.0,2525.0,23.0,0.58,30.8,3.4,3.4,kyrie irving
Gordon Hayward,2017,73.0,2516.0,22.2,0.595,27.6,5.0,4.5,gordon hayward
Hassan Whiteside,2017,77.0,2513.0,22.6,0.579,22.7,1.5,2.2,hassan whiteside
Wesley Matthews,2017,73.0,2495.0,11.9,0.533,19.4,-0.8,0.8,wesley matthews
Dennis Schröder,2017,79.0,2485.0,16.1,0.533,27.8,0.0,1.3,dennis schroder
Kawhi Leonard,2017,74.0,2474.0,27.6,0.61,31.1,9.4,7.1,kawhi leonard
Draymond Green,2017,76.0,2471.0,16.5,0.522,16.2,4.9,4.3,draymond green
Ricky Rubio,2017,75.0,2469.0,16.8,0.539,17.4,0.9,1.8,ricky rubio
DeMarcus Cousins,2017,72.0,2465.0,25.8,0.562,36.5,6.8,5.5,demarcus cousins
Courtney Lee,2017,77.0,2459.0,12.2,0.559,14.4,-0.9,0.7,courtney lee
Goran Dragić,2017,73.0,2459.0,19.8,0.575,27.1,2.6,2.9,goran dragic
Serge Ibaka,2017,79.0,2422.0,16.4,0.566,20.9,0.1,1.2,serge ibaka
Elfrid Payton,2017,82.0,2412.0,17.2,0.52,21.6,0.8,1.7,elfrid payton
Andre Drummond,2017,81.0,2409.0,20.9,0.518,22.4,1.0,1.8,andre drummond
Marcus Smart,2017,79.0,2399.0,12.0,0.486,18.8,-1.3,0.4,marcus smart
Jordan Clarkson,2017,82.0,2397.0,13.2,0.526,23.3,-2.5,-0.3,jordan clarkson
Steven Adams,2017,80.0,2389.0,16.5,0.589,16.2,-0.2,1.1,steven adams
Andre Roberson,2017,79.0,2376.0,9.6,0.51,10.1,-1.0,0.6,andre roberson
Solomon Hill,2017,80.0,2374.0,8.0,0.527,11.5,-2.7,-0.4,solomon hill
Markieff Morris,2017,76.0,2374.0,13.7,0.54,20.5,-1.5,0.3,markieff morris
Michael Kidd-Gilchrist,2017,81.0,2349.0,14.3,0.528,14.6,-0.7,0.7,michael kidd gilchrist
Paul Millsap,2017,69.0,2343.0,17.9,0.542,24.4,2.1,2.4,paul millsap
Tony Snell,2017,80.0,2336.0,9.7,0.603,12.1,-1.7,0.2,tony snell
Tristan Thompson,2017,78.0,2336.0,15.3,0.594,11.3,-0.7,0.7,tristan thompson
LaMarcus Aldridge,2017,72.0,2335.0,18.6,0.532,24.5,0.8,1.7,lamarcus aldridge
Jae Crowder,2017,72.0,2335.0,14.9,0.613,17.0,0.9,1.7,jae crowder
Eric Gordon,2017,75.0,2323.0,13.2,0.557,22.1,-0.1,1.1,eric gordon
Aaron Gordon,2017,80.0,2298.0,14.5,0.53,20.1,-1.0,0.6,aaron gordon
Marvin Williams,2017,76.0,2295.0,13.7,0.551,16.3,0.0,1.1,marvin williams
Mike Conley,2017,69.0,2292.0,23.2,0.604,26.3,6.8,5.1,mike conley
Brandon Ingram,2017,79.0,2279.0,8.5,0.474,16.8,-4.4,-1.4,brandon ingram
Robin Lopez,2017,81.0,2271.0,14.4,0.511,17.5,-2.2,-0.1,robin lopez
Allen Crabbe,2017,79.0,2254.0,11.6,0.602,14.9,-1.3,0.4,allen crabbe
Kyle Lowry,2017,60.0,2244.0,22.9,0.623,24.9,6.1,4.6,kyle lowry
Thaddeus Young,2017,74.0,2237.0,14.9,0.562,16.4,0.5,1.4,thaddeus young
P.J. Tucker,2017,81.0,2236.0,10.5,0.516,11.2,-0.3,1.0,p j tucker
Evan Fournier,2017,68.0,2234.0,13.9,0.555,23.5,-1.3,0.4,evan fournier
Maurice Harkless,2017,77.0,2223.0,13.1,0.57,15.2,-0.6,0.8,maurice harkless
Brook Lopez,2017,75.0,2222.0,20.4,0.578,29.2,2.3,2.4,brook lopez
Victor Oladipo,2017,67.0,2222.0,13.6,0.534,21.4,-0.5,0.8,victor oladipo
Dwight Howard,2017,74.0,2199.0,20.8,0.627,19.2,1.4,1.9,dwight howard
JJ Redick,2017,78.0,2198.0,14.8,0.599,22.0,0.4,1.4,jj redick
Wilson Chandler,2017,71.0,2197.0,14.9,0.545,22.0,-1.0,0.5,wilson chandler
Al Horford,2017,68.0,2193.0,17.7,0.553,19.7,3.4,3.0,al horford
Jrue Holiday,2017,67.0,2190.0,17.1,0.532,23.5,1.3,1.8,jrue holiday
Nik Stauskas,2017,80.0,2188.0,9.0,0.54,16.4,-2.8,-0.5,nik stauskas
Tyler Johnson,2017,73.0,2178.0,15.9,0.535,20.9,1.4,1.8,tyler johnson
Eric Bledsoe,2017,66.0,2176.0,20.5,0.563,28.1,3.6,3.1,eric bledsoe
Kristaps Porziņģis,2017,66.0,2164.0,17.4,0.546,24.3,0.3,1.3,kristaps porzingis
Nikola Vučević,2017,75.0,2163.0,19.1,0.498,24.8,1.4,1.9,nikola vucevic
Jamal Crawford,2017,82.0,2157.0,12.0,0.525,22.7,-2.1,0.0,jamal crawford
Tim Hardaway Jr.,2017,79.0,2154.0,15.2,0.568,22.5,0.5,1.4,tim hardaway
Mason Plumlee,2017,81.0,2148.0,18.1,0.558,18.1,2.0,2.2,mason plumlee
Ersan İlyasova,2017,82.0,2142.0,14.6,0.546,22.2,0.1,1.1,ersan ilyasova
Danilo Gallinari,2017,63.0,2134.0,17.4,0.622,20.0,1.4,1.9,danilo gallinari
T.J. McConnell,2017,81.0,2133.0,13.7,0.504,14.4,-1.0,0.5,t j mcconnell
Julius Randle,2017,74.0,2132.0,16.3,0.543,21.4,-0.9,0.6,julius randle
Dario Šarić,2017,81.0,2129.0,12.8,0.508,24.6,-2.3,-0.2,dario saric
Robert Covington,2017,67.0,2119.0,13.2,0.534,19.2,0.2,1.1,robert covington
Ryan Anderson,2017,72.0,2116.0,13.5,0.583,17.9,-0.4,0.9,ryan anderson
JaMychal Green,2017,77.0,2101.0,13.5,0.601,14.4,-0.8,0.6,jamychal green
James Johnson,2017,76.0,2085.0,17.0,0.564,22.0,2.8,2.5,james johnson
Bojan Bogdanović,2017,81.0,2083.0,13.5,0.585,22.4,-2.2,-0.1,bojan bogdanovic
Derrick Rose,2017,64.0,2082.0,17.0,0.53,25.7,-1.0,0.5,derrick rose
Blake Griffin,2017,61.0,2076.0,22.6,0.569,28.0,4.7,3.5,blake griffin
Kevin Durant,2017,62.0,2070.0,27.6,0.651,27.8,8.9,5.7,kevin durant
Jonas Valančiūnas,2017,80.0,2066.0,20.1,0.601,19.5,0.3,1.2,jonas valanciunas
Darren Collison,2017,68.0,2063.0,15.3,0.57,19.8,-0.9,0.6,darren collison
Patrick Beverley,2017,67.0,2058.0,13.0,0.546,14.1,1.1,1.6,patrick beverley
Austin Rivers,2017,74.0,2054.0,11.4,0.545,20.3,-2.2,-0.1,austin rivers
T.J. Warren,2017,66.0,2048.0,15.6,0.539,19.2,-0.6,0.7,t j warren
Jameer Nelson,2017,75.0,2045.0,11.5,0.544,15.8,-2.0,0.0,jameer nelson
Nikola Jokić,2017,73.0,2038.0,26.3,0.64,23.5,7.3,4.8,nikola jokic
Seth Curry,2017,70.0,2029.0,15.5,0.601,19.5,1.2,1.7,seth curry
Cory Joseph,2017,80.0,2003.0,13.2,0.518,18.4,-1.3,0.4,cory joseph
Andre Iguodala,2017,76.0,1998.0,14.3,0.624,11.2,2.5,2.3,andre iguodala
Monta Ellis,2017,74.0,1998.0,9.9,0.514,16.8,-2.9,-0.5,monta ellis
Lou Williams,2017,81.0,1994.0,21.4,0.593,29.1,3.9,3.0,lou williams
Taj Gibson,2017,78.0,1989.0,15.0,0.543,19.3,-1.5,0.2,taj gibson
Matthew Dellavedova,2017,76.0,1986.0,9.4,0.501,16.3,-4.2,-1.1,matthew dellavedova
Malcolm Brogdon,2017,75.0,1982.0,14.9,0.555,18.5,-0.4,0.8,malcolm brogdon
Joe Ingles,2017,82.0,1972.0,12.4,0.604,13.9,1.6,1.8,joe ingles
Rodney McGruder,2017,78.0,1966.0,9.1,0.506,12.3,-1.9,0.0,rodney mcgruder
Kent Bazemore,2017,73.0,1963.0,11.6,0.504,20.5,-1.0,0.5,kent bazemore
Ish Smith,2017,81.0,1955.0,14.7,0.477,20.5,0.3,1.1,ish smith
Terrence Ross,2017,78.0,1955.0,13.4,0.55,19.3,-0.2,0.9,terrence ross
Frank Kaminsky,2017,75.0,1954.0,13.0,0.502,21.8,-1.2,0.4,frank kaminsky
Jon Leuer,2017,75.0,1944.0,14.2,0.551,17.3,-0.1,1.0,jon leuer
Iman Shumpert,2017,76.0,1937.0,9.0,0.536,14.0,-2.3,-0.1,iman shumpert
Chris Paul,2017,61.0,1921.0,26.2,0.614,24.4,8.7,5.2,chris paul
Tony Allen,2017,71.0,1914.0,13.3,0.493,17.9,-1.0,0.5,tony allen
Buddy Hield,2017,82.0,1888.0,11.8,0.541,21.3,-2.0,0.0,buddy hield
Kevin Love,2017,60.0,1885.0,21.1,0.573,26.4,2.1,1.9,kevin love
DeMarre Carroll,2017,72.0,1882.0,11.9,0.53,15.6,0.0,1.0,demarre carroll
Joe Johnson,2017,78.0,1843.0,12.8,0.542,18.5,0.4,1.1,joe johnson
Rajon Rondo,2017,69.0,1843.0,13.6,0.461,17.8,-0.5,0.7,rajon rondo
Avery Bradley,2017,55.0,1835.0,14.4,0.548,21.9,-0.6,0.7,avery bradley
Greg Monroe,2017,81.0,1823.0,21.1,0.572,24.3,1.8,1.7,greg monroe
E'Twaun Moore,2017,73.0,1820.0,12.1,0.537,17.4,-1.6,0.2,e twaun moore
D'Angelo Russell,2017,63.0,1811.0,15.3,0.518,26.6,-0.8,0.6,d angelo russell
Danny Green,2017,68.0,1807.0,10.1,0.537,13.5,0.8,1.3,danny green
Brandon Jennings,2017,81.0,1802.0,12.1,0.479,17.6,-2.4,-0.2,brandon jennings
Vince Carter,2017,73.0,1799.0,11.7,0.542,14.9,0.8,1.3,vince carter
Bismack Biyombo,2017,81.0,1793.0,12.2,0.546,13.2,-3.2,-0.6,bismack biyombo
Dwyane Wade,2017,60.0,1792.0,18.5,0.508,29.6,2.5,2.1,dwyane wade
Luc Mbah a Moute,2017,80.0,1787.0,10.2,0.581,11.6,-0.2,0.8,luc mbah a moute
Zach Randolph,2017,73.0,1786.0,18.5,0.49,29.2,-0.5,0.7,zach randolph
Gary Harris,2017,57.0,1782.0,16.5,0.611,18.4,0.7,1.2,gary harris
Marco Belinelli,2017,74.0,1778.0,13.3,0.566,19.2,-1.1,0.4,marco belinelli
Matt Barnes,2017,74.0,1777.0,10.3,0.514,15.6,-1.4,0.3,matt barnes
C.J. Miles,2017,76.0,1776.0,13.8,0.592,18.4,0.5,1.1,c j miles
Al-Farouq Aminu,2017,61.0,1773.0,11.3,0.506,15.4,-1.1,0.4,al farouq aminu
Jamal Murray,2017,82.0,1764.0,11.9,0.518,21.6,-2.0,0.0,jamal murray
Rondae Hollis-Jefferson,2017,78.0,1761.0,13.7,0.517,18.7,-1.3,0.3,rondae hollis jefferson
Patty Mills,2017,80.0,1754.0,15.2,0.578,19.5,1.6,1.6,patty mills
Trevor Booker,2017,71.0,1754.0,15.7,0.554,18.7,-0.6,0.6,trevor booker
Sean Kilpatrick,2017,70.0,1754.0,13.1,0.546,23.8,-2.3,-0.1,sean kilpatrick
Kyle Korver,2017,67.0,1753.0,12.1,0.635,15.2,0.0,0.9,kyle korver
Zach LaVine,2017,47.0,1749.0,14.6,0.576,21.7,0.1,0.9,zach lavine
Marquese Chriss,2017,82.0,1743.0,12.3,0.529,19.7,-2.2,-0.1,marquese chriss
Ty Lawson,2017,69.0,1732.0,15.4,0.551,19.5,-1.0,0.4,ty lawson
Garrett Temple,2017,65.0,1728.0,11.2,0.545,14.2,-0.8,0.5,garrett temple
Jabari Parker,2017,51.0,1728.0,19.1,0.563,26.5,0.7,1.2,jabari parker
Cody Zeller,2017,62.0,1725.0,16.7,0.604,15.5,0.2,1.0,cody zeller
Will Barton,2017,60.0,1705.0,15.5,0.547,21.1,0.2,1.0,will barton
Raymond Felton,2017,80.0,1700.0,10.9,0.496,16.5,-1.3,0.3,raymond felton
Nikola Mirotić,2017,70.0,1679.0,14.5,0.546,19.8,0.7,1.1,nikola mirotic
Gerald Henderson,2017,72.0,1667.0,10.8,0.529,17.9,-3.1,-0.5,gerald henderson
Evan Turner,2017,65.0,1658.0,11.4,0.491,18.5,-2.5,-0.2,evan turner
Deron Williams,2017,64.0,1657.0,14.0,0.541,22.1,-1.8,0.1,deron williams
Dante Cunningham,2017,66.0,1649.0,10.2,0.586,10.7,-1.6,0.2,dante cunningham
Isaiah Whitehead,2017,73.0,1643.0,7.6,0.487,18.2,-5.1,-1.3,isaiah whitehead
Dorian Finney-Smith,2017,81.0,1642.0,7.7,0.486,11.6,-2.6,-0.3,dorian finney smith
Justin Holiday,2017,82.0,1639.0,12.7,0.549,16.9,-0.3,0.7,justin holiday
Domantas Sabonis,2017,81.0,1632.0,6.9,0.469,15.4,-4.5,-1.0,domantas sabonis
Pau Gasol,2017,64.0,1627.0,20.2,0.578,21.3,4.0,2.5,pau gasol
Richard Jefferson,2017,79.0,1614.0,8.3,0.574,12.2,-3.1,-0.4,richard jefferson
Josh Richardson,2017,53.0,1614.0,10.7,0.493,16.8,-1.1,0.4,josh richardson
Amir Johnson,2017,80.0,1608.0,15.0,0.628,13.6,0.6,1.1,amir johnson
Kelly Oubre Jr.,2017,79.0,1605.0,9.1,0.516,14.6,-3.2,-0.5,kelly oubre
Patrick Patterson,2017,65.0,1599.0,10.8,0.542,12.5,0.1,0.8,patrick patterson
Thabo Sefolosha,2017,62.0,1596.0,11.9,0.519,13.3,0.4,1.0,thabo sefolosha
Rodney Hood,2017,59.0,1593.0,12.4,0.522,22.9,-0.9,0.4,rodney hood
Tony Parker,2017,63.0,1587.0,13.0,0.514,20.2,-2.6,-0.2,tony parker
Arron Afflalo,2017,61.0,1580.0,8.9,0.559,14.4,-3.6,-0.7,arron afflalo
Alex Len,2017,77.0,1560.0,15.0,0.553,17.6,-2.3,-0.1,alex len
Nick Young,2017,60.0,1556.0,14.1,0.588,19.5,-0.1,0.7,nick young
Clint Capela,2017,65.0,1551.0,21.4,0.638,19.9,1.2,1.2,clint capela
George Hill,2017,49.0,1544.0,19.3,0.599,23.5,3.8,2.3,george hill
D.J. Augustin,2017,78.0,1538.0,11.0,0.524,19.4,-3.0,-0.4,d j augustin
Kelly Olynyk,2017,75.0,1538.0,15.3,0.603,19.0,0.3,0.9,kelly olynyk
Jeff Green,2017,69.0,1534.0,10.5,0.505,20.3,-3.6,-0.6,jeff green
Enes Freedom,2017,72.0,1533.0,23.7,0.599,27.3,1.7,1.4,enes freedom
Jerami Grant,2017,80.0,1531.0,10.1,0.556,12.1,-1.3,0.3,jerami grant
Tim Frazier,2017,65.0,1525.0,12.4,0.504,16.3,-2.7,-0.3,tim frazier
Sergio Rodríguez,2017,68.0,1518.0,11.1,0.484,19.3,-2.7,-0.3,sergio rodriguez
Shabazz Muhammad,2017,78.0,1516.0,14.9,0.566,21.5,-2.4,-0.1,shabazz muhammad
Doug McDermott,2017,66.0,1508.0,10.7,0.554,16.4,-2.3,-0.1,doug mcdermott
James Ennis III,2017,64.0,1501.0,10.6,0.581,13.0,-1.2,0.3,james ennis
Wayne Ellington,2017,62.0,1500.0,12.6,0.565,17.9,-0.1,0.7,wayne ellington
Langston Galloway,2017,74.0,1495.0,10.4,0.51,18.4,-2.3,-0.1,langston galloway
Luol Deng,2017,56.0,1486.0,10.1,0.47,14.2,-2.1,0.0,luol deng
David Lee,2017,79.0,1477.0,18.5,0.613,16.9,1.8,1.4,david lee
Anthony Tolliver,2017,65.0,1477.0,11.1,0.595,13.6,-1.0,0.4,anthony tolliver
Andrew Harrison,2017,72.0,1474.0,8.7,0.477,16.4,-3.4,-0.5,andrew harrison
Larry Nance Jr.,2017,63.0,1442.0,15.7,0.567,13.4,0.6,1.0,larry nance
Glenn Robinson III,2017,69.0,1427.0,11.5,0.564,12.8,-0.3,0.6,glenn robinson
Dirk Nowitzki,2017,54.0,1424.0,17.0,0.529,25.8,0.8,1.0,dirk nowitzki
Reggie Jackson,2017,52.0,1424.0,14.9,0.51,26.4,-1.0,0.4,reggie jackson
Willie Cauley-Stein,2017,75.0,1421.0,16.3,0.558,19.7,-1.0,0.3,willie cauley stein
Sam Dekker,2017,77.0,1419.0,13.1,0.549,14.9,-0.2,0.6,sam dekker
Kosta Koufos,2017,71.0,1419.0,13.8,0.56,15.3,-2.5,-0.2,kosta koufos
Emmanuel Mudiay,2017,55.0,1406.0,10.9,0.483,22.6,-3.2,-0.4,emmanuel mudiay
Channing Frye,2017,74.0,1398.0,15.6,0.612,19.3,1.0,1.1,channing frye
Jonathon Simmons,2017,78.0,1392.0,9.9,0.504,18.0,-2.6,-0.2,jonathon simmons
Jusuf Nurkić,2017,65.0,1391.0,17.5,0.528,23.9,-0.9,0.4,jusuf nurkic
Dion Waiters,2017,46.0,1384.0,14.5,0.507,26.3,-0.1,0.7,dion waiters
Stanley Johnson,2017,77.0,1371.0,7.2,0.436,14.8,-3.0,-0.3,stanley johnson
Norman Powell,2017,76.0,1368.0,14.0,0.552,21.1,-0.5,0.5,norman powell
Jason Terry,2017,74.0,1365.0,9.1,0.6,9.8,-0.9,0.4,jason terry
Jared Dudley,2017,64.0,1362.0,10.6,0.579,13.8,-1.0,0.3,jared dudley
Shaun Livingston,2017,76.0,1345.0,10.1,0.568,13.0,-2.5,-0.2,shaun livingston
Jaylen Brown,2017,78.0,1341.0,10.3,0.539,18.1,-3.7,-0.6,jaylen brown
Spencer Dinwiddie,2017,59.0,1334.0,12.7,0.581,14.1,-1.0,0.4,spencer dinwiddie
Kris Dunn,2017,78.0,1333.0,8.1,0.432,14.2,-2.8,-0.3,kris dunn
Dwight Powell,2017,77.0,1333.0,17.6,0.588,16.7,1.0,1.0,dwight powell
Dewayne Dedmon,2017,76.0,1330.0,16.0,0.645,12.3,0.6,0.9,dewayne dedmon
Willy Hernangómez,2017,72.0,1324.0,19.0,0.564,20.3,-0.3,0.6,willy hernangomez
Tyson Chandler,2017,47.0,1298.0,16.6,0.703,11.2,0.3,0.8,tyson chandler
Kenneth Faried,2017,61.0,1296.0,20.3,0.588,18.3,0.3,0.7,kenneth faried
Manu Ginóbili,2017,69.0,1291.0,13.9,0.532,20.4,1.4,1.1,manu ginobili
Marreese Speights,2017,82.0,1286.0,17.5,0.584,23.6,0.6,0.9,marreese speights
Randy Foye,2017,69.0,1284.0,7.3,0.506,14.4,-4.4,-0.8,randy foye
Boris Diaw,2017,73.0,1283.0,9.0,0.494,15.6,-2.5,-0.1,boris diaw
Corey Brewer,2017,82.0,1281.0,9.1,0.491,14.3,-2.7,-0.2,corey brewer
Terrence Jones,2017,54.0,1270.0,16.1,0.515,21.4,-0.6,0.5,terrence jones
Zaza Pachulia,2017,70.0,1268.0,16.1,0.588,15.3,0.6,0.8,zaza pachulia
Noah Vonleh,2017,74.0,1265.0,10.8,0.525,13.1,-3.9,-0.6,noah vonleh
Terry Rozier,2017,74.0,1263.0,10.9,0.466,17.1,-1.4,0.2,terry rozier
Malcolm Delaney,2017,73.0,1248.0,7.5,0.456,18.3,-5.6,-1.1,malcolm delaney
Mike Muscala,2017,70.0,1237.0,14.4,0.596,14.8,1.1,1.0,mike muscala
Caris LeVert,2017,57.0,1237.0,12.3,0.556,16.6,-1.1,0.3,caris levert
Jonas Jerebko,2017,78.0,1232.0,9.3,0.537,11.4,-2.4,-0.1,jonas jerebko
Kyle O'Quinn,2017,79.0,1229.0,20.5,0.552,18.5,1.9,1.2,kyle o quinn
Danté Exum,2017,66.0,1228.0,8.5,0.521,18.1,-3.3,-0.4,dante exum
Justin Anderson,2017,75.0,1228.0,13.9,0.537,20.9,-1.3,0.2,justin anderson
Meyers Leonard,2017,74.0,1222.0,8.9,0.507,15.5,-3.3,-0.4,meyers leonard
Shelvin Mack,2017,55.0,1205.0,10.9,0.518,19.6,-2.3,-0.1,shelvin mack
Nenê,2017,67.0,1198.0,18.9,0.63,19.7,0.8,0.8,nene
Yogi Ferrell,2017,46.0,1197.0,13.1,0.533,19.6,-1.1,0.3,yogi ferrell
Richaun Holmes,2017,57.0,1193.0,18.6,0.611,18.6,1.0,0.9,richaun holmes
Timothé Luwawu-Cabarrot,2017,69.0,1190.0,8.5,0.536,17.8,-4.6,-0.8,timothe luwawu cabarrot
Nemanja Bjelica,2017,65.0,1190.0,11.0,0.526,16.4,-1.6,0.1,nemanja bjelica
J.R. Smith,2017,41.0,1187.0,8.1,0.484,14.6,-2.1,0.0,j r smith
Derrick Favors,2017,50.0,1186.0,15.8,0.512,20.7,-0.1,0.6,derrick favors
Troy Daniels,2017,67.0,1183.0,10.4,0.531,21.7,-1.8,0.0,troy daniels
Justin Hamilton,2017,64.0,1177.0,13.6,0.55,16.2,-0.8,0.4,justin hamilton
Ben McLemore,2017,61.0,1176.0,9.8,0.538,20.1,-4.2,-0.6,ben mclemore
Aron Baynes,2017,75.0,1163.0,13.1,0.57,14.1,-2.7,-0.2,aron baynes
Trey Lyles,2017,71.0,1158.0,9.9,0.464,21.7,-2.2,-0.1,trey lyles
Jeremy Lamb,2017,62.0,1143.0,17.0,0.55,23.2,0.5,0.7,jeremy lamb
Brandon Knight,2017,54.0,1140.0,12.4,0.502,25.0,-2.8,-0.2,brandon knight
Joe Harris,2017,52.0,1138.0,9.0,0.558,16.5,-3.5,-0.4,joe harris
Ian Clark,2017,77.0,1137.0,13.1,0.575,19.5,-1.5,0.1,ian clark
Jahlil Okafor,2017,50.0,1134.0,14.8,0.546,24.1,-2.5,-0.1,jahlil okafor
Mirza Teletović,2017,70.0,1133.0,8.8,0.515,19.1,-3.8,-0.5,mirza teletovic
Tyler Ulis,2017,61.0,1123.0,13.0,0.474,20.3,-2.4,-0.1,tyler ulis
John Henson,2017,58.0,1123.0,15.3,0.55,16.6,-1.6,0.1,john henson
Timofey Mozgov,2017,54.0,1104.0,12.3,0.553,16.8,-4.3,-0.7,timofey mozgov
Tarik Black,2017,67.0,1091.0,15.0,0.56,15.7,-3.2,-0.3,tarik black
Lucas Nogueira,2017,57.0,1088.0,15.5,0.682,9.5,2.0,1.1,lucas nogueira
Devin Harris,2017,65.0,1087.0,13.8,0.549,19.7,-0.4,0.4,devin harris
Patrick McCaw,2017,71.0,1074.0,8.6,0.54,11.9,-2.4,-0.1,patrick mccaw
Jason Smith,2017,74.0,1068.0,13.6,0.598,16.7,-1.8,0.1,jason smith
Luke Babbitt,2017,68.0,1065.0,8.3,0.563,13.0,-2.0,0.0,luke babbitt
Montrezl Harrell,2017,58.0,1064.0,19.2,0.662,17.6,1.0,0.8,montrezl harrell
Álex Abrines,2017,68.0,1055.0,10.1,0.56,15.9,-1.6,0.1,alex abrines
Nerlens Noel,2017,51.0,1047.0,20.4,0.622,17.6,2.4,1.2,nerlens noel
Cristiano Felício,2017,66.0,1040.0,15.3,0.603,12.4,-0.7,0.3,cristiano felicio
Willie Reed,2017,71.0,1031.0,17.1,0.578,15.3,-0.9,0.3,willie reed
Brandon Rush,2017,47.0,1030.0,6.6,0.505,9.6,-2.5,-0.1,brandon rush
Jerian Grant,2017,63.0,1028.0,13.2,0.555,16.0,0.1,0.6,jerian grant
Kyle Anderson,2017,72.0,1020.0,12.5,0.525,12.1,1.8,1.0,kyle anderson
Mindaugas Kuzminskas,2017,68.0,1016.0,12.4,0.533,19.2,-1.9,0.0,mindaugas kuzminskas
Joakim Noah,2017,46.0,1015.0,15.2,0.491,12.6,-0.5,0.4,joakim noah
Rudy Gay,2017,30.0,1013.0,17.9,0.559,25.8,1.9,1.0,rudy gay
C.J. Watson,2017,62.0,1012.0,9.3,0.507,14.1,-3.6,-0.4,c j watson
Bobby Portis,2017,64.0,1000.0,14.9,0.545,19.1,-1.5,0.1,bobby portis
Taurean Prince,2017,59.0,981.0,9.8,0.513,17.2,-1.8,0.0,taurean prince
Joffrey Lauvergne,2017,70.0,980.0,12.6,0.509,18.5,-2.2,-0.1,joffrey lauvergne
Denzel Valentine,2017,57.0,976.0,7.3,0.492,15.4,-3.3,-0.3,denzel valentine
Semaj Christon,2017,64.0,973.0,5.7,0.387,12.2,-5.1,-0.8,semaj christon
Lance Thomas,2017,46.0,968.0,8.4,0.516,13.1,-3.5,-0.4,lance thomas
Leandro Barbosa,2017,67.0,963.0,11.5,0.509,20.0,-2.5,-0.1,leandro barbosa
Mario Hezonja,2017,65.0,960.0,7.2,0.45,18.8,-5.0,-0.7,mario hezonja
Michael Beasley,2017,56.0,935.0,17.8,0.584,25.3,-0.8,0.3,michael beasley
Al Jefferson,2017,66.0,931.0,18.9,0.526,26.1,-1.4,0.1,al jefferson
Salah Mejri,2017,73.0,905.0,14.8,0.65,10.6,-0.7,0.3,salah mejri
Aaron Brooks,2017,65.0,894.0,9.5,0.507,19.2,-3.7,-0.4,aaron brooks
Khris Middleton,2017,29.0,889.0,15.0,0.57,22.5,-0.3,0.4,khris middleton
Jeremy Lin,2017,36.0,883.0,19.2,0.566,26.6,2.0,0.9,jeremy lin
Lavoy Allen,2017,61.0,871.0,11.6,0.485,10.9,-1.7,0.1,lavoy allen
Pascal Siakam,2017,55.0,859.0,11.5,0.523,13.1,-2.4,-0.1,pascal siakam
Ron Baker,2017,52.0,857.0,7.5,0.456,14.8,-4.7,-0.6,ron baker
David West,2017,68.0,854.0,16.6,0.571,17.9,2.8,1.0,david west
Michael Carter-Williams,2017,45.0,846.0,9.9,0.437,20.9,-3.2,-0.3,michael carter williams
Paul Zipser,2017,44.0,843.0,6.9,0.503,14.4,-4.4,-0.5,paul zipser
Juancho Hernangómez,2017,62.0,842.0,13.4,0.592,14.6,-0.1,0.4,juancho hernangomez
Mike Dunleavy,2017,53.0,841.0,10.1,0.573,14.0,-1.4,0.1,mike dunleavy
Ramon Sessions,2017,50.0,811.0,12.4,0.495,20.1,-2.4,-0.1,ramon sessions
Wesley Johnson,2017,68.0,810.0,8.4,0.448,12.5,-2.0,0.0,wesley johnson
Dāvis Bertāns,2017,67.0,808.0,12.9,0.609,15.7,1.3,0.7,davis bertans
Derrick Williams,2017,50.0,804.0,10.6,0.537,17.2,-2.9,-0.2,derrick williams
Spencer Hawes,2017,54.0,797.0,15.6,0.562,19.8,0.5,0.5,spencer hawes
Ed Davis,2017,46.0,789.0,11.5,0.563,12.0,-4.1,-0.4,ed davis
Tyreke Evans,2017,40.0,788.0,15.5,0.501,26.7,0.4,0.5,tyreke evans
Joel Embiid,2017,31.0,786.0,24.1,0.584,36.0,4.5,1.3,joel embiid
DeAndre Liggins,2017,62.0,777.0,7.5,0.476,11.6,-2.2,0.0,deandre liggins
Tyus Jones,2017,60.0,774.0,13.8,0.523,13.6,0.2,0.4,tyus jones
J.J. Barea,2017,35.0,771.0,17.2,0.521,26.2,1.5,0.7,j j barea
Hollis Thompson,2017,40.0,752.0,7.9,0.482,13.0,-2.6,-0.1,hollis thompson
JaVale McGee,2017,77.0,739.0,25.2,0.642,23.8,1.2,0.6,javale mcgee
Jodie Meeks,2017,36.0,738.0,13.1,0.567,19.4,-1.8,0.1,jodie meeks
Tomáš Satoranský,2017,57.0,719.0,8.5,0.477,12.1,-2.4,-0.1,tomas satoransky
Anthony Morrow,2017,49.0,714.0,10.1,0.505,16.4,-2.3,0.0,anthony morrow
Alan Williams,2017,47.0,708.0,19.5,0.547,20.9,-1.3,0.1,alan williams
Trey Burke,2017,57.0,703.0,10.8,0.532,19.6,-3.0,-0.2,trey burke
Rodney Stuckey,2017,39.0,696.0,9.5,0.483,22.2,-4.4,-0.4,rodney stuckey
Kris Humphries,2017,56.0,689.0,13.6,0.514,17.6,-2.0,0.0,kris humphries
Roy Hibbert,2017,48.0,682.0,13.5,0.614,14.0,-2.3,0.0,roy hibbert
Chandler Parsons,2017,34.0,675.0,7.7,0.436,17.8,-3.8,-0.3,chandler parsons
Alec Burks,2017,42.0,653.0,11.6,0.501,22.7,-2.3,0.0,alec burks
Omri Casspi,2017,36.0,643.0,10.0,0.526,14.4,-3.2,-0.2,omri casspi
Darrell Arthur,2017,41.0,639.0,12.8,0.583,17.3,-0.1,0.3,darrell arthur
Jakob Poeltl,2017,54.0,626.0,12.2,0.589,12.1,-3.1,-0.2,jakob poeltl
Justise Winslow,2017,18.0,625.0,8.2,0.399,19.8,-3.8,-0.3,justise winslow
Skal Labissière,2017,33.0,612.0,16.8,0.577,21.3,-2.3,0.0,skal labissiere
Ivica Zubac,2017,38.0,609.0,17.0,0.547,20.3,-1.7,0.0,ivica zubac
Isaiah Canaan,2017,39.0,592.0,8.1,0.483,15.4,-3.3,-0.2,isaiah canaan
Tyler Ennis,2017,53.0,588.0,10.9,0.521,19.1,-3.2,-0.2,tyler ennis
Alexis Ajinça,2017,39.0,584.0,12.9,0.529,17.2,-3.3,-0.2,alexis ajinca
Andrew Bogut,2017,27.0,583.0,9.3,0.46,10.4,-2.6,-0.1,andrew bogut
Brandon Bass,2017,52.0,577.0,19.7,0.65,19.7,0.4,0.4,brandon bass
Marcus Thornton,2017,33.0,575.0,10.4,0.494,18.7,-2.4,-0.1,marcus thornton
Dragan Bender,2017,43.0,574.0,5.3,0.44,14.4,-5.1,-0.4,dragan bender
Thon Maker,2017,57.0,562.0,14.0,0.558,17.8,-2.0,0.0,thon maker
Thomas Robinson,2017,48.0,560.0,17.3,0.535,20.7,-2.1,0.0,thomas robinson
Beno Udrih,2017,39.0,560.0,16.2,0.535,19.6,0.3,0.3,beno udrih
Kevin Séraphin,2017,49.0,559.0,14.4,0.559,19.0,-3.4,-0.2,kevin seraphin
Jarell Martin,2017,42.0,558.0,8.7,0.477,16.4,-5.8,-0.5,jarell martin
Quincy Acy,2017,38.0,558.0,11.8,0.565,16.8,-2.1,0.0,quincy acy
Troy Williams,2017,30.0,557.0,9.0,0.511,17.1,-3.8,-0.3,troy williams
Ian Mahinmi,2017,31.0,555.0,14.1,0.601,14.0,-1.4,0.1,ian mahinmi
Derrick Jones Jr.,2017,32.0,545.0,12.0,0.604,11.7,-2.3,0.0,derrick jones
José Calderón,2017,41.0,539.0,8.9,0.506,14.4,-3.2,-0.2,jose calderon
Gerald Green,2017,47.0,538.0,11.9,0.524,22.7,-3.0,-0.1,gerald green
Cole Aldrich,2017,62.0,531.0,12.7,0.549,9.4,-0.8,0.2,cole aldrich
Tyler Zeller,2017,51.0,525.0,13.0,0.508,16.5,-2.4,0.0,tyler zeller
Nicolás Brussino,2017,54.0,521.0,10.7,0.498,16.0,-1.6,0.1,nicolas brussino
Shabazz Napier,2017,53.0,512.0,13.6,0.533,21.2,-0.4,0.2,shabazz napier
K.J. McDaniels,2017,49.0,505.0,11.5,0.555,18.1,-2.3,0.0,k j mcdaniels
Miles Plumlee,2017,45.0,484.0,8.4,0.518,13.1,-5.0,-0.4,miles plumlee
Ömer Aşık,2017,31.0,482.0,9.8,0.517,8.8,-3.7,-0.2,omer asık
Donatas Motiejūnas,2017,34.0,479.0,9.1,0.47,17.6,-4.3,-0.3,donatas motiejunas
Okaro White,2017,35.0,471.0,7.5,0.507,10.8,-3.1,-0.1,okaro white
Reggie Bullock,2017,31.0,467.0,11.7,0.538,13.4,0.3,0.3,reggie bullock
Cameron Payne,2017,31.0,462.0,5.5,0.407,20.9,-6.1,-0.5,cameron payne
Luis Scola,2017,36.0,461.0,13.9,0.55,18.7,-2.9,-0.1,luis scola
Rashad Vaughn,2017,41.0,458.0,7.8,0.449,17.2,-3.6,-0.2,rashad vaughn
James Michael McAdoo,2017,52.0,457.0,13.1,0.543,14.6,-1.8,0.0,james michael mcadoo
Kevon Looney,2017,53.0,447.0,13.6,0.553,13.4,-1.7,0.0,kevon looney
Brandan Wright,2017,28.0,447.0,18.6,0.628,16.3,1.7,0.4,brandan wright
Delon Wright,2017,27.0,446.0,15.0,0.535,16.6,2.0,0.5,delon wright
Jordan Crawford,2017,19.0,442.0,17.6,0.582,25.5,1.3,0.4,jordan crawford
Jeff Withey,2017,51.0,432.0,18.8,0.588,14.9,1.4,0.4,jeff withey
Brian Roberts,2017,41.0,416.0,9.8,0.51,17.9,-4.2,-0.2,brian roberts
Sasha Vujačić,2017,42.0,408.0,8.6,0.423,17.3,-3.2,-0.1,sasha vujacic
Wade Baldwin,2017,33.0,405.0,6.5,0.404,19.1,-5.5,-0.3,wade baldwin
David Nwaba,2017,20.0,397.0,12.2,0.611,11.8,-2.2,0.0,david nwaba
Toney Douglas,2017,24.0,394.0,10.6,0.451,17.4,-1.5,0.1,toney douglas
Kay Felder,2017,42.0,386.0,11.4,0.462,24.2,-2.4,0.0,kay felder
Kyle Singler,2017,32.0,385.0,5.9,0.486,11.2,-4.3,-0.2,kyle singler
Jordan McRae,2017,37.0,384.0,9.7,0.488,20.8,-3.7,-0.2,jordan mcrae
James Jones,2017,48.0,381.0,11.1,0.655,13.0,-0.3,0.2,james jones
Darrun Hilliard,2017,39.0,381.0,5.9,0.459,19.3,-6.0,-0.4,darrun hilliard
Josh McRoberts,2017,22.0,381.0,9.8,0.439,16.9,-1.6,0.0,josh mcroberts
DeAndre' Bembry,2017,38.0,371.0,8.8,0.481,14.2,-3.5,-0.1,deandre bembry
Lance Stephenson,2017,18.0,361.0,9.6,0.485,18.7,-4.0,-0.2,lance stephenson
Georgios Papagiannis,2017,22.0,355.0,12.7,0.573,16.9,-3.8,-0.2,georgios papagiannis
Raul Neto,2017,40.0,346.0,10.7,0.527,14.8,-0.1,0.2,raul neto
Andrew Nicholson,2017,38.0,342.0,5.9,0.427,17.0,-6.0,-0.3,andrew nicholson
Maurice Ndour,2017,32.0,331.0,11.3,0.503,14.3,-2.8,-0.1,maurice ndour
Dejounte Murray,2017,38.0,322.0,9.6,0.503,23.5,-4.8,-0.2,dejounte murray
Pat Connaughton,2017,39.0,316.0,11.8,0.645,13.0,-0.7,0.1,pat connaughton
Damjan Rudež,2017,45.0,314.0,6.3,0.466,13.6,-4.5,-0.2,damjan rudez
Alan Anderson,2017,30.0,308.0,5.0,0.494,13.7,-6.1,-0.3,alan anderson
Chasson Randle,2017,26.0,299.0,13.6,0.586,19.7,-1.7,0.0,chasson randle
Fred VanVleet,2017,37.0,294.0,10.5,0.443,20.6,-2.1,0.0,fred vanvleet
Boban Marjanović,2017,35.0,293.0,29.6,0.606,25.3,5.5,0.6,boban marjanovic
Sheldon Mac,2017,30.0,287.0,10.1,0.518,14.0,-2.3,0.0,sheldon mac
Bryn Forbes,2017,36.0,285.0,5.9,0.462,17.9,-5.4,-0.2,bryn forbes
Paul Pierce,2017,25.0,277.0,5.7,0.535,14.8,-4.7,-0.2,paul pierce
Anthony Bennett,2017,23.0,264.0,14.7,0.533,19.4,-1.4,0.0,anthony bennett
Jake Layman,2017,35.0,249.0,4.9,0.404,19.0,-6.4,-0.3,jake layman
Deyonta Davis,2017,36.0,238.0,10.6,0.528,12.0,-4.6,-0.2,deyonta davis
Marcelo Huertas,2017,23.0,237.0,9.1,0.417,17.0,-4.6,-0.2,marcelo huertas
Wayne Selden,2017,14.0,236.0,6.9,0.525,15.3,-5.5,-0.2,wayne selden
Shawn Long,2017,18.0,234.0,24.1,0.595,25.4,1.2,0.2,shawn long
Jonathan Gibson,2017,17.0,231.0,9.5,0.492,26.3,-3.7,-0.1,jonathan gibson
James Young,2017,29.0,220.0,10.0,0.549,13.3,-1.3,0.0,james young
Rakeem Christmas,2017,29.0,219.0,10.4,0.529,13.1,-5.0,-0.2,rakeem christmas
Archie Goodwin,2017,15.0,214.0,18.7,0.651,19.8,1.9,0.2,archie goodwin
Briante Weber,2017,20.0,205.0,11.0,0.462,16.3,-3.7,-0.1,briante weber
Cheick Diallo,2017,17.0,199.0,16.8,0.51,20.5,-3.7,-0.1,cheick diallo
Malachi Richardson,2017,22.0,198.0,9.6,0.517,19.3,-4.8,-0.1,malachi richardson
Mike Scott,2017,18.0,195.0,5.9,0.36,15.8,-5.5,-0.2,mike scott
Treveon Graham,2017,27.0,189.0,10.6,0.612,11.8,-1.0,0.1,treveon graham
Quinn Cook,2017,14.0,188.0,11.8,0.579,19.6,-3.1,-0.1,quinn cook
Nicolás Laprovíttola,2017,18.0,174.0,8.4,0.579,18.2,-3.9,-0.1,nicolas laprovittola
Marshall Plumlee,2017,21.0,170.0,10.9,0.521,12.8,-4.6,-0.1,marshall plumlee
Malik Beasley,2017,22.0,165.0,13.7,0.536,22.0,-0.6,0.1,malik beasley
A.J. Hammons,2017,22.0,163.0,8.4,0.472,17.6,-6.6,-0.2,a j hammons
Metta World Peace,2017,25.0,160.0,6.5,0.38,21.9,-6.1,-0.2,metta world peace
Anthony Brown,2017,11.0,159.0,7.2,0.43,15.6,-4.4,-0.1,anthony brown
Alex Poythress,2017,6.0,157.0,13.2,0.548,16.9,-2.9,0.0,alex poythress
Mike Miller,2017,20.0,151.0,7.6,0.586,10.4,-1.5,0.0,mike miller
Henry Ellenson,2017,19.0,146.0,7.5,0.444,24.7,-5.9,-0.1,henry ellenson
Jordan Mickey,2017,25.0,141.0,9.8,0.473,15.5,-4.7,-0.1,jordan mickey
Joe Young,2017,33.0,135.0,11.4,0.433,27.8,-5.2,-0.1,joe young
Adreian Payne,2017,18.0,135.0,14.4,0.505,23.1,-2.3,0.0,adreian payne
Ronnie Price,2017,14.0,134.0,5.9,0.272,9.0,-3.4,0.0,ronnie price
Udonis Haslem,2017,16.0,130.0,8.8,0.524,12.8,-5.3,-0.1,udonis haslem
Nick Collison,2017,20.0,128.0,12.9,0.622,10.1,-0.2,0.1,nick collison
Norris Cole,2017,13.0,125.0,5.4,0.381,21.5,-6.7,-0.1,norris cole
Bobby Brown,2017,25.0,123.0,10.8,0.509,22.7,-3.6,0.0,bobby brown
Joel Anthony,2017,19.0,122.0,11.6,0.64,8.7,-2.1,0.0,joel anthony
Jared Sullinger,2017,11.0,118.0,6.0,0.366,20.7,-7.2,-0.2,jared sullinger
Jarrod Uthoff,2017,9.0,115.0,13.9,0.487,18.1,-2.2,0.0,jarrod uthoff
Chris Andersen,2017,12.0,114.0,11.6,0.497,13.0,-2.5,0.0,chris andersen
Ryan Kelly,2017,16.0,110.0,7.8,0.408,13.7,-3.1,0.0,ryan kelly
C.J. Wilcox,2017,22.0,108.0,2.9,0.329,15.4,-8.1,-0.2,c j wilcox
Stephen Zimmerman,2017,19.0,108.0,7.3,0.346,14.8,-8.3,-0.2,stephen zimmerman
Christian Wood,2017,13.0,107.0,15.1,0.591,15.4,-2.6,0.0,christian wood
Gary Payton II,2017,6.0,99.0,4.5,0.413,15.8,-6.5,-0.1,gary payton
Georges Niang,2017,23.0,93.0,0.1,0.285,20.2,-11.7,-0.2,georges niang
Anderson Varejão,2017,14.0,92.0,9.4,0.478,12.6,-4.2,-0.1,anderson varejao
Alonzo Gee,2017,13.0,89.0,3.1,0.306,10.5,-6.7,-0.1,alonzo gee
Damian Jones,2017,10.0,85.0,5.3,0.466,13.4,-9.7,-0.2,damian jones
Pierre Jackson,2017,8.0,84.0,13.0,0.416,25.3,-4.4,-0.1,pierre jackson
Tim Quarterman,2017,16.0,80.0,10.2,0.511,22.8,-2.8,0.0,tim quarterman
Chris McCullough,2017,16.0,80.0,15.2,0.526,19.9,-3.6,0.0,chris mccullough
Johnny O'Bryant,2017,11.0,80.0,14.9,0.582,21.1,-2.4,0.0,johnny o bryant
Reggie Williams,2017,6.0,79.0,11.7,0.518,14.6,-0.8,0.0,reggie williams
Tiago Splitter,2017,8.0,76.0,15.0,0.544,23.9,-4.3,0.0,tiago splitter
Daniel Ochefu,2017,19.0,75.0,6.6,0.43,18.0,-8.4,-0.1,daniel ochefu
Jerryd Bayless,2017,3.0,71.0,8.7,0.453,27.7,-4.4,0.0,jerryd bayless
Jarell Eddie,2017,5.0,62.0,9.7,0.523,16.2,-2.4,0.0,jarell eddie
Joel Bolomboy,2017,12.0,53.0,19.7,0.59,18.2,3.4,0.1,joel bolomboy
Chinanu Onuaku,2017,5.0,52.0,12.3,0.799,10.4,-1.5,0.0,chinanu onuaku
Isaiah Taylor,2017,4.0,52.0,0.3,0.19,6.4,-7.8,-0.1,isaiah taylor
Marcus Georges-Hunt,2017,5.0,48.0,10.2,0.614,12.3,-4.5,0.0,marcus georges hunt
Jordan Hill,2017,7.0,47.0,5.5,0.432,16.8,-12.3,-0.1,jordan hill
Axel Toupane,2017,4.0,47.0,6.2,0.611,8.5,-6.2,-0.1,axel toupane
Kyle Wiltjer,2017,14.0,44.0,6.7,0.437,19.1,-5.4,0.0,kyle wiltjer
Patricio Garino,2017,5.0,43.0,-9.2,0.0,10.2,-17.9,-0.2,patricio garino
Bruno Caboclo,2017,9.0,40.0,14.6,0.438,20.1,1.0,0.0,bruno caboclo
Lamar Patterson,2017,5.0,40.0,-1.9,0.276,22.2,-11.4,-0.1,lamar patterson
Greivis Vásquez,2017,3.0,39.0,4.1,0.376,11.3,-5.5,0.0,greivis vasquez
Jordan Farmar,2017,2.0,35.0,14.4,0.5,19.4,2.1,0.0,jordan farmar
Jarrett Jack,2017,2.0,33.0,7.7,0.773,9.2,-1.4,0.0,jarrett jack
Michael Gbinije,2017,9.0,32.0,-2.1,0.184,15.0,-12.1,-0.1,michael gbinije
Justin Harper,2017,3.0,31.0,4.9,0.5,22.4,-10.3,-0.1,justin harper
Josh Huestis,2017,2.0,31.0,26.1,0.612,15.7,8.8,0.1,josh huestis
Arinze Onuaku,2017,8.0,28.0,5.8,0.5,9.4,-6.4,0.0,arinze onuaku
Edy Tavares,2017,2.0,28.0,21.3,0.633,13.2,3.3,0.0,edy tavares
Manny Harris,2017,4.0,25.0,-2.2,0.239,35.4,-14.8,-0.1,manny harris
Mike Tobey,2017,2.0,25.0,-0.1,0.25,9.0,-9.5,0.0,mike tobey
Diamond Stone,2017,7.0,24.0,-1.2,0.339,31.3,-20.8,-0.1,diamond stone
Elijah Millsap,2017,2.0,23.0,-3.4,0.19,18.0,-19.0,-0.1,elijah millsap
Steve Novak,2017,8.0,22.0,1.3,0.357,14.5,-11.2,-0.1,steve novak
Gary Neal,2017,2.0,18.0,-4.3,0.228,21.2,-15.9,-0.1,gary neal
Aaron Harrison,2017,5.0,17.0,-2.2,0.102,12.9,-11.8,0.0,aaron harrison
Demetrius Jackson,2017,5.0,17.0,30.8,0.753,17.3,9.8,0.1,demetrius jackson
Larry Sanders,2017,5.0,13.0,6.5,0.41,23.6,-15.0,0.0,larry sanders
John Jenkins,2017,4.0,13.0,17.3,0.595,18.9,2.2,0.0,john jenkins
Dahntay Jones,2017,1.0,12.0,14.7,0.461,39.9,-4.8,0.0,dahntay jones
John Lucas III,2017,5.0,11.0,9.1,0.25,16.1,3.1,0.0,john lucas
Ben Bentil,2017,3.0,10.0,-17.6,0.0,18.9,-25.9,-0.1,ben bentil
R.J. Hunter,2017,3.0,9.0,-3.2,0.0,4.8,-9.0,0.0,r j hunter
Brice Johnson,2017,3.0,9.0,17.2,0.286,39.8,-2.0,0.0,brice johnson
Jarnell Stokes,2017,2.0,7.0,31.5,0.798,11.4,16.8,0.0,jarnell stokes
Danuel House Jr.,2017,1.0,1.0,12.2,,0.0,0.9,0.0,danuel house
LeBron James,2018,82.0,3026.0,28.6,0.621,31.6,8.7,8.2,lebron james
Khris Middleton,2018,82.0,2982.0,17.4,0.577,24.6,0.0,1.5,khris middleton
Andrew Wiggins,2018,82.0,2979.0,13.0,0.505,23.4,-2.4,-0.3,andrew wiggins
Bradley Beal,2018,82.0,2977.0,18.4,0.564,27.6,2.2,3.1,bradley beal
Jrue Holiday,2018,81.0,2927.0,17.8,0.57,23.1,1.6,2.7,jrue holiday
CJ McCollum,2018,81.0,2923.0,16.9,0.536,26.5,1.2,2.4,cj mccollum
Karl-Anthony Towns,2018,82.0,2918.0,24.9,0.646,22.9,5.1,5.2,karl anthony towns
Russell Westbrook,2018,80.0,2914.0,24.7,0.524,34.1,6.3,6.1,russell westbrook
Paul George,2018,79.0,2891.0,18.7,0.57,25.7,2.9,3.6,paul george
Giannis Antetokounmpo,2018,75.0,2756.0,27.3,0.598,31.2,6.2,5.7,giannis antetokounmpo
Kemba Walker,2018,80.0,2736.0,20.6,0.572,27.4,4.0,4.2,kemba walker
Ben Simmons,2018,81.0,2732.0,20.0,0.557,22.3,4.5,4.5,ben simmons
Anthony Davis,2018,75.0,2727.0,28.9,0.612,30.0,6.7,5.9,anthony davis
Taj Gibson,2018,82.0,2726.0,15.4,0.61,14.7,-0.5,1.0,taj gibson
DeMar DeRozan,2018,80.0,2711.0,21.0,0.555,29.6,2.8,3.2,demar derozan
Josh Richardson,2018,81.0,2689.0,13.6,0.551,18.2,0.7,1.8,josh richardson
Will Barton,2018,81.0,2683.0,16.2,0.562,20.7,1.1,2.1,will barton
Damian Lillard,2018,73.0,2670.0,25.2,0.594,30.6,7.2,6.3,damian lillard
Tobias Harris,2018,80.0,2668.0,17.1,0.565,23.3,1.9,2.6,tobias harris
Donovan Mitchell,2018,79.0,2638.0,16.7,0.541,29.1,1.2,2.2,donovan mitchell
Harrison Barnes,2018,77.0,2634.0,15.8,0.539,25.2,-0.5,1.0,harrison barnes
Andre Drummond,2018,78.0,2625.0,22.9,0.555,21.2,3.2,3.4,andre drummond
Thaddeus Young,2018,81.0,2607.0,14.8,0.528,17.3,0.2,1.4,thaddeus young
Lou Williams,2018,79.0,2589.0,20.2,0.574,29.8,2.3,2.8,lou williams
E'Twaun Moore,2018,82.0,2586.0,12.1,0.593,16.1,-1.6,0.3,e twaun moore
Joe Ingles,2018,82.0,2578.0,14.4,0.623,15.9,2.3,2.8,joe ingles
Jamal Murray,2018,81.0,2565.0,16.1,0.576,22.8,-0.3,1.1,jamal murray
Victor Oladipo,2018,75.0,2552.0,23.1,0.577,30.1,5.8,5.0,victor oladipo
James Harden,2018,72.0,2551.0,29.8,0.619,36.1,9.9,7.7,james harden
Robert Covington,2018,80.0,2532.0,12.9,0.563,17.2,1.5,2.3,robert covington
Kyle Lowry,2018,78.0,2510.0,19.5,0.598,21.7,5.2,4.5,kyle lowry
LaMarcus Aldridge,2018,75.0,2509.0,25.0,0.57,29.1,3.9,3.7,lamarcus aldridge
Klay Thompson,2018,73.0,2506.0,16.0,0.598,23.7,-0.4,1.0,klay thompson
Carmelo Anthony,2018,78.0,2501.0,12.7,0.503,23.2,-1.9,0.0,carmelo anthony
Steven Adams,2018,76.0,2487.0,20.6,0.63,16.7,1.1,2.0,steven adams
Taurean Prince,2018,82.0,2464.0,12.8,0.549,22.1,-1.1,0.6,taurean prince
Bojan Bogdanović,2018,80.0,2464.0,13.9,0.605,19.0,-0.7,0.8,bojan bogdanovic
Dwight Howard,2018,81.0,2463.0,20.5,0.577,24.2,-0.1,1.2,dwight howard
Kentavious Caldwell-Pope,2018,74.0,2458.0,13.2,0.561,16.9,0.3,1.4,kentavious caldwell pope
Jayson Tatum,2018,80.0,2443.0,15.2,0.586,19.4,1.2,2.0,jayson tatum
Nikola Jokić,2018,75.0,2443.0,24.4,0.603,24.2,6.9,5.5,nikola jokic
Otto Porter Jr.,2018,77.0,2432.0,18.3,0.602,18.4,3.5,3.4,otto porter
DeAndre Jordan,2018,77.0,2424.0,20.2,0.648,15.2,1.4,2.1,deandre jordan
Marc Gasol,2018,73.0,2408.0,17.4,0.532,25.6,2.3,2.7,marc gasol
Kyle Kuzma,2018,77.0,2401.0,14.2,0.549,22.5,-0.7,0.8,kyle kuzma
Goran Dragić,2018,75.0,2378.0,16.6,0.543,25.7,0.3,1.4,goran dragic
Dillon Brooks,2018,82.0,2350.0,9.8,0.531,18.5,-4.0,-1.2,dillon brooks
Wilson Chandler,2018,74.0,2346.0,10.9,0.542,14.3,-2.1,-0.1,wilson chandler
Kevin Durant,2018,68.0,2325.0,26.0,0.64,30.4,7.3,5.5,kevin durant
Eric Bledsoe,2018,74.0,2322.0,19.7,0.582,26.1,2.5,2.6,eric bledsoe
Jeff Teague,2018,70.0,2311.0,16.4,0.553,20.6,0.4,1.4,jeff teague
Dario Šarić,2018,78.0,2310.0,15.8,0.582,20.9,1.3,1.9,dario saric
Courtney Lee,2018,76.0,2310.0,13.0,0.564,16.9,-0.3,1.0,courtney lee
Spencer Dinwiddie,2018,80.0,2306.0,15.9,0.527,20.3,0.6,1.5,spencer dinwiddie
Gary Harris,2018,67.0,2304.0,16.5,0.597,20.8,0.8,1.7,gary harris
Draymond Green,2018,70.0,2287.0,16.1,0.556,17.2,2.8,2.8,draymond green
Yogi Ferrell,2018,82.0,2282.0,11.4,0.54,17.0,-1.4,0.4,yogi ferrell
P.J. Tucker,2018,82.0,2281.0,8.3,0.537,10.5,-1.1,0.5,p j tucker
Al Horford,2018,72.0,2277.0,17.6,0.575,18.4,4.4,3.7,al horford
Trevor Ariza,2018,67.0,2269.0,11.8,0.567,14.4,0.7,1.5,trevor ariza
Justin Holiday,2018,72.0,2265.0,10.8,0.513,18.2,-1.9,0.0,justin holiday
Ricky Rubio,2018,77.0,2254.0,15.4,0.537,22.9,0.7,1.6,ricky rubio
J.R. Smith,2018,80.0,2244.0,8.4,0.534,13.8,-3.0,-0.6,j r smith
Kelly Oubre Jr.,2018,81.0,2231.0,11.9,0.534,19.4,-1.7,0.2,kelly oubre
Cory Joseph,2018,82.0,2210.0,11.0,0.503,14.8,-1.5,0.3,cory joseph
Allen Crabbe,2018,75.0,2197.0,12.3,0.558,19.0,-0.7,0.7,allen crabbe
Julius Randle,2018,82.0,2190.0,19.9,0.606,25.3,0.6,1.4,julius randle
DeMarre Carroll,2018,73.0,2180.0,14.3,0.55,19.8,0.2,1.2,demarre carroll
Bogdan Bogdanović,2018,78.0,2175.0,13.5,0.556,19.6,-1.5,0.3,bogdan bogdanovic
Jimmy Butler,2018,59.0,2164.0,23.7,0.59,24.9,5.8,4.2,jimmy butler
Eric Gordon,2018,69.0,2154.0,15.2,0.578,24.7,0.4,1.3,eric gordon
Derrick Favors,2018,77.0,2153.0,18.8,0.593,18.5,1.5,1.9,derrick favors
Jaylen Brown,2018,70.0,2152.0,13.6,0.562,21.4,-0.5,0.8,jaylen brown
T.J. Warren,2018,65.0,2142.0,17.6,0.541,24.9,-0.7,0.7,t j warren
Wesley Matthews,2018,63.0,2131.0,11.4,0.541,17.6,-0.9,0.6,wesley matthews
JJ Redick,2018,70.0,2116.0,15.9,0.614,21.7,1.1,1.7,jj redick
Patty Mills,2018,82.0,2107.0,11.8,0.558,17.8,-1.0,0.5,patty mills
Denzel Valentine,2018,77.0,2095.0,12.1,0.527,17.5,-1.0,0.5,denzel valentine
Serge Ibaka,2018,76.0,2093.0,14.7,0.574,19.4,-0.1,1.0,serge ibaka
Jae Crowder,2018,80.0,2090.0,10.4,0.525,17.3,-2.5,-0.3,jae crowder
Jusuf Nurkić,2018,79.0,2088.0,19.2,0.528,26.4,0.0,1.1,jusuf nurkic
Dennis Schröder,2018,67.0,2078.0,17.3,0.515,30.4,-0.6,0.7,dennis schroder
Marcin Gortat,2018,82.0,2075.0,14.7,0.546,15.5,-0.6,0.8,marcin gortat
Al-Farouq Aminu,2018,69.0,2072.0,12.0,0.522,14.8,0.4,1.3,al farouq aminu
Dragan Bender,2018,82.0,2069.0,7.1,0.524,12.7,-3.7,-0.9,dragan bender
Terry Rozier,2018,80.0,2068.0,15.1,0.52,20.4,2.1,2.1,terry rozier
Austin Rivers,2018,61.0,2057.0,12.6,0.526,20.6,-1.2,0.4,austin rivers
Tony Snell,2018,75.0,2053.0,8.5,0.578,10.6,-2.3,-0.1,tony snell
Tyler Johnson,2018,72.0,2052.0,13.0,0.549,18.6,-0.3,0.9,tyler johnson
Dennis Smith Jr.,2018,69.0,2049.0,12.8,0.473,28.9,-2.4,-0.2,dennis smith
Willie Cauley-Stein,2018,73.0,2044.0,17.6,0.529,21.8,-0.1,1.0,willie cauley stein
Ish Smith,2018,82.0,2043.0,15.4,0.525,20.8,0.0,1.0,ish smith
Wayne Ellington,2018,77.0,2041.0,12.5,0.588,17.3,0.4,1.2,wayne ellington
Evan Turner,2018,79.0,2034.0,9.8,0.52,15.6,-2.5,-0.3,evan turner
Clint Capela,2018,74.0,2034.0,24.5,0.65,19.4,3.4,2.8,clint capela
Jonathon Simmons,2018,69.0,2029.0,12.7,0.555,22.0,-3.1,-0.5,jonathon simmons
De'Aaron Fox,2018,73.0,2026.0,11.2,0.478,23.4,-4.2,-1.1,de aaron fox
Buddy Hield,2018,80.0,2024.0,16.1,0.557,24.3,1.0,1.5,buddy hield
Lauri Markkanen,2018,68.0,2020.0,15.6,0.552,21.9,-0.2,0.9,lauri markkanen
Darren Collison,2018,69.0,2018.0,18.8,0.61,17.4,2.7,2.4,darren collison
Marvin Williams,2018,78.0,2006.0,13.9,0.603,14.8,1.0,1.5,marvin williams
Nicolas Batum,2018,64.0,1981.0,14.4,0.523,18.3,0.4,1.2,nicolas batum
Kyle Anderson,2018,74.0,1978.0,15.9,0.582,13.5,2.9,2.4,kyle anderson
Joe Harris,2018,78.0,1975.0,13.3,0.634,16.6,0.1,1.0,joe harris
Brandon Ingram,2018,59.0,1975.0,13.8,0.536,22.2,-1.2,0.4,brandon ingram
John Henson,2018,76.0,1970.0,15.7,0.582,15.0,-0.9,0.5,john henson
Blake Griffin,2018,58.0,1970.0,19.6,0.544,28.9,3.4,2.7,blake griffin
Markieff Morris,2018,73.0,1968.0,13.2,0.566,19.5,-1.3,0.4,markieff morris
Jeremy Lamb,2018,80.0,1967.0,17.0,0.559,22.4,1.6,1.8,jeremy lamb
Josh Jackson,2018,77.0,1959.0,11.8,0.48,26.0,-4.2,-1.1,josh jackson
Marco Belinelli,2018,80.0,1947.0,14.1,0.581,20.7,-0.5,0.8,marco belinelli
Darius Miller,2018,82.0,1944.0,9.3,0.617,12.8,-1.9,0.1,darius miller
James Johnson,2018,73.0,1943.0,15.8,0.575,19.1,1.6,1.7,james johnson
Kyrie Irving,2018,60.0,1931.0,25.0,0.61,31.0,7.3,4.5,kyrie irving
Rondae Hollis-Jefferson,2018,68.0,1920.0,16.9,0.548,22.2,0.1,1.0,rondae hollis jefferson
Joel Embiid,2018,63.0,1912.0,22.9,0.573,33.4,3.3,2.6,joel embiid
Aaron Gordon,2018,58.0,1909.0,16.5,0.53,24.7,0.3,1.1,aaron gordon
Dirk Nowitzki,2018,77.0,1900.0,16.7,0.575,20.5,2.3,2.1,dirk nowitzki
Stanley Johnson,2018,69.0,1894.0,9.0,0.48,16.4,-2.9,-0.4,stanley johnson
Jordan Clarkson,2018,81.0,1888.0,16.4,0.542,26.5,0.1,1.0,jordan clarkson
Tim Hardaway Jr.,2018,57.0,1885.0,14.4,0.533,23.8,-0.6,0.7,tim hardaway
Devin Booker,2018,54.0,1865.0,18.1,0.561,31.7,0.9,1.4,devin booker
Caris LeVert,2018,71.0,1864.0,14.2,0.525,22.5,-0.8,0.6,caris levert
Lance Stephenson,2018,82.0,1850.0,12.4,0.495,21.6,-1.8,0.1,lance stephenson
Michael Kidd-Gilchrist,2018,74.0,1850.0,12.5,0.536,16.1,-2.1,-0.1,michael kidd gilchrist
Chris Paul,2018,58.0,1847.0,24.4,0.604,24.5,7.1,4.2,chris paul
Evan Fournier,2018,57.0,1837.0,15.5,0.577,23.3,-0.6,0.7,evan fournier
Myles Turner,2018,65.0,1836.0,16.6,0.567,20.0,-0.2,0.8,myles turner
Frank Kaminsky,2018,79.0,1835.0,14.4,0.545,20.5,-0.2,0.8,frank kaminsky
Enes Freedom,2018,71.0,1830.0,24.0,0.63,21.8,2.2,1.9,enes freedom
Jeff Green,2018,78.0,1828.0,14.8,0.587,19.3,-1.8,0.1,jeff green
Rudy Gobert,2018,56.0,1816.0,20.7,0.657,16.9,3.4,2.5,rudy gobert
Pau Gasol,2018,77.0,1812.0,18.9,0.539,20.4,3.4,2.5,pau gasol
George Hill,2018,67.0,1812.0,13.3,0.58,16.3,-0.8,0.6,george hill
Domantas Sabonis,2018,74.0,1810.0,17.5,0.567,22.1,-1.1,0.4,domantas sabonis
Elfrid Payton,2018,63.0,1808.0,16.5,0.538,21.9,-0.2,0.8,elfrid payton
Danny Green,2018,70.0,1791.0,11.3,0.509,16.6,0.4,1.1,danny green
Kent Bazemore,2018,65.0,1789.0,14.5,0.547,22.5,0.6,1.2,kent bazemore
John Collins,2018,74.0,1785.0,18.3,0.62,17.9,-0.2,0.8,john collins
Lonzo Ball,2018,52.0,1780.0,12.5,0.444,17.4,1.0,1.3,lonzo ball
Kelly Olynyk,2018,76.0,1779.0,17.8,0.612,21.7,2.3,1.9,kelly olynyk
Doug McDermott,2018,81.0,1768.0,10.4,0.579,15.0,-2.2,-0.1,doug mcdermott
D.J. Augustin,2018,75.0,1760.0,15.4,0.615,18.6,-0.2,0.8,d j augustin
Anthony Tolliver,2018,79.0,1757.0,13.9,0.663,14.8,0.9,1.3,anthony tolliver
Dejounte Murray,2018,81.0,1743.0,15.1,0.485,20.7,0.5,1.1,dejounte murray
DeMarcus Cousins,2018,48.0,1737.0,22.6,0.583,31.9,4.7,2.9,demarcus cousins
Brook Lopez,2018,74.0,1735.0,16.5,0.557,23.5,0.9,1.3,brook lopez
Reggie Bullock,2018,62.0,1732.0,13.6,0.615,15.7,0.7,1.2,reggie bullock
Ersan İlyasova,2018,69.0,1729.0,14.9,0.558,18.7,-0.6,0.6,ersan ilyasova
Jonas Valančiūnas,2018,77.0,1727.0,22.5,0.628,22.7,2.4,1.9,jonas valanciunas
Ryan Anderson,2018,66.0,1725.0,12.6,0.592,14.4,0.1,0.9,ryan anderson
Frank Ntilikina,2018,78.0,1706.0,7.0,0.437,16.9,-5.0,-1.3,frank ntilikina
T.J. McConnell,2018,76.0,1706.0,12.5,0.545,13.8,0.0,0.9,t j mcconnell
Rajon Rondo,2018,65.0,1705.0,15.3,0.522,16.9,-0.3,0.7,rajon rondo
Robin Lopez,2018,64.0,1690.0,14.7,0.552,20.4,-2.2,-0.1,robin lopez
Jerian Grant,2018,74.0,1686.0,14.3,0.528,17.4,-1.3,0.3,jerian grant
Nikola Vučević,2018,57.0,1683.0,19.7,0.533,25.9,2.7,2.0,nikola vucevic
Justise Winslow,2018,68.0,1680.0,11.5,0.496,16.3,-1.1,0.4,justise winslow
Pascal Siakam,2018,81.0,1679.0,14.5,0.549,15.7,1.3,1.4,pascal siakam
Dwight Powell,2018,79.0,1672.0,18.8,0.656,15.5,1.6,1.5,dwight powell
Jarell Martin,2018,73.0,1661.0,10.5,0.516,17.1,-4.0,-0.8,jarell martin
Tyler Ulis,2018,71.0,1658.0,10.1,0.465,18.5,-4.4,-1.0,tyler ulis
Mario Hezonja,2018,75.0,1657.0,13.7,0.544,19.9,-0.5,0.6,mario hezonja
Jamal Crawford,2018,80.0,1653.0,13.0,0.519,23.7,-2.3,-0.1,jamal crawford
Michael Beasley,2018,74.0,1653.0,17.8,0.556,26.9,-0.2,0.7,michael beasley
Kevin Love,2018,59.0,1651.0,22.4,0.614,25.1,3.3,2.2,kevin love
Jerami Grant,2018,81.0,1647.0,16.2,0.607,16.0,0.3,1.0,jerami grant
David Nwaba,2018,70.0,1646.0,12.2,0.542,15.6,-2.5,-0.2,david nwaba
Bobby Portis,2018,73.0,1643.0,19.7,0.548,26.0,0.8,1.2,bobby portis
Tomáš Satoranský,2018,73.0,1643.0,15.4,0.615,13.7,1.2,1.3,tomas satoransky
Stephen Curry,2018,51.0,1631.0,28.2,0.675,31.0,7.7,4.0,stephen curry
Troy Daniels,2018,79.0,1622.0,9.8,0.583,17.2,-2.6,-0.3,troy daniels
Andre Iguodala,2018,64.0,1622.0,11.2,0.536,11.5,-0.3,0.7,andre iguodala
Rodney Hood,2018,60.0,1616.0,14.3,0.546,24.3,-0.1,0.8,rodney hood
Garrett Temple,2018,65.0,1615.0,10.3,0.536,16.4,-2.5,-0.2,garrett temple
Marcus Smart,2018,54.0,1614.0,10.8,0.479,19.4,-1.2,0.3,marcus smart
Tyreke Evans,2018,52.0,1607.0,21.1,0.561,28.4,4.5,2.6,tyreke evans
James Ennis III,2018,72.0,1604.0,11.6,0.588,13.7,-1.2,0.3,james ennis
J.J. Barea,2018,69.0,1603.0,17.8,0.545,24.9,1.2,1.3,j j barea
Kyle Korver,2018,73.0,1574.0,13.4,0.652,16.0,0.2,0.9,kyle korver
Luc Mbah a Moute,2018,61.0,1564.0,10.3,0.595,12.8,-0.2,0.7,luc mbah a moute
Dante Cunningham,2018,73.0,1562.0,10.0,0.539,11.6,-1.7,0.1,dante cunningham
Kristaps Porziņģis,2018,48.0,1553.0,20.4,0.539,31.0,1.8,1.5,kristaps porzingis
Jarrett Jack,2018,62.0,1548.0,11.5,0.489,16.7,-2.8,-0.3,jarrett jack
Dewayne Dedmon,2018,62.0,1542.0,15.8,0.599,17.0,0.1,0.8,dewayne dedmon
JaMychal Green,2018,55.0,1542.0,14.0,0.53,17.8,-2.3,-0.1,jamychal green
Dwyane Wade,2018,67.0,1536.0,15.0,0.5,26.2,-1.0,0.4,dwyane wade
Shabazz Napier,2018,74.0,1535.0,14.2,0.544,19.5,0.7,1.0,shabazz napier
Marquese Chriss,2018,72.0,1527.0,11.1,0.509,18.1,-2.8,-0.3,marquese chriss
Kris Dunn,2018,52.0,1525.0,14.5,0.488,24.7,-1.3,0.3,kris dunn
Jakob Poeltl,2018,82.0,1524.0,17.5,0.662,14.8,0.4,0.9,jakob poeltl
Fred VanVleet,2018,76.0,1520.0,15.9,0.556,19.1,2.4,1.7,fred vanvleet
Bryn Forbes,2018,80.0,1517.0,9.1,0.525,16.7,-3.1,-0.4,bryn forbes
Zach Randolph,2018,59.0,1508.0,17.3,0.529,27.6,-1.0,0.4,zach randolph
Justin Jackson,2018,68.0,1506.0,9.2,0.521,14.2,-3.5,-0.6,justin jackson
Bismack Biyombo,2018,82.0,1495.0,14.1,0.556,14.9,-2.4,-0.2,bismack biyombo
Nikola Mirotić,2018,55.0,1494.0,18.7,0.577,23.4,2.2,1.6,nikola mirotic
Pat Connaughton,2018,82.0,1488.0,9.3,0.539,13.4,-1.8,0.1,pat connaughton
Wesley Johnson,2018,74.0,1486.0,9.8,0.512,13.0,-0.7,0.5,wesley johnson
Aron Baynes,2018,81.0,1485.0,12.0,0.502,16.8,-2.9,-0.3,aron baynes
OG Anunoby,2018,74.0,1481.0,10.0,0.587,12.4,-0.6,0.5,og anunoby
Ed Davis,2018,78.0,1471.0,15.5,0.607,12.1,-0.6,0.5,ed davis
Tyus Jones,2018,82.0,1467.0,14.1,0.572,12.7,0.8,1.1,tyus jones
Luke Kennard,2018,73.0,1463.0,12.1,0.56,17.2,-0.8,0.5,luke kennard
Josh Hart,2018,63.0,1461.0,12.2,0.596,13.5,-0.1,0.7,josh hart
Ian Clark,2018,74.0,1455.0,9.4,0.529,17.2,-3.5,-0.6,ian clark
Marcus Morris,2018,54.0,1442.0,14.5,0.541,23.0,-0.1,0.7,marcus morris
Jarrett Allen,2018,72.0,1441.0,17.5,0.636,16.3,-0.8,0.5,jarrett allen
Mason Plumlee,2018,74.0,1439.0,16.9,0.586,16.6,0.5,0.9,mason plumlee
Malcolm Brogdon,2018,48.0,1436.0,14.3,0.578,19.1,-1.2,0.3,malcolm brogdon
Delon Wright,2018,69.0,1433.0,16.5,0.574,17.2,3.3,1.9,delon wright
Avery Bradley,2018,46.0,1433.0,9.6,0.496,23.5,-4.0,-0.7,avery bradley
Mario Chalmers,2018,66.0,1421.0,10.4,0.503,19.6,-3.2,-0.4,mario chalmers
Larry Nance Jr.,2018,66.0,1421.0,20.2,0.605,15.9,2.4,1.6,larry nance
John Wall,2018,41.0,1410.0,19.1,0.515,29.1,3.0,1.8,john wall
Mike Scott,2018,76.0,1406.0,13.6,0.599,20.0,-1.7,0.1,mike scott
Alex Len,2018,69.0,1395.0,19.4,0.612,17.0,0.3,0.8,alex len
Nick Young,2018,80.0,1393.0,10.0,0.562,17.5,-3.5,-0.5,nick young
Trey Lyles,2018,73.0,1391.0,17.9,0.591,21.1,1.3,1.1,trey lyles
Kosta Koufos,2018,71.0,1391.0,17.5,0.566,15.2,-0.4,0.6,kosta koufos
Kyle O'Quinn,2018,77.0,1387.0,20.0,0.625,17.0,3.1,1.8,kyle o quinn
Nemanja Bjelica,2018,67.0,1371.0,12.6,0.581,14.3,0.1,0.7,nemanja bjelica
Bam Adebayo,2018,69.0,1368.0,15.7,0.57,15.9,-0.4,0.6,bam adebayo
Raymond Felton,2018,82.0,1365.0,13.0,0.494,20.4,-0.6,0.5,raymond felton
Shelvin Mack,2018,69.0,1365.0,13.3,0.518,17.6,-1.4,0.2,shelvin mack
Hassan Whiteside,2018,54.0,1364.0,24.1,0.573,24.7,2.6,1.6,hassan whiteside
Quincy Acy,2018,70.0,1359.0,8.2,0.525,14.4,-2.5,-0.2,quincy acy
Lance Thomas,2018,73.0,1353.0,6.3,0.513,10.7,-3.7,-0.6,lance thomas
Devin Harris,2018,71.0,1340.0,13.0,0.563,20.2,-1.8,0.1,devin harris
C.J. Miles,2018,70.0,1337.0,13.0,0.545,22.3,0.3,0.8,c j miles
Gorgui Dieng,2018,79.0,1333.0,14.7,0.543,16.3,-1.0,0.3,gorgui dieng
Andrew Harrison,2018,56.0,1326.0,12.7,0.534,19.6,-1.5,0.2,andrew harrison
Manu Ginóbili,2018,65.0,1299.0,12.9,0.553,21.5,-1.3,0.2,manu ginobili
Montrezl Harrell,2018,76.0,1293.0,24.7,0.647,23.8,3.3,1.7,montrezl harrell
Patrick Patterson,2018,82.0,1270.0,10.0,0.555,10.8,-0.2,0.6,patrick patterson
Maurice Harkless,2018,59.0,1264.0,12.6,0.596,12.6,1.4,1.1,maurice harkless
Emmanuel Mudiay,2018,64.0,1245.0,11.5,0.474,24.4,-3.9,-0.6,emmanuel mudiay
Skal Labissière,2018,60.0,1240.0,14.3,0.513,21.1,-2.7,-0.2,skal labissiere
Thon Maker,2018,74.0,1238.0,10.2,0.499,14.6,-3.5,-0.5,thon maker
D'Angelo Russell,2018,48.0,1234.0,15.2,0.509,30.8,-1.2,0.3,d angelo russell
Rudy Gay,2018,57.0,1231.0,18.0,0.545,24.6,0.8,0.9,rudy gay
Corey Brewer,2018,72.0,1208.0,11.2,0.534,14.3,-1.3,0.2,corey brewer
Maxi Kleber,2018,72.0,1206.0,13.4,0.576,13.7,-0.5,0.5,maxi kleber
Joe Johnson,2018,55.0,1205.0,8.1,0.49,15.9,-2.9,-0.3,joe johnson
Reggie Jackson,2018,45.0,1201.0,15.9,0.516,27.1,-0.4,0.5,reggie jackson
Amir Johnson,2018,74.0,1171.0,14.9,0.575,12.8,1.0,0.9,amir johnson
Isaiah Taylor,2018,67.0,1167.0,10.9,0.492,20.1,-4.4,-0.7,isaiah taylor
Trevor Booker,2018,68.0,1158.0,14.9,0.557,16.6,-0.6,0.4,trevor booker
Sindarius Thornwell,2018,73.0,1156.0,8.2,0.519,12.1,-2.4,-0.1,sindarius thornwell
Tyson Chandler,2018,46.0,1151.0,14.2,0.658,10.6,-1.4,0.2,tyson chandler
Semi Ojeleye,2018,73.0,1150.0,4.6,0.473,9.0,-4.7,-0.8,semi ojeleye
Royce O'Neale,2018,69.0,1150.0,10.8,0.54,14.6,-0.2,0.5,royce o neale
Ian Mahinmi,2018,77.0,1145.0,12.2,0.601,15.6,-4.4,-0.7,ian mahinmi
Paul Millsap,2018,38.0,1143.0,17.0,0.549,22.0,0.4,0.7,paul millsap
Álex Abrines,2018,75.0,1134.0,9.0,0.567,12.7,-1.5,0.1,alex abrines
Jonas Jerebko,2018,74.0,1134.0,13.2,0.586,15.6,0.1,0.6,jonas jerebko
Miloš Teodosić,2018,45.0,1134.0,11.6,0.564,18.2,-1.7,0.1,milos teodosic
Shaun Livingston,2018,71.0,1129.0,11.6,0.533,16.7,-3.1,-0.3,shaun livingston
Jodie Meeks,2018,77.0,1119.0,12.4,0.548,19.0,-1.1,0.3,jodie meeks
Tyler Zeller,2018,66.0,1109.0,16.0,0.598,16.4,-1.4,0.2,tyler zeller
Ben McLemore,2018,56.0,1091.0,9.7,0.526,19.0,-3.9,-0.5,ben mclemore
Dāvis Bertāns,2018,77.0,1086.0,14.1,0.588,17.4,1.6,1.0,davis bertans
Tristan Thompson,2018,53.0,1072.0,13.6,0.569,12.6,-2.9,-0.2,tristan thompson
Tony Parker,2018,55.0,1071.0,12.7,0.498,20.5,-3.3,-0.3,tony parker
Norman Powell,2018,70.0,1062.0,8.5,0.492,18.9,-2.9,-0.3,norman powell
Mike Muscala,2018,53.0,1060.0,14.4,0.597,15.7,0.3,0.6,mike muscala
Alec Burks,2018,64.0,1059.0,13.1,0.527,22.5,-0.9,0.3,alec burks
Treveon Graham,2018,63.0,1050.0,9.0,0.553,11.3,-2.7,-0.2,treveon graham
Zach Collins,2018,66.0,1045.0,7.5,0.475,15.4,-4.3,-0.6,zach collins
Greg Monroe,2018,51.0,1040.0,21.2,0.598,22.4,2.2,1.1,greg monroe
Andre Roberson,2018,39.0,1037.0,10.9,0.543,8.6,-0.1,0.5,andre roberson
Vince Carter,2018,58.0,1026.0,10.8,0.523,14.7,-1.2,0.2,vince carter
Wes Iwundu,2018,62.0,1020.0,7.8,0.48,11.6,-4.3,-0.6,wes iwundu
Malcolm Delaney,2018,54.0,1014.0,10.6,0.519,16.9,-2.6,-0.1,malcolm delaney
Jameer Nelson,2018,50.0,1013.0,8.1,0.489,13.7,-3.3,-0.3,jameer nelson
David West,2018,73.0,999.0,20.9,0.6,21.7,3.1,1.3,david west
Frank Mason III,2018,52.0,984.0,13.0,0.48,22.6,-2.3,-0.1,frank mason
Josh Huestis,2018,69.0,982.0,5.4,0.417,9.5,-3.9,-0.5,josh huestis
Cristiano Felício,2018,55.0,977.0,12.5,0.614,13.6,-3.9,-0.5,cristiano felicio
Tyler Dorsey,2018,56.0,974.0,10.0,0.494,20.0,-2.9,-0.2,tyler dorsey
Zaza Pachulia,2018,69.0,972.0,17.0,0.612,17.0,0.0,0.5,zaza pachulia
Patrick McCaw,2018,57.0,961.0,7.4,0.477,12.8,-4.1,-0.5,patrick mccaw
Deyonta Davis,2018,62.0,943.0,16.6,0.621,15.3,-1.5,0.1,deyonta davis
Daniel Theis,2018,63.0,936.0,16.1,0.616,15.5,0.3,0.5,daniel theis
Gerald Green,2018,41.0,929.0,14.1,0.566,22.4,0.3,0.5,gerald green
Jerryd Bayless,2018,39.0,925.0,7.5,0.546,15.1,-2.8,-0.2,jerryd bayless
Miles Plumlee,2018,55.0,918.0,10.6,0.574,12.8,-3.8,-0.4,miles plumlee
Dion Waiters,2018,30.0,918.0,10.5,0.487,25.0,-3.5,-0.4,dion waiters
José Calderón,2018,57.0,914.0,11.3,0.643,11.6,-1.9,0.0,jose calderon
Kevon Looney,2018,66.0,910.0,14.8,0.588,12.5,-0.2,0.4,kevon looney
Sam Dekker,2018,73.0,883.0,11.5,0.534,15.5,-2.9,-0.2,sam dekker
Noah Vonleh,2018,54.0,875.0,12.8,0.509,14.5,-1.3,0.2,noah vonleh
Langston Galloway,2018,58.0,863.0,12.2,0.503,19.3,0.1,0.5,langston galloway
Isaiah Thomas,2018,32.0,862.0,12.6,0.508,28.8,-4.9,-0.6,isaiah thomas
Malik Monk,2018,63.0,854.0,10.2,0.477,24.9,-3.4,-0.3,malik monk
Tyrone Wallace,2018,30.0,851.0,10.1,0.517,16.6,-3.5,-0.3,tyrone wallace
Tim Frazier,2018,59.0,838.0,11.3,0.475,12.8,-0.9,0.2,tim frazier
Michael Carter-Williams,2018,52.0,835.0,10.8,0.446,16.6,-1.5,0.1,michael carter williams
Paul Zipser,2018,54.0,824.0,5.2,0.445,15.2,-6.1,-0.8,paul zipser
Jason Terry,2018,51.0,814.0,8.1,0.525,10.1,-2.0,0.0,jason terry
Ekpe Udoh,2018,63.0,810.0,15.2,0.56,9.1,3.1,1.1,ekpe udoh
Jordan Bell,2018,57.0,809.0,18.0,0.641,13.9,2.8,1.0,jordan bell
Timothé Luwawu-Cabarrot,2018,52.0,807.0,7.0,0.511,17.5,-4.1,-0.4,timothe luwawu cabarrot
Thabo Sefolosha,2018,38.0,806.0,15.8,0.591,16.4,2.7,0.9,thabo sefolosha
Eric Moreland,2018,67.0,805.0,13.9,0.531,9.7,0.5,0.5,eric moreland
Trey Burke,2018,36.0,785.0,21.0,0.563,25.1,2.5,0.9,trey burke
Jawun Evans,2018,48.0,778.0,7.2,0.421,17.7,-5.0,-0.6,jawun evans
Sterling Brown,2018,54.0,776.0,9.1,0.503,14.0,-3.1,-0.2,sterling brown
Shane Larkin,2018,54.0,775.0,10.3,0.491,15.5,-1.7,0.1,shane larkin
Terrance Ferguson,2018,61.0,763.0,7.4,0.545,10.4,-3.3,-0.3,terrance ferguson
Nenê,2018,52.0,758.0,16.4,0.594,18.9,-1.0,0.2,nene
Richaun Holmes,2018,48.0,746.0,17.4,0.585,16.6,1.1,0.6,richaun holmes
Jabari Parker,2018,31.0,743.0,17.1,0.55,24.4,-0.8,0.2,jabari parker
Omri Casspi,2018,53.0,740.0,15.5,0.632,16.3,-0.9,0.2,omri casspi
Quinn Cook,2018,33.0,740.0,12.8,0.593,17.5,-1.6,0.1,quinn cook
Salah Mejri,2018,61.0,729.0,17.8,0.644,12.8,0.7,0.5,salah mejri
DeAndre Liggins,2018,58.0,724.0,6.0,0.467,7.9,-2.5,-0.1,deandre liggins
Luke Babbitt,2018,50.0,715.0,9.8,0.576,15.0,-2.4,-0.1,luke babbitt
Dwayne Bacon,2018,53.0,713.0,5.8,0.431,13.7,-4.7,-0.5,dwayne bacon
Matthew Dellavedova,2018,38.0,712.0,8.6,0.5,13.5,-4.4,-0.4,matthew dellavedova
C.J. Williams,2018,38.0,707.0,9.5,0.512,13.7,-2.1,0.0,c j williams
Channing Frye,2018,53.0,695.0,13.1,0.599,15.2,-0.5,0.3,channing frye
Wayne Selden,2018,35.0,692.0,11.8,0.551,22.6,-3.1,-0.2,wayne selden
Chandler Parsons,2018,36.0,691.0,13.6,0.578,18.3,0.8,0.5,chandler parsons
Mike James,2018,36.0,687.0,13.9,0.469,25.1,-1.5,0.1,mike james
Jared Dudley,2018,48.0,686.0,8.8,0.553,10.2,-2.5,-0.1,jared dudley
Tyler Ennis,2018,54.0,683.0,11.1,0.473,17.1,-2.1,0.0,tyler ennis
Arron Afflalo,2018,53.0,682.0,5.8,0.516,12.5,-5.4,-0.6,arron afflalo
Marreese Speights,2018,52.0,675.0,13.7,0.539,26.9,-1.1,0.1,marreese speights
Cedi Osman,2018,61.0,672.0,11.0,0.577,15.7,-2.9,-0.1,cedi osman
Danilo Gallinari,2018,21.0,671.0,13.8,0.545,20.6,-0.5,0.3,danilo gallinari
Zach LaVine,2018,24.0,656.0,14.6,0.499,29.5,-2.3,-0.1,zach lavine
Kobi Simmons,2018,32.0,643.0,7.7,0.49,17.0,-6.9,-0.8,kobi simmons
Sean Kilpatrick,2018,52.0,640.0,11.6,0.507,24.9,-2.8,-0.1,sean kilpatrick
Torrey Craig,2018,39.0,629.0,9.8,0.535,11.9,-2.9,-0.1,torrey craig
Cody Zeller,2018,33.0,627.0,15.9,0.602,15.7,-1.2,0.1,cody zeller
JaVale McGee,2018,65.0,615.0,22.3,0.641,19.2,1.5,0.5,javale mcgee
Terrence Ross,2018,24.0,600.0,9.9,0.505,17.3,-2.7,-0.1,terrence ross
Malik Beasley,2018,62.0,583.0,9.0,0.509,16.2,-3.8,-0.3,malik beasley
Cameron Payne,2018,25.0,582.0,14.0,0.498,19.3,-0.4,0.2,cameron payne
Cheick Diallo,2018,52.0,581.0,17.0,0.619,17.4,-1.2,0.1,cheick diallo
Khem Birch,2018,42.0,578.0,16.4,0.582,13.2,-0.9,0.2,khem birch
Brandon Paul,2018,64.0,576.0,7.4,0.504,13.6,-3.5,-0.2,brandon paul
Alex Caruso,2018,37.0,562.0,8.7,0.519,12.9,-2.9,-0.1,alex caruso
Joe Young,2018,53.0,558.0,10.1,0.521,18.0,-3.5,-0.2,joe young
Tarik Black,2018,51.0,536.0,14.3,0.582,15.6,-2.6,-0.1,tarik black
Jonathan Isaac,2018,27.0,536.0,9.8,0.465,15.0,-1.4,0.1,jonathan isaac
Joffrey Lauvergne,2018,55.0,534.0,16.5,0.536,20.4,-1.0,0.1,joffrey lauvergne
Nik Stauskas,2018,41.0,523.0,9.0,0.543,15.9,-2.3,-0.1,nik stauskas
Abdel Nader,2018,48.0,522.0,5.1,0.439,17.1,-5.3,-0.4,abdel nader
Justin Anderson,2018,38.0,519.0,13.0,0.54,19.3,-0.9,0.1,justin anderson
Tyler Cavanaugh,2018,39.0,518.0,13.0,0.567,14.8,-1.9,0.0,tyler cavanaugh
Ivan Rabb,2018,36.0,516.0,16.6,0.599,17.7,-2.0,0.0,ivan rabb
Raul Neto,2018,41.0,498.0,11.9,0.55,18.3,-1.4,0.1,raul neto
Willy Hernangómez,2018,48.0,495.0,21.2,0.604,21.0,1.4,0.4,willy hernangomez
Al Jefferson,2018,36.0,484.0,20.2,0.563,22.6,2.0,0.5,al jefferson
Kyle Collinsworth,2018,32.0,480.0,10.0,0.433,13.3,-2.6,-0.1,kyle collinsworth
Damyean Dotson,2018,44.0,474.0,11.6,0.532,17.3,-2.3,0.0,damyean dotson
Nerlens Noel,2018,30.0,472.0,16.2,0.558,13.8,0.5,0.3,nerlens noel
Kenneth Faried,2018,32.0,461.0,17.4,0.552,18.3,-2.1,0.0,kenneth faried
T.J. Leaf,2018,53.0,459.0,10.7,0.545,14.9,-3.1,-0.1,t j leaf
DeAndre' Bembry,2018,26.0,455.0,7.6,0.477,18.2,-4.7,-0.3,deandre bembry
Dorian Finney-Smith,2018,21.0,448.0,7.6,0.482,15.1,-4.6,-0.3,dorian finney smith
Willie Reed,2018,42.0,428.0,19.2,0.671,16.6,0.8,0.3,willie reed
Dwight Buycks,2018,29.0,427.0,12.8,0.498,26.5,-3.1,-0.1,dwight buycks
Isaiah Canaan,2018,20.0,422.0,13.5,0.539,18.9,-1.3,0.1,isaiah canaan
Derrick Rose,2018,25.0,420.0,11.5,0.507,25.4,-5.4,-0.4,derrick rose
Lucas Nogueira,2018,49.0,418.0,17.3,0.661,11.4,5.2,0.8,lucas nogueira
Shabazz Muhammad,2018,43.0,418.0,15.4,0.51,23.0,-2.5,-0.1,shabazz muhammad
Ivica Zubac,2018,43.0,410.0,15.3,0.557,17.6,-2.0,0.0,ivica zubac
Damion Lee,2018,15.0,404.0,12.0,0.489,19.3,-1.9,0.0,damion lee
Danuel House Jr.,2018,23.0,403.0,12.4,0.533,16.2,-1.6,0.0,danuel house
Ramon Sessions,2018,28.0,392.0,11.2,0.479,19.3,-3.2,-0.1,ramon sessions
Ron Baker,2018,29.0,385.0,9.3,0.504,10.0,-0.4,0.2,ron baker
Shaquille Harrison,2018,23.0,384.0,15.6,0.54,18.0,-0.7,0.1,shaquille harrison
Brandan Wright,2018,28.0,381.0,19.0,0.596,14.7,2.1,0.4,brandan wright
Johnny O'Bryant,2018,36.0,379.0,11.9,0.47,22.5,-4.4,-0.2,johnny o bryant
Myke Henry,2018,20.0,378.0,9.7,0.472,15.7,-1.3,0.1,myke henry
Mike Conley,2018,12.0,373.0,15.4,0.52,25.9,0.5,0.2,mike conley
Timofey Mozgov,2018,31.0,359.0,12.3,0.617,16.8,-3.9,-0.2,timofey mozgov
Emeka Okafor,2018,26.0,353.0,16.4,0.545,14.4,-1.2,0.1,emeka okafor
Jahlil Okafor,2018,28.0,353.0,15.3,0.584,21.0,-1.7,0.0,jahlil okafor
JaKarr Sampson,2018,22.0,344.0,13.9,0.585,12.5,-1.2,0.1,jakarr sampson
Glenn Robinson III,2018,23.0,338.0,10.8,0.529,12.5,-0.7,0.1,glenn robinson
Boban Marjanović,2018,39.0,337.0,26.0,0.616,29.4,2.5,0.4,boban marjanovic
Patrick Beverley,2018,11.0,334.0,12.4,0.53,19.6,0.5,0.2,patrick beverley
Henry Ellenson,2018,38.0,329.0,10.5,0.476,23.8,-4.4,-0.2,henry ellenson
Luke Kornet,2018,20.0,326.0,13.6,0.516,19.0,0.2,0.2,luke kornet
Malachi Richardson,2018,26.0,324.0,5.9,0.446,15.2,-6.0,-0.3,malachi richardson
Antonio Blakeney,2018,19.0,314.0,10.1,0.471,23.7,-5.2,-0.3,antonio blakeney
Troy Williams,2018,21.0,307.0,15.1,0.544,20.1,-0.5,0.1,troy williams
Ryan Arcidiacono,2018,24.0,304.0,7.3,0.55,8.1,-4.1,-0.2,ryan arcidiacono
Rodney McGruder,2018,18.0,299.0,12.0,0.595,12.1,-1.4,0.1,rodney mcgruder
Rodney Purvis,2018,16.0,290.0,4.5,0.423,18.7,-8.2,-0.5,rodney purvis
Jason Smith,2018,33.0,285.0,8.8,0.455,21.7,-6.4,-0.3,jason smith
Jordan Mickey,2018,23.0,284.0,10.6,0.515,17.1,-5.6,-0.3,jordan mickey
Jamel Artis,2018,15.0,279.0,6.9,0.457,14.5,-5.4,-0.2,jamel artis
Juancho Hernangómez,2018,25.0,277.0,9.7,0.511,14.0,-3.3,-0.1,juancho hernangomez
Iman Shumpert,2018,14.0,276.0,6.4,0.48,12.9,-3.3,-0.1,iman shumpert
Jamil Wilson,2018,15.0,274.0,11.4,0.634,14.3,0.2,0.2,jamil wilson
Tony Allen,2018,22.0,273.0,8.7,0.514,18.9,-5.5,-0.2,tony allen
Meyers Leonard,2018,33.0,254.0,17.8,0.676,16.1,2.0,0.3,meyers leonard
Markelle Fultz,2018,14.0,253.0,12.4,0.416,23.1,-2.6,0.0,markelle fultz
Derrick Jones Jr.,2018,20.0,245.0,10.1,0.48,12.9,-2.7,0.0,derrick jones
Davon Reed,2018,21.0,242.0,4.8,0.388,16.0,-6.4,-0.3,davon reed
Isaiah Hicks,2018,18.0,240.0,6.8,0.501,17.4,-7.6,-0.3,isaiah hicks
Briante Weber,2018,18.0,237.0,10.1,0.527,11.7,-1.3,0.0,briante weber
Guerschon Yabusele,2018,33.0,235.0,12.3,0.559,15.7,-1.2,0.0,guerschon yabusele
Danté Exum,2018,14.0,235.0,16.7,0.566,23.1,0.1,0.1,dante exum
Aaron Harrison,2018,9.0,233.0,5.1,0.392,15.5,-7.5,-0.3,aaron harrison
Travis Wear,2018,17.0,228.0,6.9,0.497,15.2,-3.7,-0.1,travis wear
Alec Peters,2018,20.0,225.0,10.7,0.523,15.5,-2.8,0.0,alec peters
Marcus Georges-Hunt,2018,42.0,224.0,6.9,0.515,11.9,-5.1,-0.2,marcus georges hunt
Gary Payton II,2018,23.0,221.0,9.8,0.443,16.8,-3.9,-0.1,gary payton
Andrew Bogut,2018,24.0,216.0,10.9,0.696,8.8,-2.8,-0.1,andrew bogut
Josh Magette,2018,18.0,216.0,11.9,0.464,11.8,-2.6,0.0,josh magette
Ante Žižić,2018,32.0,214.0,24.2,0.746,18.8,1.0,0.2,ante zizic
Rashad Vaughn,2018,28.0,212.0,9.3,0.546,13.7,-2.6,0.0,rashad vaughn
Kawhi Leonard,2018,9.0,210.0,26.0,0.572,30.6,10.1,0.6,kawhi leonard
Andrew White,2018,15.0,209.0,5.8,0.461,17.3,-5.5,-0.2,andrew white
Brandon Jennings,2018,14.0,205.0,12.7,0.478,20.8,-3.4,-0.1,brandon jennings
Quincy Pondexter,2018,23.0,196.0,4.0,0.398,15.0,-7.4,-0.3,quincy pondexter
MarShon Brooks,2018,7.0,193.0,26.1,0.629,29.8,7.1,0.4,marshon brooks
Aaron Brooks,2018,32.0,189.0,9.8,0.508,19.9,-3.8,-0.1,aaron brooks
Caleb Swanigan,2018,27.0,189.0,7.5,0.449,20.0,-5.5,-0.2,caleb swanigan
Solomon Hill,2018,12.0,187.0,4.8,0.332,12.2,-4.8,-0.1,solomon hill
Ömer Aşık,2018,18.0,182.0,3.1,0.397,8.7,-8.0,-0.3,omer asık
Jalen Jones,2018,16.0,181.0,10.3,0.485,20.9,-6.0,-0.2,jalen jones
Isaiah Whitehead,2018,16.0,180.0,11.5,0.53,28.5,-3.8,-0.1,isaiah whitehead
Johnathan Motley,2018,11.0,176.0,17.2,0.55,24.9,-3.3,-0.1,johnathan motley
Julyan Stone,2018,23.0,175.0,7.6,0.684,5.2,-1.3,0.0,julyan stone
John Holland,2018,24.0,174.0,5.9,0.417,18.5,-5.5,-0.2,john holland
Richard Jefferson,2018,20.0,163.0,6.4,0.499,9.4,-4.3,-0.1,richard jefferson
Dakari Johnson,2018,31.0,161.0,16.4,0.575,13.5,-0.3,0.1,dakari johnson
Jake Layman,2018,35.0,160.0,4.9,0.352,14.6,-4.3,-0.1,jake layman
Mirza Teletović,2018,10.0,159.0,13.5,0.623,18.2,0.4,0.1,mirza teletovic
Damien Wilkins,2018,19.0,152.0,4.9,0.405,13.4,-6.1,-0.2,damien wilkins
Derrick Walton,2018,16.0,147.0,11.2,0.525,9.1,1.3,0.1,derrick walton
Darrell Arthur,2018,19.0,141.0,8.4,0.559,19.5,-5.3,-0.1,darrell arthur
Kay Felder,2018,16.0,140.0,3.6,0.379,28.4,-11.1,-0.3,kay felder
Derrick White,2018,17.0,139.0,15.9,0.646,15.4,2.3,0.2,derrick white
Lorenzo Brown,2018,14.0,139.0,8.2,0.459,11.9,-2.5,0.0,lorenzo brown
Jon Leuer,2018,8.0,136.0,8.9,0.505,16.2,-4.6,-0.1,jon leuer
Malcolm Miller,2018,15.0,126.0,8.9,0.638,12.1,-1.0,0.0,malcolm miller
Milton Doyle,2018,10.0,125.0,5.2,0.337,18.2,-6.8,-0.1,milton doyle
Zhou Qi,2018,18.0,124.0,1.9,0.295,16.8,-10.1,-0.3,zhou qi
Antonius Cleveland,2018,17.0,123.0,4.5,0.486,11.1,-5.2,-0.1,antonius cleveland
Georgios Papagiannis,2018,17.0,122.0,12.2,0.429,18.4,-4.1,-0.1,georgios papagiannis
Nigel Hayes-Davis,2018,9.0,122.0,6.4,0.393,13.3,-3.8,-0.1,nigel hayes davis
James Webb III,2018,10.0,120.0,2.2,0.333,10.1,-8.3,-0.2,james webb
Xavier Rathan-Mayes,2018,5.0,118.0,0.9,0.315,21.7,-11.5,-0.3,xavier rathan mayes
Bobby Brown,2018,20.0,115.0,5.5,0.425,26.1,-7.2,-0.2,bobby brown
Jabari Bird,2018,13.0,115.0,12.1,0.615,15.4,-3.1,0.0,jabari bird
Kadeem Allen,2018,18.0,107.0,2.6,0.366,14.6,-7.7,-0.2,kadeem allen
Bruno Caboclo,2018,12.0,107.0,7.4,0.386,15.8,-5.8,-0.1,bruno caboclo
Alex Poythress,2018,25.0,104.0,7.8,0.5,12.0,-5.1,-0.1,alex poythress
Jaylen Morris,2018,6.0,98.0,6.5,0.438,16.9,-5.4,-0.1,jaylen morris
Brice Johnson,2018,18.0,98.0,18.2,0.486,22.3,-0.4,0.0,brice johnson
Darrun Hilliard,2018,14.0,95.0,3.4,0.362,12.3,-7.9,-0.1,darrun hilliard
Chris McCullough,2018,19.0,90.0,15.8,0.478,24.6,-1.8,0.0,chris mccullough
Damian Jones,2018,15.0,89.0,6.8,0.517,13.9,-7.1,-0.1,damian jones
Jack Cooley,2018,7.0,87.0,19.7,0.566,19.8,-0.6,0.0,jack cooley
Josh Gray,2018,5.0,86.0,7.2,0.349,26.1,-4.2,0.0,josh gray
Furkan Korkmaz,2018,14.0,80.0,3.4,0.386,16.9,-7.6,-0.1,furkan korkmaz
Wade Baldwin,2018,7.0,80.0,16.6,0.748,16.1,1.9,0.1,wade baldwin
Okaro White,2018,6.0,80.0,8.9,0.577,10.3,-0.7,0.0,okaro white
Demetrius Jackson,2018,15.0,80.0,5.4,0.424,15.8,-5.2,-0.1,demetrius jackson
Nick Collison,2018,15.0,75.0,13.2,0.627,18.2,-4.2,0.0,nick collison
Omari Johnson,2018,4.0,75.0,10.5,0.524,14.4,-4.5,0.0,omari johnson
Marquis Teague,2018,3.0,74.0,5.7,0.302,12.9,-5.7,-0.1,marquis teague
Thomas Bryant,2018,15.0,72.0,9.9,0.441,15.9,-3.3,0.0,thomas bryant
Udonis Haslem,2018,14.0,72.0,1.8,0.252,11.1,-7.7,-0.1,udonis haslem
D.J. Wilson,2018,22.0,71.0,10.3,0.622,13.3,-2.0,0.0,d j wilson
Alan Williams,2018,5.0,70.0,9.3,0.455,17.5,-5.0,-0.1,alan williams
Larry Drew II,2018,10.0,70.0,2.9,0.354,16.6,-9.0,-0.1,larry drew
London Perrantes,2018,14.0,66.0,0.7,0.23,10.9,-9.2,-0.1,london perrantes
Gian Clavell,2018,7.0,64.0,7.4,0.53,14.8,-2.2,0.0,gian clavell
Andre Ingram,2018,2.0,64.0,16.3,0.655,14.1,4.3,0.1,andre ingram
James Young,2018,6.0,61.0,4.6,0.511,12.3,-6.9,-0.1,james young
Kyle Singler,2018,12.0,59.0,5.9,0.43,21.6,-6.7,-0.1,kyle singler
Alfonzo McKinnie,2018,14.0,53.0,10.1,0.643,16.0,-3.0,0.0,alfonzo mckinnie
Jordan Crawford,2018,5.0,53.0,19.1,0.601,26.5,4.2,0.1,jordan crawford
Marshall Plumlee,2018,8.0,52.0,10.9,0.697,11.3,-4.5,0.0,marshall plumlee
Cole Aldrich,2018,21.0,49.0,6.0,0.34,16.8,-7.5,-0.1,cole aldrich
Vander Blue,2018,5.0,45.0,-1.8,0.255,8.4,-8.4,-0.1,vander blue
R.J. Hunter,2018,5.0,45.0,8.5,0.455,22.5,-3.3,0.0,r j hunter
Adreian Payne,2018,5.0,43.0,18.8,0.831,15.0,2.4,0.0,adreian payne
Joakim Noah,2018,7.0,40.0,15.6,0.51,17.2,-0.8,0.0,joakim noah
Jonathan Gibson,2018,4.0,40.0,25.4,0.739,29.0,4.1,0.1,jonathan gibson
Jeff Withey,2018,10.0,39.0,8.3,0.444,22.0,-5.0,0.0,jeff withey
Charles Cooke,2018,13.0,38.0,-5.1,0.202,18.1,-14.4,-0.1,charles cooke
Joel Bolomboy,2018,6.0,38.0,11.7,0.521,12.6,-5.0,0.0,joel bolomboy
Walt Lemon Jr.,2018,5.0,35.0,6.9,0.491,26.4,-8.2,-0.1,walt lemon
Aaron Jackson,2018,1.0,35.0,2.4,0.405,13.7,-8.9,-0.1,aaron jackson
Jacob Wiley,2018,5.0,33.0,8.2,0.41,6.4,-2.3,0.0,jacob wiley
Georges Niang,2018,9.0,32.0,9.2,0.379,20.9,-4.0,0.0,georges niang
Matt Costello,2018,4.0,32.0,9.7,0.5,7.0,-0.7,0.0,matt costello
Markel Brown,2018,4.0,31.0,-1.2,0.357,12.8,-10.8,-0.1,markel brown
Ike Anigbogu,2018,11.0,30.0,21.6,0.558,20.3,1.9,0.0,ike anigbogu
Tony Bradley,2018,9.0,29.0,9.5,0.337,18.4,-7.5,0.0,tony bradley
Daniel Hamilton,2018,6.0,28.0,18.2,0.545,19.9,2.3,0.0,daniel hamilton
Marcus Paige,2018,5.0,28.0,9.1,0.403,23.0,-8.8,0.0,marcus paige
Jameel Warney,2018,3.0,27.0,22.6,0.599,25.6,-0.2,0.0,jameel warney
Monte Morris,2018,3.0,25.0,27.1,0.727,13.7,9.4,0.1,monte morris
Jeremy Lin,2018,1.0,25.0,15.9,0.597,31.3,-5.4,0.0,jeremy lin
Chinanu Onuaku,2018,1.0,22.0,-3.2,0.4,16.1,-14.7,-0.1,chinanu onuaku
Xavier Munford,2018,6.0,21.0,-2.1,0.218,19.1,-11.3,0.0,xavier munford
Mangok Mathiang,2018,4.0,20.0,18.0,0.538,16.1,-4.6,0.0,mangok mathiang
Nate Wolters,2018,5.0,19.0,-2.9,0.167,14.2,-12.8,-0.1,nate wolters
James Michael McAdoo,2018,3.0,18.0,7.4,0.508,21.0,-3.0,0.0,james michael mcadoo
Kendrick Perkins,2018,1.0,15.0,8.4,0.521,11.4,-2.2,0.0,kendrick perkins
Tim Quarterman,2018,3.0,13.0,2.9,0.515,20.0,-9.7,0.0,tim quarterman
Luol Deng,2018,1.0,13.0,5.5,0.5,9.8,-2.9,0.0,luol deng
Devin Robinson,2018,1.0,13.0,10.5,0.333,10.2,-2.1,0.0,devin robinson
Josh Smith,2018,3.0,12.0,3.5,0.25,14.4,-14.6,0.0,josh smith
Matt Williams,2018,3.0,11.0,-0.7,0.417,28.6,-11.2,0.0,matt williams
Nicolás Brussino,2018,4.0,10.0,-4.6,0.0,8.7,-11.3,0.0,nicolas brussino
David Stockton,2018,3.0,9.0,33.9,1.05,28.8,7.9,0.0,david stockton
Ben Moore,2018,2.0,9.0,-2.3,,0.0,-9.3,0.0,ben moore
Derrick Williams,2018,2.0,9.0,-3.2,0.25,18.9,-16.8,0.0,derrick williams
Jarell Eddie,2018,3.0,9.0,-1.9,0.0,9.8,-8.3,0.0,jarell eddie
Erik McCree,2018,4.0,8.0,-8.9,0.0,16.9,-13.7,0.0,erik mccree
Luis Montero,2018,2.0,8.0,-15.5,0.0,16.6,-25.6,0.0,luis montero
Scotty Hopson,2018,1.0,8.0,-4.6,0.266,16.3,-14.0,0.0,scotty hopson
Vince Hunter,2018,4.0,7.0,35.8,0.6,38.5,9.7,0.0,vince hunter
Reggie Hearn,2018,3.0,7.0,13.1,0.75,12.7,1.5,0.0,reggie hearn
Xavier Silas,2018,2.0,7.0,-4.9,0.0,19.1,-8.1,0.0,xavier silas
Jacob Pullen,2018,3.0,6.0,-2.3,0.5,21.3,-12.7,0.0,jacob pullen
Josh McRoberts,2018,2.0,6.0,-12.5,0.0,7.6,-21.4,0.0,josh mcroberts
Jeremy Evans,2018,1.0,5.0,10.4,1.0,17.5,-9.9,0.0,jeremy evans
Gordon Hayward,2018,1.0,5.0,7.3,0.5,17.9,-7.4,0.0,gordon hayward
Anthony Brown,2018,1.0,4.0,41.9,1.5,11.1,30.5,0.0,anthony brown
Justin Patton,2018,1.0,4.0,19.8,0.5,22.1,3.2,0.0,justin patton
PJ Dozier,2018,2.0,3.0,-5.0,0.5,42.9,-20.4,0.0,pj dozier
Mindaugas Kuzminskas,2018,1.0,2.0,-41.1,0.0,43.6,-54.7,0.0,mindaugas kuzminskas
Tyler Lydon,2018,1.0,2.0,0.0,,0.0,-5.4,0.0,tyler lydon
Edmond Sumner,2018,1.0,2.0,39.8,1.0,22.3,6.9,0.0,edmond sumner
Chris Boucher,2018,1.0,1.0,-28.5,0.0,43.9,-33.1,0.0,chris boucher
Trey McKinney-Jones,2018,1.0,1.0,0.0,,0.0,-8.5,0.0,trey mckinney jones
Naz Mitrou-Long,2018,1.0,1.0,133.8,1.5,45.0,242.2,0.0,naz mitrou long
Bradley Beal,2019,82.0,3028.0,20.8,0.581,28.4,2.9,3.7,bradley beal
James Harden,2019,78.0,2867.0,30.6,0.616,40.5,11.0,9.3,james harden
Kemba Walker,2019,82.0,2863.0,21.7,0.558,31.5,4.2,4.4,kemba walker
Tobias Harris,2019,82.0,2847.0,17.2,0.592,22.8,1.6,2.6,tobias harris
Paul George,2019,77.0,2841.0,23.3,0.583,29.5,7.2,6.6,paul george
Damian Lillard,2019,80.0,2838.0,23.7,0.588,29.3,6.4,6.0,damian lillard
P.J. Tucker,2019,82.0,2802.0,9.2,0.547,9.5,-0.6,1.0,p j tucker
Kevin Durant,2019,78.0,2702.0,24.2,0.631,29.0,5.5,5.1,kevin durant
Ben Simmons,2019,79.0,2700.0,20.0,0.582,22.1,3.6,3.8,ben simmons
DeMar DeRozan,2019,77.0,2688.0,19.6,0.542,27.9,1.1,2.2,demar derozan
LaMarcus Aldridge,2019,81.0,2687.0,22.9,0.576,26.9,1.8,2.6,lamarcus aldridge
Steven Adams,2019,80.0,2669.0,18.5,0.591,16.4,1.1,2.1,steven adams
Klay Thompson,2019,78.0,2652.0,16.6,0.571,25.6,-0.3,1.2,klay thompson
Andre Drummond,2019,79.0,2647.0,23.4,0.555,22.9,2.1,2.7,andre drummond
Aaron Gordon,2019,78.0,2633.0,15.1,0.538,21.8,0.6,1.7,aaron gordon
Russell Westbrook,2019,73.0,2630.0,21.1,0.501,30.9,5.2,4.7,russell westbrook
Blake Griffin,2019,75.0,2622.0,21.0,0.581,30.2,5.1,4.7,blake griffin
Buddy Hield,2019,82.0,2615.0,17.5,0.587,25.1,2.1,2.7,buddy hield
Jerami Grant,2019,80.0,2612.0,13.8,0.592,15.4,0.2,1.5,jerami grant
Justin Holiday,2019,82.0,2607.0,10.0,0.52,15.7,-1.8,0.1,justin holiday
Collin Sexton,2019,82.0,2605.0,12.0,0.52,25.2,-4.7,-1.8,collin sexton
Donovan Mitchell,2019,77.0,2598.0,17.2,0.537,31.6,1.3,2.2,donovan mitchell
Rudy Gobert,2019,81.0,2577.0,24.6,0.682,17.8,5.4,4.8,rudy gobert
Bojan Bogdanović,2019,81.0,2573.0,16.1,0.613,22.4,0.7,1.7,bojan bogdanovic
Joe Ingles,2019,82.0,2568.0,13.4,0.581,17.5,1.4,2.2,joe ingles
Evan Fournier,2019,81.0,2553.0,12.3,0.536,22.1,-2.4,-0.3,evan fournier
Pascal Siakam,2019,80.0,2548.0,18.7,0.628,20.8,2.4,2.8,pascal siakam
De'Aaron Fox,2019,81.0,2546.0,18.1,0.544,24.5,1.5,2.3,de aaron fox
Karl-Anthony Towns,2019,77.0,2545.0,26.3,0.622,28.9,6.0,5.1,karl anthony towns
Andrew Wiggins,2019,73.0,2543.0,12.4,0.493,24.4,-3.0,-0.6,andrew wiggins
Josh Richardson,2019,73.0,2539.0,14.0,0.536,20.9,0.3,1.5,josh richardson
Harrison Barnes,2019,77.0,2533.0,12.8,0.55,20.9,-1.4,0.4,harrison barnes
Nikola Vučević,2019,80.0,2510.0,25.5,0.573,28.0,6.6,5.5,nikola vucevic
Nikola Jokić,2019,80.0,2504.0,26.3,0.589,27.4,9.1,7.0,nikola jokic
Trae Young,2019,81.0,2503.0,17.0,0.539,28.4,-0.6,0.9,trae young
Thaddeus Young,2019,81.0,2489.0,16.2,0.569,18.0,1.5,2.2,thaddeus young
Jayson Tatum,2019,79.0,2455.0,15.1,0.547,22.1,-0.2,1.1,jayson tatum
D'Angelo Russell,2019,81.0,2448.0,19.4,0.533,31.9,3.4,3.4,d angelo russell
Jamal Murray,2019,75.0,2447.0,16.0,0.538,24.9,0.6,1.6,jamal murray
Cedi Osman,2019,76.0,2444.0,11.5,0.536,18.6,-3.2,-0.8,cedi osman
Marc Gasol,2019,79.0,2436.0,16.7,0.546,20.7,3.1,3.1,marc gasol
Mikal Bridges,2019,82.0,2417.0,10.8,0.556,12.2,-1.6,0.3,mikal bridges
Jrue Holiday,2019,67.0,2402.0,19.4,0.555,25.4,3.0,3.1,jrue holiday
Khris Middleton,2019,77.0,2393.0,16.5,0.558,25.1,0.8,1.7,khris middleton
JJ Redick,2019,76.0,2379.0,15.1,0.602,21.9,0.2,1.3,jj redick
CJ McCollum,2019,70.0,2375.0,17.0,0.553,25.5,1.0,1.8,cj mccollum
Giannis Antetokounmpo,2019,72.0,2358.0,30.9,0.644,32.3,10.4,7.4,giannis antetokounmpo
Nicolas Batum,2019,75.0,2354.0,11.9,0.581,13.2,-0.3,1.0,nicolas batum
Trevor Ariza,2019,69.0,2349.0,12.1,0.534,16.6,-1.3,0.4,trevor ariza
Mike Conley,2019,70.0,2342.0,21.4,0.569,27.3,4.7,3.9,mike conley
Stephen Curry,2019,69.0,2331.0,24.4,0.641,30.4,6.6,5.1,stephen curry
Brook Lopez,2019,81.0,2322.0,14.6,0.597,16.7,2.2,2.4,brook lopez
Luka Dončić,2019,72.0,2318.0,19.6,0.545,30.5,3.9,3.4,luka doncic
Dennis Schröder,2019,79.0,2314.0,12.7,0.508,24.2,-2.0,0.0,dennis schroder
Kyle Kuzma,2019,70.0,2314.0,14.0,0.546,23.8,-1.4,0.4,kyle kuzma
Bryn Forbes,2019,82.0,2293.0,12.0,0.586,17.4,-1.2,0.5,bryn forbes
Joe Harris,2019,76.0,2293.0,13.5,0.645,17.0,0.5,1.4,joe harris
Al-Farouq Aminu,2019,81.0,2292.0,13.2,0.568,13.7,0.7,1.5,al farouq aminu
Reggie Jackson,2019,82.0,2289.0,15.2,0.547,24.5,0.4,1.4,reggie jackson
Eric Bledsoe,2019,78.0,2272.0,19.3,0.577,22.9,3.1,2.9,eric bledsoe
D.J. Augustin,2019,81.0,2269.0,15.7,0.616,17.2,0.5,1.4,d j augustin
Jeremy Lamb,2019,79.0,2250.0,17.3,0.552,22.5,1.2,1.8,jeremy lamb
Clint Capela,2019,67.0,2249.0,23.8,0.658,18.2,3.0,2.8,clint capela
Devin Booker,2019,64.0,2242.0,20.2,0.584,32.9,1.0,1.7,devin booker
Julius Randle,2019,73.0,2232.0,20.9,0.6,27.8,1.5,2.0,julius randle
Danny Green,2019,80.0,2216.0,13.0,0.632,14.1,2.0,2.2,danny green
Jordan Clarkson,2019,81.0,2214.0,16.8,0.539,27.6,-0.5,0.8,jordan clarkson
Kyrie Irving,2019,67.0,2214.0,24.3,0.592,29.6,7.2,5.1,kyrie irving
Willie Cauley-Stein,2019,81.0,2213.0,18.0,0.566,17.5,1.2,1.8,willie cauley stein
Kyle Lowry,2019,65.0,2213.0,16.5,0.562,19.6,2.3,2.4,kyle lowry
Marcus Smart,2019,80.0,2200.0,13.1,0.568,14.6,0.8,1.5,marcus smart
Jimmy Butler,2019,65.0,2185.0,20.2,0.571,22.3,3.7,3.2,jimmy butler
Deandre Ayton,2019,71.0,2183.0,20.5,0.608,21.2,0.2,1.2,deandre ayton
Shai Gilgeous-Alexander,2019,82.0,2174.0,13.4,0.554,18.3,-0.5,0.8,shai gilgeous alexander
Zach LaVine,2019,63.0,2171.0,18.7,0.574,30.5,0.8,1.5,zach lavine
Jae Crowder,2019,80.0,2166.0,12.1,0.538,19.1,0.3,1.2,jae crowder
Tomáš Satoranský,2019,80.0,2164.0,14.1,0.59,14.1,-0.7,0.7,tomas satoransky
Montrezl Harrell,2019,82.0,2158.0,23.4,0.636,23.5,3.3,2.9,montrezl harrell
Kevin Knox,2019,75.0,2158.0,8.7,0.475,22.3,-5.7,-2.0,kevin knox
Eric Gordon,2019,68.0,2158.0,12.2,0.549,22.0,-1.3,0.4,eric gordon
Joel Embiid,2019,64.0,2154.0,26.1,0.593,33.3,4.9,3.8,joel embiid
Terrence Ross,2019,81.0,2150.0,15.4,0.561,23.9,0.8,1.5,terrence ross
Darren Collison,2019,76.0,2143.0,16.7,0.574,17.7,1.8,2.1,darren collison
Patrick Beverley,2019,78.0,2137.0,11.8,0.561,12.2,0.9,1.5,patrick beverley
Marvin Williams,2019,75.0,2133.0,12.6,0.548,14.9,-0.3,0.9,marvin williams
Myles Turner,2019,74.0,2119.0,18.0,0.567,20.0,2.5,2.4,myles turner
Jeff Green,2019,77.0,2097.0,13.6,0.608,17.8,-1.4,0.3,jeff green
Jarrett Allen,2019,80.0,2096.0,18.5,0.632,15.9,1.6,1.9,jarrett allen
Marcus Morris,2019,75.0,2091.0,14.2,0.568,20.9,-0.9,0.6,marcus morris
Wesley Matthews,2019,69.0,2091.0,10.3,0.546,17.8,-1.8,0.1,wesley matthews
Draymond Green,2019,66.0,2065.0,12.9,0.526,13.1,1.4,1.8,draymond green
Cory Joseph,2019,82.0,2063.0,11.0,0.474,13.7,-0.4,0.9,cory joseph
Danilo Gallinari,2019,68.0,2059.0,21.0,0.633,23.8,4.3,3.3,danilo gallinari
Tim Hardaway Jr.,2019,65.0,2057.0,13.6,0.527,25.4,-2.0,0.0,tim hardaway
Kevin Huerter,2019,75.0,2048.0,10.1,0.533,15.7,-2.4,-0.2,kevin huerter
DeAndre Jordan,2019,69.0,2047.0,19.0,0.674,15.0,2.1,2.1,deandre jordan
Kawhi Leonard,2019,60.0,2040.0,25.8,0.606,30.3,7.2,4.7,kawhi leonard
Garrett Temple,2019,75.0,2040.0,8.5,0.543,13.2,-2.8,-0.4,garrett temple
Kentavious Caldwell-Pope,2019,82.0,2035.0,12.9,0.568,18.1,-0.5,0.8,kentavious caldwell pope
Austin Rivers,2019,76.0,2028.0,7.7,0.503,14.5,-4.3,-1.1,austin rivers
Dario Šarić,2019,81.0,2023.0,13.1,0.563,17.8,-1.6,0.2,dario saric
Serge Ibaka,2019,74.0,2010.0,18.7,0.582,22.9,0.2,1.2,serge ibaka
Damyean Dotson,2019,73.0,2004.0,10.8,0.526,17.3,-2.6,-0.3,damyean dotson
Jonathan Isaac,2019,75.0,1996.0,13.0,0.537,16.3,-0.4,0.8,jonathan isaac
Lou Williams,2019,75.0,1993.0,21.2,0.554,32.4,2.2,2.1,lou williams
Josh Jackson,2019,79.0,1988.0,10.6,0.487,23.9,-4.6,-1.3,josh jackson
Dorian Finney-Smith,2019,81.0,1985.0,11.0,0.53,14.0,-1.4,0.3,dorian finney smith
Jusuf Nurkić,2019,72.0,1974.0,23.4,0.57,24.7,3.7,2.8,jusuf nurkic
Al Horford,2019,68.0,1973.0,20.2,0.605,18.9,5.1,3.6,al horford
Monte Morris,2019,82.0,1970.0,16.2,0.577,17.1,1.5,1.7,monte morris
Ryan Arcidiacono,2019,81.0,1961.0,11.6,0.588,11.7,-1.9,0.1,ryan arcidiacono
Justise Winslow,2019,66.0,1959.0,12.8,0.513,20.8,-0.6,0.7,justise winslow
Bogdan Bogdanović,2019,70.0,1947.0,14.1,0.53,22.3,-0.6,0.7,bogdan bogdanovic
LeBron James,2019,55.0,1937.0,25.6,0.588,31.6,8.0,4.9,lebron james
Kelly Oubre Jr.,2019,69.0,1935.0,15.2,0.551,23.2,-1.2,0.4,kelly oubre
DeAndre' Bembry,2019,82.0,1931.0,10.8,0.508,17.2,-2.4,-0.2,deandre bembry
Terrance Ferguson,2019,74.0,1931.0,6.4,0.566,10.6,-3.8,-0.9,terrance ferguson
Spencer Dinwiddie,2019,68.0,1914.0,16.3,0.58,24.9,0.6,1.3,spencer dinwiddie
Bam Adebayo,2019,82.0,1913.0,17.9,0.623,15.8,1.8,1.8,bam adebayo
Jaylen Brown,2019,74.0,1913.0,13.5,0.547,22.1,-2.1,0.0,jaylen brown
Patty Mills,2019,82.0,1908.0,13.2,0.572,18.5,-0.3,0.8,patty mills
Avery Bradley,2019,63.0,1905.0,7.6,0.496,16.2,-3.7,-0.8,avery bradley
Ricky Rubio,2019,68.0,1899.0,14.0,0.52,22.7,-0.2,0.9,ricky rubio
Paul Millsap,2019,70.0,1895.0,17.9,0.57,19.6,1.7,1.8,paul millsap
Rodney Hood,2019,72.0,1893.0,12.3,0.545,18.1,-2.0,0.0,rodney hood
Dwyane Wade,2019,72.0,1885.0,15.8,0.51,27.9,0.6,1.2,dwyane wade
Malik Beasley,2019,81.0,1879.0,14.2,0.599,18.7,0.1,1.0,malik beasley
Reggie Bullock,2019,63.0,1879.0,10.5,0.563,15.8,-1.1,0.4,reggie bullock
Gordon Hayward,2019,72.0,1863.0,15.6,0.575,19.0,0.8,1.3,gordon hayward
Chris Paul,2019,58.0,1857.0,19.7,0.56,22.5,3.9,2.8,chris paul
Anthony Davis,2019,56.0,1850.0,30.3,0.597,29.5,9.4,5.3,anthony davis
Rudy Gay,2019,69.0,1842.0,17.5,0.583,22.1,1.4,1.6,rudy gay
Domantas Sabonis,2019,74.0,1838.0,21.9,0.63,23.5,3.1,2.4,domantas sabonis
Malcolm Brogdon,2019,64.0,1832.0,17.8,0.614,20.7,2.2,1.9,malcolm brogdon
John Collins,2019,61.0,1829.0,21.8,0.627,23.7,0.9,1.3,john collins
Marco Belinelli,2019,79.0,1815.0,11.9,0.557,19.8,-1.7,0.1,marco belinelli
Kelly Olynyk,2019,79.0,1812.0,14.4,0.61,18.0,0.7,1.2,kelly olynyk
Landry Shamet,2019,79.0,1802.0,11.0,0.604,15.0,-1.6,0.2,landry shamet
Larry Nance Jr.,2019,67.0,1795.0,18.6,0.583,15.5,2.4,2.0,larry nance
Terry Rozier,2019,79.0,1791.0,12.9,0.501,18.6,-0.2,0.8,terry rozier
Nemanja Bjelica,2019,77.0,1788.0,15.4,0.585,16.5,0.9,1.3,nemanja bjelica
Derrick Favors,2019,76.0,1766.0,21.8,0.624,19.4,3.3,2.4,derrick favors
Fred VanVleet,2019,64.0,1760.0,13.7,0.539,17.9,0.5,1.1,fred vanvleet
Brandon Ingram,2019,52.0,1760.0,13.4,0.555,23.2,-2.0,0.0,brandon ingram
Josh Okogie,2019,74.0,1757.0,9.4,0.492,15.4,-3.1,-0.5,josh okogie
Darius Miller,2019,69.0,1757.0,8.4,0.55,13.4,-2.9,-0.4,darius miller
Langston Galloway,2019,80.0,1745.0,10.7,0.534,16.1,-1.5,0.2,langston galloway
Mason Plumlee,2019,82.0,1731.0,17.8,0.602,16.2,2.1,1.8,mason plumlee
Derrick White,2019,67.0,1728.0,14.8,0.555,17.7,0.9,1.3,derrick white
Jabari Parker,2019,64.0,1724.0,15.5,0.56,24.6,-1.5,0.2,jabari parker
Noah Vonleh,2019,68.0,1722.0,13.9,0.561,14.8,-0.7,0.6,noah vonleh
Josh Hart,2019,67.0,1715.0,9.3,0.526,13.5,-1.3,0.3,josh hart
DeMarre Carroll,2019,67.0,1703.0,12.1,0.546,18.6,-1.5,0.2,demarre carroll
Delon Wright,2019,75.0,1699.0,15.5,0.523,18.1,1.5,1.5,delon wright
Miles Bridges,2019,80.0,1696.0,13.1,0.548,15.1,-0.8,0.5,miles bridges
Taj Gibson,2019,70.0,1686.0,17.8,0.612,17.2,-0.1,0.8,taj gibson
Otto Porter Jr.,2019,56.0,1683.0,15.9,0.569,19.1,0.9,1.2,otto porter
Lauri Markkanen,2019,52.0,1682.0,17.1,0.553,25.1,-0.2,0.7,lauri markkanen
Hassan Whiteside,2019,72.0,1674.0,23.5,0.564,22.6,2.3,1.8,hassan whiteside
Royce O'Neale,2019,82.0,1671.0,9.0,0.589,11.0,-0.5,0.6,royce o neale
JaVale McGee,2019,75.0,1671.0,21.8,0.634,20.2,1.4,1.4,javale mcgee
Dwight Powell,2019,77.0,1662.0,20.4,0.682,17.2,2.9,2.1,dwight powell
Kent Bazemore,2019,67.0,1643.0,11.9,0.507,22.0,-2.3,-0.1,kent bazemore
Enes Freedom,2019,67.0,1640.0,22.3,0.594,23.1,1.0,1.2,enes freedom
Gary Harris,2019,57.0,1639.0,12.2,0.526,20.0,-1.6,0.2,gary harris
Dāvis Bertāns,2019,76.0,1632.0,13.0,0.632,14.1,1.3,1.4,davis bertans
Justin Jackson,2019,81.0,1614.0,11.3,0.561,14.3,-1.6,0.2,justin jackson
Dewayne Dedmon,2019,64.0,1609.0,16.0,0.602,16.7,0.5,1.0,dewayne dedmon
Emmanuel Mudiay,2019,59.0,1607.0,14.6,0.531,25.6,-2.0,0.0,emmanuel mudiay
Robin Lopez,2019,74.0,1606.0,15.9,0.598,18.6,-1.9,0.0,robin lopez
Evan Turner,2019,73.0,1605.0,11.6,0.504,15.9,-1.3,0.3,evan turner
Jalen Brunson,2019,73.0,1591.0,12.8,0.549,19.1,-1.7,0.1,jalen brunson
Andre Iguodala,2019,68.0,1578.0,13.1,0.587,10.4,1.8,1.5,andre iguodala
Marvin Bagley III,2019,62.0,1567.0,18.9,0.562,24.2,-1.0,0.4,marvin bagley
Tyus Jones,2019,68.0,1560.0,13.7,0.491,14.1,-0.6,0.6,tyus jones
Taurean Prince,2019,55.0,1552.0,11.9,0.575,19.5,-2.0,0.0,taurean prince
Rodney McGruder,2019,66.0,1550.0,9.4,0.51,15.4,-2.3,-0.1,rodney mcgruder
Alex Len,2019,77.0,1544.0,17.2,0.575,22.1,-1.2,0.3,alex len
Tyler Johnson,2019,57.0,1529.0,12.4,0.532,18.5,-0.4,0.6,tyler johnson
Jaren Jackson Jr.,2019,58.0,1515.0,16.4,0.591,22.8,-0.3,0.7,jaren jackson
Dennis Smith Jr.,2019,53.0,1508.0,12.3,0.502,24.8,-1.9,0.0,dennis smith
Torrey Craig,2019,75.0,1503.0,10.4,0.547,12.4,-1.9,0.0,torrey craig
Maxi Kleber,2019,71.0,1502.0,13.1,0.579,13.5,0.4,0.9,maxi kleber
Thomas Bryant,2019,72.0,1496.0,21.0,0.674,17.6,2.0,1.5,thomas bryant
Kevon Looney,2019,80.0,1481.0,17.3,0.636,12.8,0.5,0.9,kevon looney
Iman Shumpert,2019,62.0,1481.0,9.1,0.499,14.5,-1.9,0.0,iman shumpert
Gerald Green,2019,73.0,1473.0,11.4,0.555,19.5,-1.7,0.1,gerald green
T.J. McConnell,2019,76.0,1470.0,13.4,0.555,15.0,-0.9,0.4,t j mcconnell
E'Twaun Moore,2019,53.0,1463.0,11.5,0.567,17.3,-2.3,-0.1,e twaun moore
Allonzo Trier,2019,64.0,1459.0,12.2,0.564,21.5,-3.1,-0.4,allonzo trier
Bruce Brown,2019,74.0,1449.0,6.9,0.469,11.5,-3.3,-0.5,bruce brown
Ed Davis,2019,81.0,1446.0,17.3,0.632,12.7,0.0,0.7,ed davis
Wayne Selden,2019,75.0,1439.0,8.3,0.491,18.4,-5.4,-1.2,wayne selden
Luke Kennard,2019,63.0,1437.0,11.9,0.56,18.1,-1.1,0.3,luke kennard
Jeremy Lin,2019,74.0,1436.0,13.5,0.558,21.8,-2.2,-0.1,jeremy lin
Shaquille Harrison,2019,73.0,1430.0,12.4,0.494,16.5,-1.3,0.2,shaquille harrison
Lonzo Ball,2019,47.0,1423.0,11.7,0.487,16.9,-0.3,0.6,lonzo ball
Maurice Harkless,2019,60.0,1415.0,13.2,0.547,13.9,0.7,1.0,maurice harkless
Tyreke Evans,2019,69.0,1402.0,11.5,0.483,26.4,-2.7,-0.2,tyreke evans
Seth Curry,2019,74.0,1399.0,11.4,0.595,16.6,-1.0,0.3,seth curry
Mike Scott,2019,79.0,1395.0,8.6,0.528,14.4,-2.5,-0.2,mike scott
Derrick Rose,2019,51.0,1392.0,19.5,0.557,27.3,1.4,1.2,derrick rose
Kris Dunn,2019,46.0,1389.0,12.4,0.484,20.1,-2.7,-0.2,kris dunn
Alec Burks,2019,64.0,1375.0,12.7,0.523,19.0,-1.2,0.3,alec burks
JaMychal Green,2019,65.0,1371.0,14.7,0.587,19.4,-1.7,0.1,jamychal green
Rajon Rondo,2019,46.0,1369.0,12.1,0.473,17.4,-1.5,0.2,rajon rondo
Mitchell Robinson,2019,66.0,1360.0,22.0,0.692,12.1,2.5,1.6,mitchell robinson
T.J. Warren,2019,43.0,1360.0,16.3,0.58,22.7,-0.2,0.6,t j warren
Juancho Hernangómez,2019,70.0,1358.0,11.0,0.58,12.2,-1.1,0.3,juancho hernangomez
Zach Collins,2019,77.0,1356.0,13.5,0.562,16.6,-1.2,0.3,zach collins
OG Anunoby,2019,67.0,1352.0,9.8,0.544,15.5,-2.4,-0.1,og anunoby
Doug McDermott,2019,77.0,1340.0,11.6,0.617,16.3,-1.4,0.2,doug mcdermott
Kyle Korver,2019,70.0,1334.0,11.2,0.582,18.5,-0.5,0.5,kyle korver
Vince Carter,2019,76.0,1330.0,11.8,0.565,16.7,-0.7,0.5,vince carter
Jake Layman,2019,71.0,1327.0,13.5,0.594,15.9,-0.5,0.5,jake layman
Mike Muscala,2019,64.0,1306.0,10.8,0.564,14.3,-1.1,0.3,mike muscala
Tony Snell,2019,74.0,1304.0,10.7,0.585,12.9,-0.7,0.4,tony snell
George Hill,2019,60.0,1302.0,12.1,0.554,15.1,-1.4,0.2,george hill
Bobby Portis,2019,50.0,1299.0,16.1,0.529,24.6,-2.4,-0.1,bobby portis
Wayne Ellington,2019,53.0,1297.0,11.8,0.569,17.2,0.0,0.7,wayne ellington
Rodions Kurucs,2019,63.0,1294.0,11.0,0.545,18.4,-2.6,-0.2,rodions kurucs
Kyle Anderson,2019,43.0,1281.0,12.8,0.569,12.6,0.8,0.9,kyle anderson
Jakob Poeltl,2019,77.0,1273.0,19.4,0.64,13.1,2.0,1.3,jakob poeltl
Markieff Morris,2019,58.0,1270.0,11.7,0.521,19.1,-2.7,-0.2,markieff morris
Jeff Teague,2019,42.0,1264.0,15.4,0.528,19.3,-0.4,0.5,jeff teague
Pat Connaughton,2019,61.0,1261.0,13.6,0.573,13.3,1.2,1.0,pat connaughton
Malik Monk,2019,73.0,1258.0,11.8,0.518,24.6,-3.0,-0.3,malik monk
Ish Smith,2019,56.0,1251.0,11.8,0.485,19.9,-2.0,0.0,ish smith
Elfrid Payton,2019,42.0,1250.0,14.0,0.502,18.3,-1.4,0.2,elfrid payton
Shelvin Mack,2019,57.0,1246.0,10.4,0.489,18.1,-3.0,-0.3,shelvin mack
Nikola Mirotić,2019,46.0,1245.0,17.2,0.584,21.4,1.5,1.1,nikola mirotic
Cody Zeller,2019,49.0,1243.0,17.2,0.611,16.3,0.1,0.7,cody zeller
Rondae Hollis-Jefferson,2019,59.0,1234.0,12.5,0.464,21.6,-2.6,-0.2,rondae hollis jefferson
Wes Iwundu,2019,68.0,1233.0,8.7,0.531,12.8,-3.2,-0.4,wes iwundu
Ersan İlyasova,2019,67.0,1231.0,11.6,0.548,15.7,-2.3,-0.1,ersan ilyasova
James Ennis III,2019,58.0,1230.0,11.0,0.59,12.7,-1.5,0.1,james ennis
Jared Dudley,2019,59.0,1220.0,7.8,0.554,10.4,-1.8,0.1,jared dudley
Jonas Jerebko,2019,73.0,1218.0,13.5,0.588,15.2,-0.7,0.4,jonas jerebko
Jamal Crawford,2019,64.0,1211.0,11.7,0.522,20.8,-3.9,-0.6,jamal crawford
Stanley Johnson,2019,66.0,1208.0,9.6,0.485,19.4,-2.2,0.0,stanley johnson
Mario Hezonja,2019,58.0,1206.0,10.8,0.497,21.3,-3.8,-0.5,mario hezonja
Robert Covington,2019,35.0,1203.0,13.3,0.58,15.6,1.6,1.1,robert covington
Tristan Thompson,2019,43.0,1198.0,18.4,0.551,17.7,-0.5,0.4,tristan thompson
Will Barton,2019,43.0,1189.0,11.0,0.501,20.0,-1.8,0.0,will barton
Richaun Holmes,2019,70.0,1184.0,20.7,0.647,17.9,0.6,0.8,richaun holmes
Michael Kidd-Gilchrist,2019,64.0,1179.0,13.3,0.553,15.7,-2.4,-0.1,michael kidd gilchrist
Wilson Chandler,2019,51.0,1177.0,8.5,0.537,11.8,-2.8,-0.2,wilson chandler
Frank Jackson,2019,61.0,1169.0,9.4,0.517,18.5,-4.6,-0.8,frank jackson
James Johnson,2019,55.0,1164.0,10.9,0.522,17.8,-1.2,0.2,james johnson
Derrick Jones Jr.,2019,60.0,1153.0,14.0,0.559,15.6,-0.5,0.4,derrick jones
Victor Oladipo,2019,36.0,1147.0,17.6,0.519,27.9,2.9,1.4,victor oladipo
Dion Waiters,2019,44.0,1138.0,11.4,0.53,21.1,-1.1,0.3,dion waiters
Allen Crabbe,2019,43.0,1133.0,7.7,0.519,16.4,-2.8,-0.2,allen crabbe
Norman Powell,2019,60.0,1126.0,13.3,0.596,19.0,-0.7,0.4,norman powell
Trey Burke,2019,58.0,1125.0,16.5,0.524,24.8,0.1,0.6,trey burke
Lance Stephenson,2019,68.0,1123.0,11.8,0.529,20.3,-1.5,0.1,lance stephenson
Trey Lyles,2019,64.0,1120.0,12.7,0.5,23.4,-2.4,-0.1,trey lyles
Tim Frazier,2019,59.0,1120.0,11.7,0.544,13.3,-1.8,0.1,tim frazier
Wendell Carter Jr.,2019,44.0,1110.0,15.2,0.541,19.1,-1.6,0.1,wendell carter
John Wall,2019,32.0,1104.0,18.0,0.527,28.8,0.9,0.8,john wall
Jonas Valančiūnas,2019,49.0,1091.0,24.4,0.616,28.5,2.7,1.3,jonas valanciunas
Ante Žižić,2019,59.0,1082.0,16.2,0.59,18.2,-3.2,-0.3,ante zizic
Anthony Tolliver,2019,65.0,1079.0,8.6,0.571,12.5,-2.4,-0.1,anthony tolliver
Kenrich Williams,2019,46.0,1079.0,9.7,0.485,12.3,-1.9,0.0,kenrich williams
Devin Harris,2019,68.0,1071.0,10.7,0.527,18.5,-2.2,-0.1,devin harris
Yogi Ferrell,2019,71.0,1067.0,12.7,0.55,16.3,-1.4,0.2,yogi ferrell
Jonathon Simmons,2019,56.0,1064.0,8.5,0.466,18.7,-4.2,-0.6,jonathon simmons
Caris LeVert,2019,40.0,1063.0,14.9,0.509,24.0,0.2,0.6,caris levert
Quinn Cook,2019,74.0,1059.0,13.1,0.565,20.2,-2.1,0.0,quinn cook
Nerlens Noel,2019,77.0,1055.0,19.3,0.608,13.8,2.1,1.1,nerlens noel
Ivica Zubac,2019,59.0,1040.0,18.9,0.604,20.3,-0.5,0.4,ivica zubac
Sterling Brown,2019,58.0,1034.0,10.9,0.563,15.2,-1.5,0.1,sterling brown
Gorgui Dieng,2019,76.0,1031.0,18.1,0.572,19.6,0.6,0.7,gorgui dieng
Nik Stauskas,2019,68.0,1015.0,10.9,0.545,17.6,-1.9,0.0,nik stauskas
Alfonzo McKinnie,2019,72.0,1003.0,11.2,0.569,13.9,-3.5,-0.4,alfonzo mckinnie
Tony Parker,2019,56.0,1003.0,15.3,0.512,25.5,-2.6,-0.1,tony parker
Goran Dragić,2019,36.0,991.0,13.9,0.517,23.7,-1.1,0.2,goran dragic
David Nwaba,2019,51.0,984.0,12.5,0.558,14.6,-2.1,0.0,david nwaba
De'Anthony Melton,2019,50.0,984.0,9.9,0.466,15.0,-2.7,-0.2,de anthony melton
Shabazz Napier,2019,56.0,983.0,15.3,0.534,24.0,1.5,0.9,shabazz napier
Danuel House Jr.,2019,39.0,979.0,12.2,0.646,14.1,-0.5,0.4,danuel house
Ian Clark,2019,60.0,973.0,8.3,0.502,19.3,-5.1,-0.8,ian clark
Thon Maker,2019,64.0,972.0,11.3,0.53,14.8,-1.2,0.2,thon maker
Shaun Livingston,2019,64.0,967.0,11.7,0.555,12.0,-1.0,0.2,shaun livingston
Elie Okobo,2019,53.0,958.0,7.6,0.489,17.0,-5.7,-0.9,elie okobo
Jerian Grant,2019,60.0,939.0,10.8,0.526,13.4,-1.6,0.1,jerian grant
Jahlil Okafor,2019,59.0,935.0,17.9,0.603,19.9,-1.5,0.1,jahlil okafor
Dante Cunningham,2019,64.0,928.0,10.2,0.585,8.9,-0.6,0.3,dante cunningham
Daniel Theis,2019,66.0,908.0,17.0,0.624,15.8,0.0,0.5,daniel theis
Frank Ntilikina,2019,43.0,904.0,6.0,0.417,16.6,-6.0,-0.9,frank ntilikina
Cheick Diallo,2019,64.0,896.0,17.5,0.644,16.0,-0.9,0.2,cheick diallo
Chandler Hutchison,2019,44.0,895.0,8.8,0.507,12.2,-3.9,-0.4,chandler hutchison
D.J. Wilson,2019,48.0,882.0,10.3,0.515,14.4,-2.2,0.0,d j wilson
Zaza Pachulia,2019,68.0,878.0,13.7,0.539,15.0,-1.2,0.2,zaza pachulia
Meyers Leonard,2019,61.0,878.0,15.8,0.675,14.8,1.8,0.8,meyers leonard
Solomon Hill,2019,44.0,878.0,6.8,0.497,10.4,-3.6,-0.3,solomon hill
Tyson Chandler,2019,55.0,875.0,11.2,0.63,8.5,-2.1,0.0,tyson chandler
Patrick Patterson,2019,63.0,861.0,8.1,0.493,12.0,-2.5,-0.1,patrick patterson
C.J. Miles,2019,53.0,856.0,9.0,0.504,18.6,-2.9,-0.2,c j miles
Antonio Blakeney,2019,57.0,829.0,10.6,0.487,24.5,-5.2,-0.7,antonio blakeney
Dragan Bender,2019,46.0,826.0,9.5,0.521,13.4,-4.1,-0.5,dragan bender
Aron Baynes,2019,51.0,821.0,14.0,0.567,15.2,-1.5,0.1,aron baynes
Harry Giles,2019,58.0,820.0,14.4,0.526,23.2,-3.0,-0.2,harry giles
Willy Hernangómez,2019,58.0,812.0,20.4,0.587,22.1,-0.1,0.4,willy hernangomez
Matthew Dellavedova,2019,48.0,812.0,11.1,0.532,17.9,-4.4,-0.5,matthew dellavedova
Omari Spellman,2019,46.0,805.0,12.4,0.516,14.9,-1.2,0.2,omari spellman
Bruno Caboclo,2019,34.0,800.0,12.4,0.571,15.9,-1.1,0.2,bruno caboclo
Dirk Nowitzki,2019,51.0,795.0,9.6,0.469,22.5,-3.9,-0.4,dirk nowitzki
Jordan Bell,2019,68.0,788.0,12.9,0.531,13.7,-0.9,0.2,jordan bell
Sam Dekker,2019,47.0,788.0,13.3,0.519,16.2,-1.8,0.1,sam dekker
Luke Kornet,2019,46.0,784.0,14.8,0.531,17.9,2.0,0.8,luke kornet
Bismack Biyombo,2019,54.0,783.0,14.4,0.602,12.7,-2.5,-0.1,bismack biyombo
Lance Thomas,2019,46.0,783.0,6.4,0.482,12.9,-5.7,-0.7,lance thomas
DeMarcus Cousins,2019,30.0,771.0,21.4,0.562,28.1,3.0,1.0,demarcus cousins
Mo Bamba,2019,47.0,766.0,14.9,0.539,17.8,-1.4,0.1,mo bamba
Troy Daniels,2019,51.0,760.0,9.8,0.558,17.6,-3.7,-0.3,troy daniels
Dwayne Bacon,2019,43.0,759.0,11.7,0.57,16.8,-3.7,-0.3,dwayne bacon
Frank Kaminsky,2019,47.0,755.0,16.8,0.587,22.1,0.3,0.4,frank kaminsky
J.J. Barea,2019,38.0,752.0,16.3,0.495,28.1,-0.6,0.3,j j barea
Marcin Gortat,2019,47.0,751.0,12.8,0.562,14.4,-1.3,0.1,marcin gortat
Cristiano Felício,2019,60.0,746.0,13.4,0.568,14.3,-4.1,-0.4,cristiano felicio
Chasson Randle,2019,49.0,743.0,9.9,0.555,16.4,-4.0,-0.4,chasson randle
Brandon Knight,2019,39.0,736.0,8.9,0.484,18.1,-5.4,-0.6,brandon knight
Troy Brown Jr.,2019,52.0,730.0,11.1,0.487,16.5,-2.7,-0.1,troy brown
Kenneth Faried,2019,37.0,728.0,21.6,0.622,20.3,-0.2,0.3,kenneth faried
Ivan Rabb,2019,49.0,721.0,16.1,0.586,17.2,-1.4,0.1,ivan rabb
Treveon Graham,2019,35.0,715.0,6.1,0.458,12.8,-3.7,-0.3,treveon graham
Cameron Payne,2019,40.0,712.0,11.5,0.519,17.6,-3.0,-0.2,cameron payne
Tyler Dorsey,2019,48.0,698.0,11.2,0.509,19.7,-3.5,-0.3,tyler dorsey
Abdel Nader,2019,61.0,694.0,8.8,0.522,15.1,-3.2,-0.2,abdel nader
Joakim Noah,2019,42.0,693.0,18.6,0.571,20.0,2.1,0.7,joakim noah
Boban Marjanović,2019,58.0,681.0,24.2,0.664,23.3,3.2,0.9,boban marjanovic
Furkan Korkmaz,2019,48.0,679.0,11.5,0.528,17.9,-1.8,0.0,furkan korkmaz
Devonte' Graham,2019,46.0,676.0,10.3,0.459,17.0,-4.0,-0.3,devonte graham
Timothé Luwawu-Cabarrot,2019,50.0,669.0,8.0,0.489,16.6,-5.2,-0.5,timothe luwawu cabarrot
Danté Exum,2019,42.0,664.0,11.2,0.516,21.3,-2.1,0.0,dante exum
Jerryd Bayless,2019,34.0,657.0,8.5,0.431,17.6,-4.6,-0.4,jerryd bayless
Aaron Holiday,2019,50.0,646.0,11.9,0.518,21.9,-1.6,0.1,aaron holiday
Khem Birch,2019,50.0,643.0,19.2,0.64,14.1,1.2,0.5,khem birch
Gary Clark,2019,51.0,641.0,9.2,0.48,10.9,-0.7,0.2,gary clark
Jonah Bolden,2019,44.0,639.0,12.7,0.595,13.8,-0.7,0.2,jonah bolden
José Calderón,2019,49.0,632.0,7.1,0.453,10.9,-3.9,-0.3,jose calderon
Isaiah Canaan,2019,30.0,629.0,8.0,0.518,14.2,-4.1,-0.3,isaiah canaan
Tyrone Wallace,2019,62.0,628.0,7.0,0.45,18.7,-6.4,-0.7,tyrone wallace
Glenn Robinson III,2019,47.0,610.0,8.7,0.511,15.0,-3.0,-0.2,glenn robinson
Thabo Sefolosha,2019,50.0,609.0,12.1,0.599,12.9,1.5,0.5,thabo sefolosha
Kevin Love,2019,22.0,598.0,19.5,0.561,27.4,1.6,0.6,kevin love
Semi Ojeleye,2019,56.0,594.0,8.5,0.531,14.1,-4.0,-0.3,semi ojeleye
Álex Abrines,2019,31.0,588.0,6.3,0.507,12.2,-3.3,-0.2,alex abrines
Jevon Carter,2019,39.0,577.0,7.8,0.432,18.0,-4.0,-0.3,jevon carter
Isaiah Briscoe,2019,39.0,559.0,6.7,0.455,14.1,-5.0,-0.4,isaiah briscoe
Nenê,2019,42.0,546.0,11.9,0.552,11.7,-2.2,0.0,nene
Wesley Johnson,2019,38.0,534.0,5.5,0.469,12.0,-4.8,-0.4,wesley johnson
Alex Caruso,2019,25.0,531.0,13.9,0.569,19.0,-0.2,0.2,alex caruso
Amir Johnson,2019,51.0,529.0,13.1,0.574,17.4,-2.3,0.0,amir johnson
Hamidou Diallo,2019,51.0,526.0,10.1,0.497,16.6,-4.2,-0.3,hamidou diallo
T.J. Leaf,2019,58.0,522.0,16.9,0.572,17.5,-0.3,0.2,t j leaf
Omri Casspi,2019,36.0,520.0,15.7,0.606,18.0,0.4,0.3,omri casspi
Georges Niang,2019,59.0,516.0,13.0,0.613,17.8,0.0,0.3,georges niang
Keita Bates-Diop,2019,30.0,503.0,9.6,0.489,14.1,-3.4,-0.2,keita bates diop
Kosta Koufos,2019,42.0,502.0,12.3,0.477,15.7,-3.4,-0.2,kosta koufos
Marquese Chriss,2019,43.0,499.0,9.2,0.455,20.6,-7.5,-0.7,marquese chriss
Ian Mahinmi,2019,34.0,498.0,12.0,0.531,12.9,-3.0,-0.1,ian mahinmi
Chandler Parsons,2019,25.0,496.0,8.5,0.484,20.3,-4.4,-0.3,chandler parsons
Corey Brewer,2019,31.0,492.0,11.6,0.532,13.6,-1.3,0.1,corey brewer
Greg Monroe,2019,43.0,480.0,16.0,0.521,22.6,-3.2,-0.1,greg monroe
Raul Neto,2019,37.0,474.0,13.5,0.558,19.0,-0.3,0.2,raul neto
Justin Anderson,2019,48.0,463.0,11.2,0.516,17.2,-2.7,-0.1,justin anderson
Ryan Broekhoff,2019,42.0,453.0,10.7,0.621,14.3,-1.0,0.1,ryan broekhoff
Moritz Wagner,2019,43.0,446.0,10.1,0.533,21.7,-4.3,-0.3,moritz wagner
Svi Mykhailiuk,2019,42.0,440.0,6.0,0.447,16.0,-5.0,-0.3,svi mykhailiuk
Jaron Blossomgame,2019,27.0,439.0,10.2,0.51,12.2,-3.8,-0.2,jaron blossomgame
Frank Mason III,2019,38.0,435.0,12.4,0.502,21.8,-3.1,-0.1,frank mason
Jaylen Adams,2019,34.0,428.0,7.6,0.474,13.5,-4.3,-0.2,jaylen adams
Courtney Lee,2019,34.0,428.0,10.3,0.492,15.3,-2.5,-0.1,courtney lee
Markelle Fultz,2019,19.0,427.0,10.5,0.452,19.3,-3.1,-0.1,markelle fultz
Grayson Allen,2019,38.0,416.0,7.5,0.516,24.4,-6.3,-0.5,grayson allen
Kadeem Allen,2019,19.0,416.0,16.2,0.574,19.6,0.5,0.3,kadeem allen
Donte DiVincenzo,2019,27.0,411.0,9.1,0.507,15.1,-2.2,0.0,donte divincenzo
Damian Jones,2019,24.0,410.0,15.3,0.72,11.1,1.1,0.3,damian jones
Jon Leuer,2019,41.0,402.0,13.2,0.616,16.1,-2.5,0.0,jon leuer
Salah Mejri,2019,36.0,399.0,16.1,0.559,15.8,0.8,0.3,salah mejri
Patrick McCaw,2019,29.0,397.0,7.5,0.532,9.4,-3.0,-0.1,patrick mccaw
Luol Deng,2019,22.0,392.0,14.6,0.588,15.8,0.0,0.2,luol deng
MarShon Brooks,2019,29.0,387.0,11.6,0.518,23.6,-3.0,-0.1,marshon brooks
Raymond Felton,2019,33.0,379.0,11.2,0.505,16.6,-1.3,0.1,raymond felton
Damion Lee,2019,32.0,375.0,11.9,0.578,16.8,-2.2,0.0,damion lee
Johnathan Williams,2019,24.0,372.0,15.1,0.599,16.4,-3.2,-0.1,johnathan williams
Michael Carter-Williams,2019,28.0,372.0,14.7,0.458,19.4,0.8,0.3,michael carter williams
Kyle O'Quinn,2019,45.0,371.0,16.8,0.537,20.8,0.4,0.2,kyle o quinn
Pau Gasol,2019,30.0,360.0,16.7,0.529,15.6,3.1,0.5,pau gasol
Brad Wanamaker,2019,36.0,343.0,14.3,0.597,17.1,-0.7,0.1,brad wanamaker
Channing Frye,2019,36.0,341.0,8.9,0.524,17.5,-3.5,-0.1,channing frye
Jordan McRae,2019,27.0,333.0,14.3,0.55,20.4,-1.7,0.0,jordan mcrae
John Jenkins,2019,26.0,333.0,9.7,0.536,15.7,-3.4,-0.1,john jenkins
Dillon Brooks,2019,18.0,330.0,7.6,0.499,20.9,-6.3,-0.4,dillon brooks
Jarell Martin,2019,42.0,328.0,9.4,0.528,15.9,-3.9,-0.2,jarell martin
Ryan Anderson,2019,25.0,322.0,4.6,0.414,12.0,-6.4,-0.4,ryan anderson
Ekpe Udoh,2019,51.0,320.0,20.9,0.698,13.1,4.7,0.5,ekpe udoh
Jerome Robinson,2019,33.0,320.0,7.2,0.491,16.7,-4.7,-0.2,jerome robinson
Sindarius Thornwell,2019,64.0,313.0,5.2,0.485,11.3,-4.7,-0.2,sindarius thornwell
Troy Williams,2019,21.0,312.0,10.5,0.531,15.0,-2.4,0.0,troy williams
Alex Poythress,2019,21.0,305.0,12.2,0.571,14.2,-3.5,-0.1,alex poythress
Carmelo Anthony,2019,10.0,294.0,10.9,0.513,20.5,-2.7,-0.1,carmelo anthony
Quincy Pondexter,2019,53.0,292.0,13.2,0.641,13.5,-0.9,0.1,quincy pondexter
Robert Williams,2019,32.0,283.0,18.8,0.703,10.3,1.8,0.3,robert williams
Michael Beasley,2019,26.0,277.0,15.9,0.532,29.5,-1.5,0.0,michael beasley
Shake Milton,2019,20.0,268.0,9.3,0.483,15.0,-3.2,-0.1,shake milton
Cameron Reynolds,2019,19.0,259.0,10.4,0.58,14.1,-2.5,0.0,cameron reynolds
Henry Ellenson,2019,19.0,259.0,13.1,0.538,19.0,-1.5,0.0,henry ellenson
Julian Washburn,2019,18.0,254.0,6.5,0.402,10.0,-4.6,-0.2,julian washburn
Guerschon Yabusele,2019,41.0,251.0,12.4,0.542,17.5,-2.7,0.0,guerschon yabusele
Christian Wood,2019,21.0,251.0,21.9,0.607,26.1,0.4,0.1,christian wood
Deonte Burton,2019,32.0,240.0,7.0,0.47,16.3,-4.3,-0.1,deonte burton
Dwight Howard,2019,9.0,230.0,17.4,0.638,19.6,-3.0,-0.1,dwight howard
J.R. Smith,2019,11.0,222.0,7.8,0.444,18.6,-3.2,-0.1,j r smith
Isaiah Hartenstein,2019,28.0,221.0,10.0,0.562,11.8,-3.9,-0.1,isaiah hartenstein
Jalen Jones,2019,16.0,214.0,11.7,0.548,16.7,-4.2,-0.1,jalen jones
Brandon Sampson,2019,14.0,214.0,8.5,0.567,15.2,-4.7,-0.1,brandon sampson
Lorenzo Brown,2019,26.0,212.0,6.3,0.38,17.9,-3.5,-0.1,lorenzo brown
Theo Pinson,2019,18.0,211.0,8.1,0.49,20.0,-3.2,-0.1,theo pinson
Edmond Sumner,2019,23.0,210.0,7.6,0.443,17.6,-5.3,-0.2,edmond sumner
Jacob Evans,2019,30.0,204.0,3.5,0.374,13.5,-8.2,-0.3,jacob evans
Daniel Hamilton,2019,19.0,204.0,7.1,0.455,15.7,-4.1,-0.1,daniel hamilton
Khyri Thomas,2019,26.0,195.0,6.2,0.413,17.2,-5.0,-0.2,khyri thomas
Deng Adel,2019,19.0,194.0,2.7,0.424,9.9,-7.5,-0.3,deng adel
Jason Smith,2019,20.0,190.0,9.8,0.492,17.5,-4.7,-0.1,jason smith
John Henson,2019,14.0,188.0,17.1,0.553,18.6,2.5,0.2,john henson
Andrew Harrison,2019,17.0,187.0,5.8,0.443,16.8,-7.1,-0.2,andrew harrison
Isaiah Thomas,2019,12.0,181.0,7.0,0.437,30.4,-6.5,-0.2,isaiah thomas
Caleb Swanigan,2019,21.0,178.0,4.7,0.377,17.7,-7.2,-0.2,caleb swanigan
Skal Labissière,2019,22.0,176.0,12.6,0.593,16.0,-3.0,0.0,skal labissiere
Yuta Watanabe,2019,15.0,174.0,3.3,0.352,15.8,-9.1,-0.3,yuta watanabe
Miles Plumlee,2019,18.0,173.0,18.9,0.654,16.7,1.6,0.2,miles plumlee
Dairis Bertāns,2019,12.0,167.0,2.0,0.362,12.0,-8.8,-0.3,dairis bertans
Walt Lemon Jr.,2019,6.0,167.0,16.3,0.468,26.6,-2.2,0.0,walt lemon
Chris Boucher,2019,28.0,163.0,22.2,0.563,23.6,2.6,0.2,chris boucher
Duncan Robinson,2019,15.0,161.0,7.6,0.514,14.0,-3.5,-0.1,duncan robinson
Ben McLemore,2019,19.0,158.0,10.5,0.541,19.4,-3.5,-0.1,ben mclemore
Johnathan Motley,2019,22.0,156.0,18.9,0.563,28.8,-1.9,0.0,johnathan motley
Ron Baker,2019,15.0,152.0,2.5,0.309,7.8,-7.0,-0.2,ron baker
Miloš Teodosić,2019,15.0,150.0,6.5,0.557,18.0,-5.4,-0.1,milos teodosic
Ray Spalding,2019,14.0,148.0,14.6,0.516,17.8,-5.1,-0.1,ray spalding
Chimezie Metu,2019,29.0,145.0,6.4,0.389,24.4,-8.7,-0.2,chimezie metu
Jemerrio Jones,2019,6.0,143.0,12.1,0.398,11.3,0.2,0.1,jemerrio jones
Anfernee Simons,2019,20.0,141.0,11.1,0.535,24.3,-5.3,-0.1,anfernee simons
Andrew Bogut,2019,11.0,134.0,13.4,0.523,14.5,-2.9,0.0,andrew bogut
C.J. Williams,2019,15.0,128.0,8.8,0.55,13.3,-3.7,-0.1,c j williams
JaKarr Sampson,2019,4.0,127.0,22.5,0.633,23.1,3.7,0.2,jakarr sampson
Quincy Acy,2019,10.0,123.0,2.9,0.379,9.2,-8.1,-0.2,quincy acy
Isaac Bonga,2019,22.0,120.0,6.0,0.24,15.7,-4.8,-0.1,isaac bonga
Rawle Alkins,2019,10.0,120.0,8.1,0.418,19.0,-7.3,-0.2,rawle alkins
Lonnie Walker IV,2019,17.0,118.0,10.8,0.446,20.3,-2.4,0.0,lonnie walker
Deyonta Davis,2019,9.0,118.0,15.6,0.682,10.1,-2.0,0.0,deyonta davis
Drew Eubanks,2019,23.0,113.0,15.1,0.646,15.5,-1.3,0.0,drew eubanks
Gary Trent Jr.,2019,15.0,111.0,3.6,0.377,21.7,-10.8,-0.2,gary trent
Jared Terrell,2019,14.0,111.0,0.7,0.372,19.6,-10.9,-0.2,jared terrell
Zhaire Smith,2019,6.0,111.0,9.5,0.533,16.4,-5.0,-0.1,zhaire smith
Jodie Meeks,2019,8.0,104.0,16.0,0.647,17.1,0.5,0.1,jodie meeks
Malachi Richardson,2019,22.0,103.0,0.9,0.481,16.4,-8.8,-0.2,malachi richardson
James Nunnally,2019,15.0,102.0,7.3,0.503,15.3,-4.8,-0.1,james nunnally
Bonzie Colson,2019,8.0,98.0,12.9,0.454,19.6,-3.5,0.0,bonzie colson
Devin Robinson,2019,7.0,95.0,20.6,0.616,17.9,1.9,0.1,devin robinson
Tyler Lydon,2019,25.0,94.0,9.3,0.595,10.6,-4.2,-0.1,tyler lydon
Wade Baldwin,2019,16.0,94.0,1.3,0.396,23.3,-10.3,-0.2,wade baldwin
Tyler Zeller,2019,6.0,93.0,17.3,0.607,20.1,-5.0,-0.1,tyler zeller
Daryl Macon,2019,8.0,90.0,5.5,0.482,17.2,-7.9,-0.1,daryl macon
Naz Mitrou-Long,2019,14.0,84.0,2.2,0.383,14.7,-8.7,-0.1,naz mitrou long
Udonis Haslem,2019,10.0,74.0,3.6,0.36,21.9,-10.9,-0.2,udonis haslem
Jarred Vanderbilt,2019,17.0,69.0,12.4,0.513,19.4,-4.2,0.0,jarred vanderbilt
Amile Jefferson,2019,12.0,68.0,21.1,0.692,13.1,2.5,0.1,amile jefferson
Marcus Derrickson,2019,11.0,67.0,19.4,0.653,24.4,-2.7,0.0,marcus derrickson
Malcolm Miller,2019,10.0,67.0,13.7,0.63,18.5,-0.5,0.0,malcolm miller
Jimmer Fredette,2019,6.0,65.0,3.6,0.348,24.2,-11.3,-0.2,jimmer fredette
Jawun Evans,2019,8.0,65.0,0.1,0.214,13.2,-10.3,-0.1,jawun evans
Alize Johnson,2019,14.0,64.0,6.3,0.333,13.3,-7.7,-0.1,alize johnson
Billy Garrett,2019,4.0,63.0,9.8,0.452,20.9,-5.5,-0.1,billy garrett
Luc Mbah a Moute,2019,4.0,61.0,6.7,0.495,15.4,-3.0,0.0,luc mbah a moute
Brandon Goodwin,2019,16.0,57.0,8.3,0.413,23.1,-9.5,-0.1,brandon goodwin
Isaac Humphries,2019,5.0,56.0,3.4,0.357,15.2,-11.0,-0.1,isaac humphries
Jordan Loyd,2019,12.0,55.0,16.3,0.635,19.4,-1.0,0.0,jordan loyd
PJ Dozier,2019,6.0,51.0,16.0,0.434,18.5,-2.0,0.0,pj dozier
B.J. Johnson,2019,7.0,49.0,12.8,0.609,17.4,-4.3,0.0,b j johnson
Mitch Creek,2019,5.0,48.0,20.2,0.55,17.6,3.5,0.1,mitch creek
Davon Reed,2019,10.0,47.0,8.1,0.5,12.1,-5.5,0.0,davon reed
Melvin Frazier,2019,10.0,44.0,1.2,0.33,23.5,-14.5,-0.1,melvin frazier
Eric Moreland,2019,5.0,43.0,6.7,0.5,12.0,-4.7,0.0,eric moreland
Haywood Highsmith,2019,5.0,40.0,4.5,0.414,12.4,-8.2,-0.1,haywood highsmith
Tyler Cavanaugh,2019,11.0,39.0,5.0,0.414,13.0,-8.4,-0.1,tyler cavanaugh
Džanan Musa,2019,9.0,39.0,5.8,0.415,29.0,-7.2,-0.1,dzanan musa
Demetrius Jackson,2019,6.0,39.0,21.0,0.656,19.1,4.5,0.1,demetrius jackson
Nick Young,2019,4.0,37.0,2.3,0.5,12.7,-6.9,0.0,nick young
Thomas Welsh,2019,11.0,36.0,16.1,0.648,17.7,1.2,0.0,thomas welsh
Tony Bradley,2019,3.0,36.0,19.6,0.504,23.6,-6.0,0.0,tony bradley
Chris Chiozza,2019,7.0,33.0,7.0,0.375,11.8,-1.3,0.0,chris chiozza
Isaiah Hicks,2019,3.0,32.0,17.4,0.588,15.0,0.1,0.0,isaiah hicks
Jaylen Morris,2019,4.0,29.0,12.2,0.46,17.2,-0.4,0.0,jaylen morris
Alan Williams,2019,5.0,26.0,32.9,0.61,25.5,11.8,0.1,alan williams
Dusty Hannahs,2019,2.0,26.0,4.5,0.311,23.9,-9.7,-0.1,dusty hannahs
R.J. Hunter,2019,1.0,26.0,21.5,0.612,23.0,3.6,0.0,r j hunter
Emanuel Terry,2019,3.0,23.0,19.7,0.571,20.1,2.3,0.0,emanuel terry
DeVaughn Akoon-Purcell,2019,7.0,22.0,8.2,0.322,25.0,-5.8,0.0,devaughn akoon purcell
Justin Patton,2019,3.0,21.0,10.5,0.317,15.7,-2.0,0.0,justin patton
Scott Machado,2019,4.0,19.0,22.2,0.776,14.0,5.5,0.0,scott machado
J.P. Macura,2019,2.0,17.0,5.7,0.333,22.8,-7.7,0.0,j p macura
Troy Caupain,2019,4.0,16.0,30.7,0.625,21.8,13.3,0.1,troy caupain
Gary Payton II,2019,3.0,16.0,36.9,0.688,23.8,18.9,0.1,gary payton
Vince Edwards,2019,2.0,16.0,3.8,0.375,10.9,-6.4,0.0,vince edwards
Andre Ingram,2019,4.0,15.0,-11.9,0.0,19.3,-19.6,-0.1,andre ingram
Ángel Delgado,2019,2.0,15.0,4.3,0.255,16.5,-12.0,0.0,angel delgado
Donatas Motiejūnas,2019,3.0,13.0,-0.5,0.436,33.5,-21.7,-0.1,donatas motiejunas
Yante Maten,2019,2.0,13.0,5.7,0.25,13.2,-9.1,0.0,yante maten
Kostas Antetokounmpo,2019,2.0,11.0,-0.9,0.21,22.5,-12.7,0.0,kostas antetokounmpo
Joe Chealey,2019,1.0,8.0,2.0,0.333,16.2,-14.6,0.0,joe chealey
Tahjere McCall,2019,1.0,8.0,9.6,0.581,18.1,-6.6,0.0,tahjere mccall
D.J. Stephens,2019,1.0,7.0,5.5,0.5,19.1,-5.5,0.0,d j stephens
Ike Anigbogu,2019,3.0,6.0,-6.0,0.0,29.1,-16.2,0.0,ike anigbogu
Trevon Duval,2019,3.0,6.0,38.3,0.833,20.9,24.4,0.0,trevon duval
Okaro White,2019,3.0,6.0,-4.5,0.0,14.1,-16.8,0.0,okaro white
George King,2019,1.0,6.0,1.9,,0.0,-7.9,0.0,george king
Kalin Lucas,2019,1.0,6.0,16.6,0.532,13.5,0.8,0.0,kalin lucas
Terrence Jones,2019,2.0,5.0,-15.8,0.225,47.2,-31.1,0.0,terrence jones
Zach Lofton,2019,1.0,4.0,-10.0,0.0,21.6,-11.5,0.0,zach lofton
Jordan Sibert,2019,1.0,4.0,29.7,1.5,10.2,16.0,0.0,jordan sibert
Donte Grantham,2019,3.0,2.0,-38.1,0.0,40.7,-37.6,0.0,donte grantham
Kobi Simmons,2019,1.0,2.0,0.0,,0.0,-10.6,0.0,kobi simmons
Tyler Davis,2019,1.0,1.0,0.0,0.0,40.7,-40.7,0.0,tyler davis
John Holland,2019,1.0,1.0,0.0,,0.0,-5.0,0.0,john holland
Zhou Qi,2019,1.0,1.0,80.4,1.0,43.4,52.0,0.0,zhou qi
Tyler Ulis,2019,1.0,1.0,0.0,,0.0,-10.4,0.0,tyler ulis
CJ McCollum,2020,70.0,2556.0,17.0,0.541,25.9,0.5,1.6,cj mccollum
Devin Booker,2020,70.0,2512.0,20.6,0.618,30.0,2.2,2.6,devin booker
James Harden,2020,68.0,2483.0,29.1,0.626,36.3,9.6,7.3,james harden
Harrison Barnes,2020,72.0,2482.0,13.3,0.574,17.4,-1.3,0.5,harrison barnes
Damian Lillard,2020,66.0,2474.0,26.9,0.627,30.3,7.5,5.9,damian lillard
Tobias Harris,2020,72.0,2469.0,17.2,0.556,23.9,0.8,1.8,tobias harris
P.J. Tucker,2020,72.0,2467.0,8.3,0.559,8.7,-1.9,0.1,p j tucker
Shai Gilgeous-Alexander,2020,70.0,2428.0,17.7,0.568,23.7,1.7,2.2,shai gilgeous alexander
Bam Adebayo,2020,72.0,2417.0,20.3,0.598,21.2,3.4,3.3,bam adebayo
Donovan Mitchell,2020,69.0,2364.0,18.8,0.558,30.8,1.9,2.3,donovan mitchell
Nikola Jokić,2020,73.0,2336.0,24.9,0.605,26.6,7.4,5.5,nikola jokic
Rudy Gobert,2020,68.0,2333.0,21.7,0.699,16.2,3.6,3.3,rudy gobert
DeMar DeRozan,2020,68.0,2316.0,21.6,0.603,26.3,1.9,2.3,demar derozan
LeBron James,2020,67.0,2316.0,25.5,0.577,31.5,8.4,6.1,lebron james
Jayson Tatum,2020,66.0,2265.0,20.4,0.567,28.6,4.0,3.4,jayson tatum
Buddy Hield,2020,72.0,2216.0,16.0,0.566,27.2,1.1,1.7,buddy hield
Devonte' Graham,2020,63.0,2211.0,15.8,0.537,24.8,0.5,1.4,devonte graham
Chris Paul,2020,70.0,2208.0,21.7,0.61,23.3,4.4,3.5,chris paul
T.J. Warren,2020,67.0,2202.0,18.4,0.61,23.3,1.1,1.7,t j warren
Duncan Robinson,2020,73.0,2166.0,13.1,0.684,16.0,0.5,1.3,duncan robinson
Terry Rozier,2020,63.0,2164.0,14.8,0.553,23.7,-0.4,0.8,terry rozier
Domantas Sabonis,2020,62.0,2159.0,20.7,0.586,23.3,3.2,2.9,domantas sabonis
Collin Sexton,2020,65.0,2143.0,16.3,0.56,27.2,-1.8,0.1,collin sexton
Joe Ingles,2020,72.0,2137.0,12.6,0.595,15.1,0.7,1.5,joe ingles
Robert Covington,2020,70.0,2137.0,13.3,0.559,17.0,0.0,1.1,robert covington
Anthony Davis,2020,62.0,2131.0,27.4,0.61,29.3,8.0,5.4,anthony davis
Joe Harris,2020,69.0,2123.0,13.3,0.606,18.3,-0.2,1.0,joe harris
Dorian Finney-Smith,2020,71.0,2120.0,12.3,0.595,12.9,-0.2,0.9,dorian finney smith
Trae Young,2020,60.0,2120.0,23.9,0.595,34.9,3.9,3.1,trae young
Jrue Holiday,2020,61.0,2117.0,17.0,0.537,24.5,1.8,2.0,jrue holiday
Dillon Brooks,2020,73.0,2112.0,11.3,0.51,25.2,-4.1,-1.1,dillon brooks
Pascal Siakam,2020,60.0,2110.0,17.9,0.554,28.1,1.8,2.0,pascal siakam
Brandon Ingram,2020,62.0,2104.0,18.8,0.587,28.1,2.1,2.2,brandon ingram
Kyle Lowry,2020,58.0,2098.0,17.7,0.59,23.1,3.2,2.8,kyle lowry
Tim Hardaway Jr.,2020,71.0,2091.0,14.5,0.581,21.1,-0.1,1.0,tim hardaway
Zach LaVine,2020,60.0,2085.0,19.4,0.568,31.7,2.5,2.4,zach lavine
Bojan Bogdanović,2020,63.0,2083.0,15.6,0.603,25.5,0.1,1.1,bojan bogdanovic
Julius Randle,2020,64.0,2080.0,17.5,0.538,27.6,-0.3,0.9,julius randle
Evan Fournier,2020,66.0,2076.0,16.4,0.595,23.9,1.0,1.6,evan fournier
Ja Morant,2020,67.0,2074.0,17.4,0.556,25.9,0.3,1.2,ja morant
OG Anunoby,2020,69.0,2066.0,13.2,0.6,14.3,1.2,1.7,og anunoby
Bradley Beal,2020,57.0,2053.0,23.2,0.579,34.4,2.9,2.5,bradley beal
Royce O'Neale,2020,71.0,2049.0,9.5,0.578,9.6,0.9,1.5,royce o neale
Russell Westbrook,2020,57.0,2049.0,21.0,0.536,34.4,1.5,1.8,russell westbrook
Luka Dončić,2020,61.0,2047.0,27.6,0.585,36.8,8.4,5.4,luka doncic
Mikal Bridges,2020,73.0,2042.0,12.9,0.62,12.7,0.8,1.5,mikal bridges
Al Horford,2020,67.0,2025.0,15.7,0.536,17.5,2.2,2.2,al horford
Lonzo Ball,2020,63.0,2025.0,13.1,0.517,18.5,0.6,1.3,lonzo ball
De'Andre Hunter,2020,63.0,2018.0,8.6,0.521,17.5,-4.7,-1.4,de andre hunter
Aaron Gordon,2020,62.0,2017.0,15.1,0.516,20.7,0.0,1.0,aaron gordon
Ben Simmons,2020,57.0,2017.0,20.4,0.602,20.9,3.6,2.8,ben simmons
Ricky Rubio,2020,65.0,2016.0,16.5,0.535,20.4,1.0,1.5,ricky rubio
Nemanja Bjelica,2020,72.0,2011.0,15.7,0.602,17.0,1.8,1.9,nemanja bjelica
Hassan Whiteside,2020,67.0,2008.0,25.0,0.644,19.6,3.2,2.6,hassan whiteside
Dennis Schröder,2020,65.0,1999.0,16.7,0.575,27.2,-0.1,1.0,dennis schroder
Nikola Vučević,2020,62.0,1998.0,21.9,0.549,25.8,4.2,3.1,nikola vucevic
Markelle Fultz,2020,72.0,1996.0,14.3,0.517,21.4,-1.8,0.1,markelle fultz
Miles Bridges,2020,65.0,1995.0,12.1,0.52,20.0,-2.5,-0.3,miles bridges
Spencer Dinwiddie,2020,64.0,1994.0,17.8,0.541,29.2,1.8,1.9,spencer dinwiddie
Kendrick Nunn,2020,67.0,1962.0,12.9,0.534,24.1,-2.3,-0.1,kendrick nunn
Jimmy Butler,2020,58.0,1959.0,23.6,0.585,25.1,5.4,3.7,jimmy butler
Marcus Morris,2020,62.0,1936.0,14.3,0.57,21.9,-0.1,0.9,marcus morris
Jaylen Brown,2020,57.0,1934.0,16.9,0.583,24.7,0.8,1.4,jaylen brown
Kelly Oubre Jr.,2020,56.0,1933.0,14.9,0.56,22.4,-0.5,0.7,kelly oubre
Fred VanVleet,2020,54.0,1928.0,16.3,0.553,21.7,2.7,2.3,fred vanvleet
Marcus Smart,2020,60.0,1919.0,13.8,0.518,18.9,1.4,1.6,marcus smart
Giannis Antetokounmpo,2020,63.0,1917.0,31.9,0.613,37.5,11.5,6.6,giannis antetokounmpo
Will Barton,2020,58.0,1916.0,15.6,0.549,20.1,1.1,1.5,will barton
Danuel House Jr.,2020,63.0,1913.0,11.3,0.572,13.7,-0.7,0.6,danuel house
Cedi Osman,2020,65.0,1910.0,10.7,0.552,16.6,-2.6,-0.3,cedi osman
Jamal Murray,2020,59.0,1904.0,17.7,0.559,25.2,1.2,1.5,jamal murray
Carmelo Anthony,2020,58.0,1902.0,12.4,0.525,21.2,-3.6,-0.8,carmelo anthony
Jerami Grant,2020,71.0,1892.0,14.4,0.591,18.0,-0.5,0.7,jerami grant
Maxi Kleber,2020,74.0,1890.0,13.6,0.605,13.9,0.4,1.1,maxi kleber
Terrence Ross,2020,69.0,1889.0,14.0,0.548,22.8,-0.4,0.8,terrence ross
Andre Drummond,2020,57.0,1879.0,22.0,0.553,25.9,0.9,1.4,andre drummond
Tomáš Satoranský,2020,65.0,1878.0,13.5,0.533,16.7,-1.2,0.4,tomas satoransky
Jae Crowder,2020,65.0,1875.0,12.5,0.553,15.5,-0.1,0.9,jae crowder
Lou Williams,2020,65.0,1864.0,17.3,0.546,28.4,0.7,1.3,lou williams
Andrew Wiggins,2020,54.0,1858.0,16.4,0.536,27.4,-0.3,0.8,andrew wiggins
Taurean Prince,2020,64.0,1857.0,9.1,0.497,20.4,-2.9,-0.4,taurean prince
Khris Middleton,2020,62.0,1853.0,21.1,0.619,26.4,4.1,2.9,khris middleton
Jarrett Allen,2020,70.0,1852.0,20.7,0.664,14.9,2.3,2.0,jarrett allen
Kawhi Leonard,2020,57.0,1848.0,26.9,0.589,33.0,8.9,5.1,kawhi leonard
Jonas Valančiūnas,2020,70.0,1845.0,22.2,0.631,21.5,2.4,2.0,jonas valanciunas
Danilo Gallinari,2020,62.0,1834.0,19.5,0.612,24.6,3.3,2.4,danilo gallinari
Justin Holiday,2020,73.0,1826.0,12.1,0.585,13.4,1.3,1.5,justin holiday
Myles Turner,2020,62.0,1826.0,14.8,0.566,17.9,0.1,1.0,myles turner
Darius Garland,2020,59.0,1824.0,8.5,0.498,20.7,-5.5,-1.7,darius garland
Brook Lopez,2020,68.0,1817.0,15.0,0.551,18.3,2.0,1.9,brook lopez
Kristaps Porziņģis,2020,57.0,1814.0,20.2,0.551,27.0,1.9,1.8,kristaps porzingis
Ish Smith,2020,68.0,1787.0,13.9,0.509,19.1,-1.3,0.3,ish smith
Glenn Robinson III,2020,62.0,1786.0,13.3,0.577,16.4,-1.7,0.1,glenn robinson
Troy Brown Jr.,2020,69.0,1782.0,13.7,0.524,17.8,-1.2,0.3,troy brown
Gary Harris,2020,56.0,1780.0,9.7,0.519,15.1,-2.5,-0.2,gary harris
Kevin Love,2020,56.0,1780.0,17.9,0.599,23.1,2.0,1.8,kevin love
Bogdan Bogdanović,2020,61.0,1766.0,15.2,0.565,22.6,0.6,1.2,bogdan bogdanovic
Kentavious Caldwell-Pope,2020,69.0,1762.0,11.0,0.584,14.7,-0.8,0.5,kentavious caldwell pope
Kevin Huerter,2020,56.0,1760.0,11.5,0.536,17.1,-1.6,0.2,kevin huerter
Cory Joseph,2020,72.0,1759.0,10.1,0.517,12.9,-2.0,0.0,cory joseph
P.J. Washington,2020,58.0,1759.0,12.4,0.547,18.6,-1.6,0.2,p j washington
Josh Hart,2020,65.0,1755.0,11.9,0.563,15.3,-0.7,0.6,josh hart
LaMarcus Aldridge,2020,53.0,1754.0,19.7,0.571,23.4,1.4,1.5,lamarcus aldridge
Alec Burks,2020,66.0,1754.0,16.7,0.561,23.8,0.5,1.1,alec burks
Montrezl Harrell,2020,63.0,1749.0,23.2,0.607,25.7,2.9,2.2,montrezl harrell
Kemba Walker,2020,56.0,1742.0,20.0,0.575,27.2,4.6,2.9,kemba walker
Gordon Hayward,2020,52.0,1740.0,18.1,0.595,21.1,2.7,2.0,gordon hayward
Garrett Temple,2020,62.0,1730.0,10.5,0.513,16.6,-1.1,0.4,garrett temple
Tristan Thompson,2020,57.0,1721.0,16.8,0.54,18.3,-1.5,0.2,tristan thompson
Jordan Clarkson,2020,71.0,1705.0,17.3,0.574,26.3,1.1,1.3,jordan clarkson
RJ Barrett,2020,56.0,1704.0,10.7,0.479,24.0,-4.3,-1.0,rj barrett
Langston Galloway,2020,66.0,1702.0,12.3,0.584,15.9,-0.8,0.5,langston galloway
Josh Richardson,2020,55.0,1693.0,12.0,0.533,20.6,-1.8,0.1,josh richardson
Kent Bazemore,2020,68.0,1688.0,9.3,0.499,17.5,-3.0,-0.5,kent bazemore
Danny Green,2020,68.0,1687.0,10.8,0.552,13.9,0.5,1.1,danny green
Dejounte Murray,2020,66.0,1687.0,16.2,0.524,20.8,0.4,1.0,dejounte murray
Steven Adams,2020,63.0,1680.0,20.5,0.604,17.3,2.9,2.1,steven adams
Derrick White,2020,68.0,1677.0,16.4,0.593,18.9,1.3,1.4,derrick white
Coby White,2020,65.0,1674.0,11.9,0.506,24.4,-2.9,-0.4,coby white
Malcolm Brogdon,2020,54.0,1666.0,17.7,0.541,25.2,1.8,1.6,malcolm brogdon
Goran Dragić,2020,59.0,1663.0,16.3,0.573,25.9,-0.1,0.8,goran dragic
Eric Paschall,2020,60.0,1654.0,14.5,0.571,21.4,-2.7,-0.3,eric paschall
Eric Bledsoe,2020,61.0,1646.0,17.6,0.571,23.7,1.8,1.6,eric bledsoe
Tony Snell,2020,59.0,1641.0,9.7,0.598,11.4,-1.8,0.1,tony snell
Monte Morris,2020,73.0,1636.0,14.9,0.545,17.5,-0.2,0.7,monte morris
Wesley Matthews,2020,67.0,1635.0,8.1,0.547,12.5,-1.8,0.1,wesley matthews
Bruce Brown,2020,58.0,1634.0,11.9,0.518,16.0,-1.2,0.3,bruce brown
De'Aaron Fox,2020,51.0,1634.0,20.6,0.558,29.8,1.8,1.6,de aaron fox
Dario Šarić,2020,66.0,1632.0,14.2,0.592,17.8,-0.4,0.7,dario saric
Jaren Jackson Jr.,2020,57.0,1622.0,16.3,0.593,24.0,0.4,1.0,jaren jackson
Ben McLemore,2020,71.0,1619.0,11.8,0.622,16.0,-0.5,0.6,ben mclemore
Aaron Holiday,2020,66.0,1617.0,11.6,0.521,18.7,-1.6,0.2,aaron holiday
Austin Rivers,2020,68.0,1594.0,10.4,0.542,15.6,-2.5,-0.2,austin rivers
Thaddeus Young,2020,64.0,1591.0,13.3,0.521,19.7,-1.2,0.3,thaddeus young
Dāvis Bertāns,2020,54.0,1583.0,15.5,0.628,19.0,0.9,1.1,davis bertans
JJ Redick,2020,60.0,1581.0,15.4,0.644,20.4,0.7,1.1,jj redick
Bryn Forbes,2020,63.0,1579.0,11.1,0.57,18.5,-2.7,-0.3,bryn forbes
Seth Curry,2020,64.0,1576.0,15.5,0.643,18.4,0.8,1.2,seth curry
Delon Wright,2020,73.0,1570.0,15.4,0.554,14.4,1.9,1.5,delon wright
Daniel Theis,2020,65.0,1566.0,17.9,0.631,14.4,2.4,1.7,daniel theis
Furkan Korkmaz,2020,72.0,1559.0,12.0,0.579,18.4,-1.3,0.3,furkan korkmaz
Cam Reddish,2020,58.0,1551.0,9.0,0.5,18.9,-4.2,-0.9,cam reddish
Josh Okogie,2020,62.0,1547.0,11.5,0.553,15.1,-2.4,-0.2,josh okogie
Kyle Kuzma,2020,61.0,1526.0,12.2,0.531,22.9,-2.6,-0.2,kyle kuzma
Donte DiVincenzo,2020,66.0,1520.0,14.1,0.557,17.3,1.3,1.3,donte divincenzo
Tyler Herro,2020,55.0,1508.0,12.5,0.55,22.3,-1.6,0.1,tyler herro
Jarrett Culver,2020,63.0,1506.0,9.6,0.467,19.2,-4.0,-0.8,jarrett culver
Joel Embiid,2020,51.0,1506.0,25.8,0.59,32.9,4.7,2.5,joel embiid
Trevor Ariza,2020,53.0,1493.0,11.0,0.593,11.8,-0.5,0.6,trevor ariza
Lauri Markkanen,2020,50.0,1492.0,14.3,0.56,21.1,-0.6,0.5,lauri markkanen
Patty Mills,2020,66.0,1485.0,14.8,0.592,20.4,0.0,0.8,patty mills
Serge Ibaka,2020,55.0,1485.0,17.3,0.583,24.0,0.1,0.8,serge ibaka
Norman Powell,2020,52.0,1479.0,16.8,0.624,21.5,2.0,1.5,norman powell
Larry Nance Jr.,2020,56.0,1472.0,17.3,0.608,15.2,1.7,1.4,larry nance
Jeff Teague,2020,59.0,1464.0,14.6,0.557,19.5,-1.5,0.2,jeff teague
Rudy Gay,2020,67.0,1461.0,15.4,0.553,22.0,-0.8,0.4,rudy gay
Landry Shamet,2020,53.0,1452.0,8.5,0.58,13.4,-2.1,0.0,landry shamet
D'Angelo Russell,2020,45.0,1452.0,18.7,0.556,31.5,1.9,1.4,d angelo russell
Anfernee Simons,2020,70.0,1449.0,9.0,0.502,18.7,-4.5,-0.9,anfernee simons
Rui Hachimura,2020,48.0,1444.0,13.5,0.535,19.0,-3.2,-0.4,rui hachimura
Maurice Harkless,2020,62.0,1427.0,9.8,0.572,10.7,-0.7,0.5,maurice harkless
Damion Lee,2020,49.0,1423.0,12.7,0.548,19.0,-2.3,-0.1,damion lee
D.J. Augustin,2020,57.0,1420.0,14.0,0.554,19.1,-1.6,0.2,d j augustin
Paul George,2020,48.0,1419.0,21.1,0.589,29.6,4.9,2.5,paul george
Mitchell Robinson,2020,61.0,1412.0,23.5,0.726,13.3,2.9,1.8,mitchell robinson
Bobby Portis,2020,66.0,1393.0,14.6,0.53,21.4,-1.1,0.3,bobby portis
Derrick Jones Jr.,2020,59.0,1375.0,14.9,0.62,13.9,0.7,1.0,derrick jones
Doug McDermott,2020,69.0,1372.0,14.4,0.62,19.6,0.0,0.7,doug mcdermott
Brad Wanamaker,2020,71.0,1369.0,12.8,0.577,15.5,-0.6,0.5,brad wanamaker
Mike Conley,2020,47.0,1363.0,14.1,0.537,23.1,0.3,0.8,mike conley
John Collins,2020,41.0,1363.0,23.5,0.659,22.7,3.1,1.7,john collins
Shabazz Napier,2020,56.0,1344.0,13.8,0.552,20.0,-1.1,0.3,shabazz napier
Patrick Beverley,2020,51.0,1342.0,12.5,0.56,13.3,2.2,1.4,patrick beverley
Cody Zeller,2020,58.0,1341.0,18.8,0.576,20.8,-0.6,0.5,cody zeller
Gary Trent Jr.,2020,61.0,1332.0,12.9,0.587,15.3,-0.3,0.6,gary trent
Kyle Anderson,2020,67.0,1330.0,12.5,0.534,13.5,0.5,0.9,kyle anderson
Caris LeVert,2020,45.0,1330.0,16.1,0.514,29.5,-0.3,0.5,caris levert
Ivica Zubac,2020,72.0,1326.0,21.7,0.651,16.4,2.8,1.6,ivica zubac
T.J. McConnell,2020,71.0,1326.0,16.5,0.54,17.5,0.5,0.8,t j mcconnell
Christian Wood,2020,62.0,1325.0,23.2,0.659,23.0,3.1,1.7,christian wood
JaMychal Green,2020,63.0,1307.0,11.1,0.576,13.7,-0.5,0.5,jamychal green
Dwight Howard,2020,69.0,1306.0,18.7,0.696,14.7,0.2,0.7,dwight howard
Kelly Olynyk,2020,67.0,1300.0,14.6,0.621,17.4,1.0,1.0,kelly olynyk
Brandon Clarke,2020,58.0,1300.0,20.9,0.663,18.7,3.1,1.7,brandon clarke
Derrick Rose,2020,50.0,1298.0,21.0,0.555,31.6,2.2,1.4,derrick rose
Jeremy Lamb,2020,46.0,1291.0,14.0,0.547,19.6,-0.4,0.5,jeremy lamb
Matisse Thybulle,2020,65.0,1287.0,10.0,0.539,11.2,0.3,0.8,matisse thybulle
Clint Capela,2020,39.0,1279.0,20.6,0.626,16.1,1.4,1.1,clint capela
Jordan Poole,2020,57.0,1274.0,7.2,0.454,21.1,-6.6,-1.5,jordan poole
Trey Lyles,2020,63.0,1271.0,12.6,0.557,13.6,-1.2,0.3,trey lyles
George Hill,2020,59.0,1271.0,16.9,0.659,15.5,2.9,1.6,george hill
Kris Dunn,2020,51.0,1269.0,12.1,0.51,14.6,-0.6,0.4,kris dunn
Svi Mykhailiuk,2020,56.0,1265.0,11.2,0.578,17.1,-1.9,0.0,svi mykhailiuk
James Ennis III,2020,69.0,1265.0,11.5,0.565,15.7,-2.6,-0.2,james ennis
Terrance Ferguson,2020,56.0,1257.0,3.7,0.481,9.1,-4.5,-0.8,terrance ferguson
Wendell Carter Jr.,2020,43.0,1256.0,15.5,0.59,16.4,-2.4,-0.1,wendell carter
Cameron Johnson,2020,57.0,1255.0,12.9,0.586,15.7,0.3,0.7,cameron johnson
Isaac Bonga,2020,66.0,1250.0,10.2,0.608,11.0,-2.8,-0.3,isaac bonga
Elfrid Payton,2020,45.0,1246.0,16.0,0.47,19.5,0.0,0.6,elfrid payton
Pat Connaughton,2020,67.0,1243.0,11.5,0.565,12.3,0.6,0.8,pat connaughton
Derrick Favors,2020,51.0,1243.0,18.5,0.62,14.0,1.0,0.9,derrick favors
Richaun Holmes,2020,44.0,1242.0,19.7,0.681,15.6,1.0,0.9,richaun holmes
Paul Millsap,2020,51.0,1240.0,16.9,0.591,20.0,0.1,0.7,paul millsap
Deandre Ayton,2020,38.0,1236.0,20.0,0.568,23.7,0.4,0.7,deandre ayton
DeAndre Jordan,2020,56.0,1234.0,19.9,0.682,14.1,3.0,1.5,deandre jordan
Tyus Jones,2020,65.0,1232.0,15.7,0.532,17.2,0.6,0.8,tyus jones
Draymond Green,2020,43.0,1222.0,12.5,0.489,15.7,-0.2,0.5,draymond green
Terence Davis,2020,72.0,1209.0,13.8,0.588,19.0,0.8,0.8,terence davis
Malik Beasley,2020,55.0,1209.0,12.7,0.546,21.8,-2.1,0.0,malik beasley
Mike Scott,2020,68.0,1207.0,11.2,0.557,14.0,-1.8,0.1,mike scott
Marquese Chriss,2020,59.0,1196.0,19.5,0.604,19.0,0.6,0.8,marquese chriss
Frank Ntilikina,2020,57.0,1187.0,9.8,0.497,15.4,-3.2,-0.4,frank ntilikina
Karl-Anthony Towns,2020,35.0,1187.0,26.5,0.642,28.8,7.8,2.9,karl anthony towns
Markieff Morris,2020,58.0,1187.0,12.5,0.565,20.9,-2.0,0.0,markieff morris
Avery Bradley,2020,49.0,1186.0,8.9,0.537,15.7,-2.5,-0.2,avery bradley
Alex Caruso,2020,64.0,1175.0,10.8,0.525,13.8,-0.2,0.5,alex caruso
Jakob Poeltl,2020,66.0,1171.0,19.1,0.612,13.2,2.5,1.3,jakob poeltl
Malik Monk,2020,55.0,1169.0,12.6,0.53,22.9,-2.3,-0.1,malik monk
De'Anthony Melton,2020,60.0,1167.0,13.5,0.501,19.2,-0.2,0.5,de anthony melton
Kevin Knox,2020,65.0,1166.0,8.3,0.47,17.8,-4.2,-0.7,kevin knox
Kevin Porter Jr.,2020,50.0,1162.0,10.8,0.535,20.5,-3.8,-0.5,kevin porter
Marc Gasol,2020,44.0,1161.0,11.8,0.551,13.2,1.6,1.1,marc gasol
Thomas Bryant,2020,46.0,1147.0,21.1,0.649,18.9,2.2,1.2,thomas bryant
JaVale McGee,2020,68.0,1130.0,19.4,0.652,14.8,1.5,1.0,javale mcgee
Darius Bazley,2020,61.0,1130.0,9.6,0.497,15.1,-1.6,0.1,darius bazley
Marvin Williams,2020,58.0,1129.0,11.2,0.587,12.5,-0.6,0.4,marvin williams
Nerlens Noel,2020,61.0,1127.0,20.4,0.711,14.9,3.1,1.5,nerlens noel
Rondae Hollis-Jefferson,2020,60.0,1122.0,15.1,0.533,17.2,0.3,0.6,rondae hollis jefferson
Willie Cauley-Stein,2020,54.0,1097.0,17.0,0.589,14.4,0.5,0.7,willie cauley stein
Gorgui Dieng,2020,63.0,1096.0,17.1,0.568,17.6,1.5,1.0,gorgui dieng
Solomon Hill,2020,59.0,1088.0,9.8,0.535,13.6,-1.7,0.1,solomon hill
Jaxson Hayes,2020,64.0,1080.0,17.6,0.689,15.0,-0.3,0.5,jaxson hayes
Torrey Craig,2020,58.0,1072.0,10.8,0.553,12.6,-2.3,-0.1,torrey craig
Dwight Powell,2020,40.0,1061.0,15.9,0.677,12.6,1.3,0.9,dwight powell
Mason Plumlee,2020,61.0,1057.0,18.8,0.613,18.0,2.0,1.1,mason plumlee
Justin Jackson,2020,65.0,1045.0,9.5,0.496,15.4,-3.4,-0.4,justin jackson
Grant Williams,2020,69.0,1043.0,7.9,0.505,11.6,-2.7,-0.2,grant williams
Nicolò Melli,2020,60.0,1042.0,11.4,0.556,15.7,-1.3,0.2,nicolo melli
Meyers Leonard,2020,51.0,1034.0,10.6,0.627,12.2,-0.9,0.3,meyers leonard
Bismack Biyombo,2020,53.0,1029.0,16.1,0.57,16.8,-2.5,-0.1,bismack biyombo
Taj Gibson,2020,62.0,1025.0,16.1,0.61,14.8,-1.1,0.2,taj gibson
Jalen Brunson,2020,57.0,1022.0,14.9,0.553,20.4,-0.9,0.3,jalen brunson
E'Twaun Moore,2020,56.0,1020.0,11.3,0.51,19.9,-2.7,-0.2,e twaun moore
Eric Gordon,2020,36.0,1016.0,10.3,0.51,22.5,-3.9,-0.5,eric gordon
Ky Bowman,2020,45.0,1015.0,9.1,0.494,17.2,-4.3,-0.6,ky bowman
Semi Ojeleye,2020,69.0,1011.0,7.7,0.562,9.7,-1.7,0.1,semi ojeleye
Lonnie Walker IV,2020,61.0,988.0,10.5,0.507,18.7,-3.5,-0.4,lonnie walker
Ersan İlyasova,2020,63.0,986.0,14.9,0.589,16.1,0.4,0.6,ersan ilyasova
Rajon Rondo,2020,48.0,984.0,12.4,0.494,18.7,-1.4,0.2,rajon rondo
Enes Freedom,2020,58.0,983.0,22.4,0.599,19.4,1.5,0.9,enes freedom
Jonathan Isaac,2020,34.0,980.0,17.3,0.552,18.3,2.3,1.1,jonathan isaac
Jerome Robinson,2020,63.0,979.0,7.4,0.476,16.4,-3.9,-0.5,jerome robinson
Alex Len,2020,55.0,970.0,17.7,0.6,18.1,-0.7,0.3,alex len
Kyle Korver,2020,58.0,960.0,11.3,0.62,15.4,0.1,0.5,kyle korver
Jeff Green,2020,48.0,960.0,13.7,0.59,19.0,-0.1,0.5,jeff green
Robin Lopez,2020,66.0,958.0,10.2,0.554,16.6,-2.6,-0.2,robin lopez
Wes Iwundu,2020,52.0,953.0,10.3,0.544,13.7,-2.6,-0.2,wes iwundu
Jevon Carter,2020,58.0,945.0,11.3,0.563,12.9,0.6,0.6,jevon carter
Aron Baynes,2020,42.0,934.0,15.2,0.581,21.1,-1.0,0.2,aron baynes
Ryan Arcidiacono,2020,58.0,930.0,9.0,0.551,12.5,-2.8,-0.2,ryan arcidiacono
Treveon Graham,2020,55.0,929.0,6.6,0.456,13.1,-5.6,-0.8,treveon graham
Isaiah Thomas,2020,40.0,925.0,11.6,0.531,24.1,-4.4,-0.5,isaiah thomas
Georges Niang,2020,66.0,923.0,11.7,0.589,17.2,-0.1,0.4,georges niang
Khem Birch,2020,48.0,922.0,11.7,0.566,10.2,-2.4,-0.1,khem birch
Luke Kennard,2020,28.0,922.0,14.4,0.589,19.8,-0.3,0.4,luke kennard
Jabari Parker,2020,38.0,917.0,18.0,0.571,24.0,0.3,0.5,jabari parker
DeAndre' Bembry,2020,43.0,915.0,9.6,0.5,14.0,-2.5,-0.1,deandre bembry
Patrick McCaw,2020,37.0,908.0,7.3,0.5,9.4,-1.8,0.0,patrick mccaw
Michael Porter Jr.,2020,55.0,903.0,19.8,0.617,22.3,1.5,0.8,michael porter
Cody Martin,2020,48.0,903.0,10.5,0.505,13.6,-2.1,0.0,cody martin
Hamidou Diallo,2020,46.0,896.0,9.3,0.491,18.4,-3.9,-0.4,hamidou diallo
Damian Jones,2020,55.0,887.0,15.6,0.712,11.4,-1.5,0.1,damian jones
Omari Spellman,2020,49.0,886.0,14.4,0.551,18.8,-1.8,0.1,omari spellman
Marco Belinelli,2020,57.0,883.0,10.8,0.532,17.5,-2.7,-0.2,marco belinelli
Mo Bamba,2020,62.0,878.0,17.5,0.542,17.1,0.4,0.5,mo bamba
Vince Carter,2020,60.0,876.0,7.5,0.47,16.6,-4.3,-0.5,vince carter
Anthony Tolliver,2020,55.0,872.0,7.0,0.513,11.1,-3.2,-0.3,anthony tolliver
Rodney McGruder,2020,56.0,871.0,6.7,0.477,10.6,-3.0,-0.2,rodney mcgruder
Mario Hezonja,2020,53.0,871.0,9.5,0.525,13.9,-2.9,-0.2,mario hezonja
Abdel Nader,2020,55.0,867.0,11.3,0.591,17.0,-1.0,0.2,abdel nader
Timothé Luwawu-Cabarrot,2020,47.0,853.0,11.0,0.599,16.8,-2.2,-0.1,timothe luwawu cabarrot
Emmanuel Mudiay,2020,54.0,850.0,13.0,0.543,22.6,-1.9,0.0,emmanuel mudiay
Damyean Dotson,2020,48.0,836.0,10.9,0.527,16.5,-1.4,0.1,damyean dotson
Moritz Wagner,2020,45.0,835.0,15.1,0.638,18.6,-2.3,-0.1,moritz wagner
Michael Carter-Williams,2020,45.0,833.0,15.3,0.535,18.3,0.1,0.5,michael carter williams
Juancho Hernangómez,2020,48.0,833.0,10.4,0.518,15.7,-3.4,-0.3,juancho hernangomez
Kenrich Williams,2020,39.0,832.0,7.5,0.429,8.9,-2.4,-0.1,kenrich williams
Matthew Dellavedova,2020,57.0,821.0,8.1,0.463,13.0,-5.2,-0.7,matthew dellavedova
Luguentz Dort,2020,36.0,820.0,7.6,0.506,14.1,-3.7,-0.4,luguentz dort
Chris Boucher,2020,62.0,819.0,20.7,0.587,19.7,2.0,0.8,chris boucher
Ian Mahinmi,2020,38.0,808.0,14.2,0.545,15.7,-2.7,-0.2,ian mahinmi
Shake Milton,2020,40.0,805.0,14.4,0.617,18.9,-1.0,0.2,shake milton
Frank Jackson,2020,59.0,797.0,9.1,0.51,21.2,-5.5,-0.7,frank jackson
Jordan McRae,2020,37.0,784.0,14.2,0.515,24.4,-1.5,0.1,jordan mcrae
Frank Kaminsky,2020,39.0,777.0,14.2,0.545,21.0,-0.5,0.3,frank kaminsky
Thon Maker,2020,60.0,776.0,13.7,0.582,16.1,-1.4,0.1,thon maker
Patrick Patterson,2020,59.0,776.0,11.5,0.58,14.7,0.3,0.5,patrick patterson
Dewayne Dedmon,2020,44.0,774.0,9.4,0.473,18.1,-5.8,-0.7,dewayne dedmon
Sterling Brown,2020,52.0,767.0,9.5,0.486,17.0,-2.0,0.0,sterling brown
Sekou Doumbouya,2020,38.0,754.0,6.2,0.474,16.9,-6.7,-0.9,sekou doumbouya
Keita Bates-Diop,2020,44.0,744.0,12.4,0.539,15.8,-1.4,0.1,keita bates diop
Reggie Jackson,2020,31.0,743.0,13.7,0.529,23.1,-0.4,0.3,reggie jackson
Wilson Chandler,2020,35.0,734.0,7.4,0.531,12.9,-2.7,-0.1,wilson chandler
Elie Okobo,2020,55.0,719.0,10.6,0.516,14.8,-1.9,0.0,elie okobo
Grayson Allen,2020,38.0,718.0,12.0,0.609,17.6,-1.3,0.1,grayson allen
Bruno Fernando,2020,56.0,713.0,11.9,0.542,15.3,-4.1,-0.4,bruno fernando
Tyler Johnson,2020,39.0,709.0,10.1,0.504,18.0,-2.9,-0.2,tyler johnson
Dwayne Bacon,2020,39.0,687.0,6.1,0.419,19.5,-6.8,-0.8,dwayne bacon
Rodions Kurucs,2020,47.0,684.0,8.9,0.555,14.7,-2.8,-0.1,rodions kurucs
Reggie Bullock,2020,29.0,684.0,9.3,0.502,15.6,-3.0,-0.2,reggie bullock
Raul Neto,2020,54.0,668.0,12.7,0.567,18.7,-1.8,0.0,raul neto
Zion Williamson,2020,24.0,668.0,24.1,0.616,30.5,2.1,0.7,zion williamson
Harry Giles,2020,46.0,667.0,16.4,0.58,20.6,-1.3,0.1,harry giles
Tony Bradley,2020,58.0,663.0,21.7,0.681,15.8,1.3,0.6,tony bradley
Kyrie Irving,2020,20.0,658.0,26.2,0.595,32.6,7.7,1.6,kyrie irving
Allen Crabbe,2020,37.0,653.0,6.0,0.47,12.7,-5.3,-0.5,allen crabbe
Rodney Hood,2020,21.0,619.0,12.2,0.625,13.9,-0.9,0.2,rodney hood
James Johnson,2020,32.0,619.0,14.8,0.572,19.4,0.0,0.3,james johnson
Daniel Gafford,2020,43.0,609.0,16.2,0.686,13.3,-1.3,0.1,daniel gafford
John Henson,2020,40.0,600.0,17.0,0.578,16.3,0.9,0.4,john henson
Alfonzo McKinnie,2020,40.0,593.0,8.7,0.493,15.2,-5.3,-0.5,alfonzo mckinnie
Nickeil Alexander-Walker,2020,47.0,591.0,8.9,0.473,23.3,-4.6,-0.4,nickeil alexander walker
Jordan McLaughlin,2020,30.0,590.0,16.3,0.587,15.8,0.3,0.3,jordan mclaughlin
Nassir Little,2020,48.0,573.0,9.6,0.505,13.7,-3.5,-0.2,nassir little
Mike Muscala,2020,47.0,572.0,12.5,0.569,16.6,-0.1,0.3,mike muscala
Skal Labissière,2020,33.0,567.0,15.4,0.588,14.3,-1.3,0.1,skal labissiere
Gary Clark,2020,42.0,567.0,10.7,0.568,11.0,-1.9,0.0,gary clark
Luke Kornet,2020,36.0,559.0,12.7,0.539,16.3,-1.2,0.1,luke kornet
Wayne Ellington,2020,36.0,558.0,8.5,0.509,15.0,-2.9,-0.1,wayne ellington
Dennis Smith Jr.,2020,34.0,537.0,7.4,0.399,23.1,-6.1,-0.6,dennis smith
Troy Daniels,2020,47.0,532.0,8.4,0.518,16.3,-2.9,-0.1,troy daniels
Yogi Ferrell,2020,50.0,530.0,12.2,0.528,19.2,-1.8,0.0,yogi ferrell
Victor Oladipo,2020,19.0,528.0,11.3,0.506,26.5,-3.3,-0.2,victor oladipo
Chandler Hutchison,2020,28.0,527.0,12.4,0.521,19.1,-2.6,-0.1,chandler hutchison
Trey Burke,2020,33.0,520.0,15.6,0.548,20.0,-0.2,0.2,trey burke
Blake Griffin,2020,18.0,512.0,11.9,0.476,28.4,-4.3,-0.3,blake griffin
Quinn Cook,2020,44.0,508.0,10.0,0.509,21.0,-3.8,-0.2,quinn cook
Jake Layman,2020,23.0,505.0,10.3,0.544,17.7,-3.7,-0.2,jake layman
Nicolas Batum,2020,22.0,505.0,9.2,0.463,9.4,-1.9,0.0,nicolas batum
Kelan Martin,2020,31.0,495.0,9.2,0.506,17.8,-4.3,-0.3,kelan martin
Naz Reid,2020,30.0,495.0,15.3,0.505,24.0,-1.9,0.0,naz reid
Denzel Valentine,2020,36.0,488.0,13.0,0.511,23.3,-0.6,0.2,denzel valentine
Džanan Musa,2020,40.0,487.0,9.4,0.484,20.1,-4.4,-0.3,dzanan musa
Danté Exum,2020,35.0,485.0,10.3,0.576,15.0,-2.9,-0.1,dante exum
Marko Gudurić,2020,44.0,484.0,8.8,0.514,17.6,-3.4,-0.2,marko guduric
Shaquille Harrison,2020,43.0,484.0,17.8,0.559,18.1,2.8,0.6,shaquille harrison
Cheick Diallo,2020,47.0,479.0,16.5,0.688,17.0,-1.3,0.1,cheick diallo
Goga Bitadze,2020,54.0,471.0,12.1,0.523,17.9,-2.3,0.0,goga bitadze
JaKarr Sampson,2020,34.0,471.0,12.6,0.615,13.2,-1.4,0.1,jakarr sampson
Javonte Green,2020,48.0,468.0,13.1,0.564,15.3,-0.7,0.2,javonte green
Jahlil Okafor,2020,30.0,467.0,18.3,0.642,19.9,-0.2,0.2,jahlil okafor
Brandon Knight,2020,25.0,462.0,8.5,0.503,20.6,-4.4,-0.3,brandon knight
J.J. Barea,2020,29.0,450.0,14.6,0.512,24.2,-1.4,0.1,j j barea
Edmond Sumner,2020,31.0,447.0,10.1,0.491,17.3,-2.9,-0.1,edmond sumner
Matt Thomas,2020,41.0,440.0,13.3,0.65,16.6,1.1,0.3,matt thomas
Anžejs Pasečņiks,2020,27.0,437.0,11.3,0.551,15.8,-5.6,-0.4,anzejs pasecniks
Thabo Sefolosha,2020,41.0,436.0,9.4,0.487,10.4,-1.2,0.1,thabo sefolosha
Gary Payton II,2020,29.0,432.0,11.3,0.473,13.4,-1.6,0.0,gary payton
Brandon Goodwin,2020,34.0,430.0,11.6,0.507,22.4,-2.9,-0.1,brandon goodwin
Boban Marjanović,2020,44.0,422.0,25.7,0.612,26.9,1.2,0.3,boban marjanovic
Andre Iguodala,2020,21.0,418.0,10.5,0.507,12.7,-0.5,0.2,andre iguodala
Jacob Evans,2020,29.0,418.0,5.5,0.436,17.5,-7.1,-0.5,jacob evans
PJ Dozier,2020,29.0,412.0,11.6,0.495,20.8,-3.8,-0.2,pj dozier
Chris Chiozza,2020,28.0,401.0,12.0,0.499,18.1,-1.2,0.1,chris chiozza
Robert Williams,2020,29.0,388.0,23.1,0.728,13.6,5.1,0.7,robert williams
Cristiano Felício,2020,22.0,386.0,12.8,0.671,9.1,-3.1,-0.1,cristiano felicio
Josh Jackson,2020,22.0,381.0,14.1,0.547,22.8,0.1,0.2,josh jackson
Al-Farouq Aminu,2020,18.0,380.0,7.6,0.395,13.2,-3.0,-0.1,al farouq aminu
Noah Vonleh,2020,36.0,377.0,15.5,0.622,13.9,-1.0,0.1,noah vonleh
Willy Hernangómez,2020,31.0,375.0,19.2,0.576,22.9,0.1,0.2,willy hernangomez
Romeo Langford,2020,32.0,370.0,5.4,0.434,11.8,-4.9,-0.3,romeo langford
Admiral Schofield,2020,33.0,368.0,6.1,0.502,11.9,-5.5,-0.3,admiral schofield
Theo Pinson,2020,33.0,365.0,5.2,0.37,22.3,-7.0,-0.5,theo pinson
Jared Dudley,2020,45.0,364.0,7.8,0.558,8.0,-0.7,0.1,jared dudley
D.J. Wilson,2020,37.0,363.0,8.2,0.475,18.1,-4.0,-0.2,d j wilson
Terance Mann,2020,41.0,362.0,10.6,0.545,12.6,-1.5,0.0,terance mann
Deonte Burton,2020,39.0,356.0,4.3,0.396,18.5,-6.8,-0.4,deonte burton
Tim Frazier,2020,27.0,355.0,9.8,0.464,17.3,-4.6,-0.2,tim frazier
Justise Winslow,2020,11.0,352.0,8.5,0.44,20.6,-3.6,-0.1,justise winslow
Carsen Edwards,2020,37.0,351.0,6.9,0.444,18.4,-4.6,-0.2,carsen edwards
Chris Silva,2020,44.0,346.0,17.3,0.651,17.1,-2.3,0.0,chris silva
Courtney Lee,2020,24.0,345.0,10.8,0.629,11.9,-0.6,0.1,courtney lee
Marvin Bagley III,2020,13.0,334.0,15.6,0.512,25.8,-3.5,-0.1,marvin bagley
Otto Porter Jr.,2020,14.0,331.0,15.8,0.55,21.0,1.0,0.3,otto porter
Ty Jerome,2020,31.0,328.0,7.9,0.425,17.9,-3.7,-0.1,ty jerome
Caleb Martin,2020,18.0,317.0,12.0,0.595,15.0,-1.0,0.1,caleb martin
Kyle O'Quinn,2020,29.0,313.0,18.6,0.544,15.7,3.0,0.4,kyle o quinn
Ed Davis,2020,28.0,303.0,9.5,0.489,9.4,-3.2,-0.1,ed davis
Keldon Johnson,2020,17.0,301.0,19.1,0.711,17.4,1.5,0.3,keldon johnson
Jalen McDaniels,2020,16.0,293.0,10.7,0.574,13.3,-3.3,-0.1,jalen mcdaniels
Chris Clemons,2020,33.0,291.0,13.1,0.548,23.6,-1.0,0.1,chris clemons
Allonzo Trier,2020,24.0,291.0,14.5,0.62,21.4,-0.4,0.1,allonzo trier
Zach Collins,2020,11.0,290.0,9.9,0.538,12.5,-3.1,-0.1,zach collins
DeMarre Carroll,2020,24.0,290.0,9.1,0.515,14.8,-3.9,-0.1,demarre carroll
Caleb Swanigan,2020,27.0,288.0,7.6,0.597,13.5,-6.0,-0.3,caleb swanigan
Dragan Bender,2020,16.0,286.0,10.9,0.545,17.7,-2.9,-0.1,dragan bender
Michael Kidd-Gilchrist,2020,25.0,281.0,4.2,0.416,13.7,-7.4,-0.4,michael kidd gilchrist
Drew Eubanks,2020,22.0,272.0,17.3,0.682,15.8,-1.8,0.0,drew eubanks
Juan Toscano-Anderson,2020,13.0,272.0,9.4,0.529,12.7,-3.6,-0.1,juan toscano anderson
David Nwaba,2020,20.0,268.0,14.0,0.627,14.2,1.1,0.2,david nwaba
Isaiah Hartenstein,2020,23.0,266.0,18.6,0.674,14.8,0.3,0.2,isaiah hartenstein
Kevon Looney,2020,20.0,262.0,9.4,0.403,15.7,-5.6,-0.2,kevon looney
Jordan Bell,2020,29.0,256.0,13.9,0.577,16.4,-2.5,0.0,jordan bell
Jusuf Nurkić,2020,8.0,253.0,22.6,0.567,24.0,2.0,0.2,jusuf nurkic
Evan Turner,2020,19.0,251.0,6.8,0.424,16.4,-5.5,-0.2,evan turner
Derrick Walton,2020,26.0,248.0,8.7,0.617,8.1,-1.0,0.1,derrick walton
Bruno Caboclo,2020,30.0,244.0,14.1,0.484,18.0,-2.1,0.0,bruno caboclo
Iman Shumpert,2020,13.0,241.0,5.3,0.403,13.4,-5.5,-0.2,iman shumpert
Wenyen Gabriel,2020,30.0,235.0,9.6,0.546,13.4,-3.8,-0.1,wenyen gabriel
Justin James,2020,36.0,232.0,11.0,0.477,18.9,-1.4,0.0,justin james
Norvel Pelle,2020,24.0,232.0,10.5,0.526,13.4,-5.2,-0.2,norvel pelle
Garrison Mathews,2020,18.0,227.0,13.1,0.691,14.5,-1.1,0.1,garrison mathews
T.J. Leaf,2020,28.0,222.0,12.9,0.451,20.0,-2.4,0.0,t j leaf
Ante Žižić,2020,22.0,221.0,16.4,0.597,17.5,-3.2,-0.1,ante zizic
Tyson Chandler,2020,26.0,219.0,10.8,0.717,6.0,-1.5,0.0,tyson chandler
Dion Waiters,2020,10.0,207.0,11.5,0.521,25.2,-1.2,0.0,dion waiters
Mychal Mulder,2020,7.0,204.0,7.8,0.533,16.2,-6.0,-0.2,mychal mulder
Nic Claxton,2020,15.0,187.0,14.8,0.577,14.8,-0.7,0.1,nic claxton
Cameron Payne,2020,8.0,183.0,15.7,0.612,19.1,1.7,0.2,cameron payne
John Konchar,2020,19.0,181.0,18.0,0.713,10.3,4.5,0.3,john konchar
Ryan Broekhoff,2020,17.0,180.0,13.1,0.568,16.3,0.8,0.1,ryan broekhoff
Johnathan Williams,2020,15.0,180.0,14.0,0.566,10.3,-2.0,0.0,johnathan williams
Malcolm Miller,2020,28.0,162.0,6.7,0.538,9.6,-2.3,0.0,malcolm miller
Rayjon Tucker,2020,20.0,161.0,9.7,0.584,16.6,-6.1,-0.2,rayjon tucker
C.J. Miles,2020,10.0,161.0,11.1,0.472,18.6,-1.7,0.0,c j miles
Tyrone Wallace,2020,14.0,160.0,3.9,0.389,16.0,-8.7,-0.3,tyrone wallace
Amir Coffey,2020,18.0,159.0,8.5,0.493,17.6,-4.1,-0.1,amir coffey
Jaylen Nowell,2020,15.0,151.0,10.5,0.471,17.3,-3.8,-0.1,jaylen nowell
Stanley Johnson,2020,25.0,150.0,9.9,0.454,23.1,-2.5,0.0,stanley johnson
Michael Frazier,2020,13.0,145.0,-0.9,0.384,11.5,-11.0,-0.3,michael frazier
DaQuan Jeffries,2020,13.0,141.0,11.2,0.586,13.7,-3.8,-0.1,daquan jeffries
Alen Smailagić,2020,14.0,139.0,14.5,0.61,18.2,-2.2,0.0,alen smailagic
Stephen Curry,2020,5.0,139.0,21.7,0.557,33.6,3.9,0.2,stephen curry
Oshae Brissett,2020,19.0,135.0,6.7,0.458,15.0,-5.3,-0.1,oshae brissett
Juwan Morgan,2020,21.0,134.0,10.1,0.648,11.0,-3.2,0.0,juwan morgan
Donta Hall,2020,9.0,133.0,13.6,0.652,11.1,-3.9,-0.1,donta hall
Vincent Poirier,2020,22.0,130.0,12.7,0.525,15.4,-3.8,-0.1,vincent poirier
Thanasis Antetokounmpo,2020,20.0,129.0,12.2,0.496,21.6,-3.2,0.0,thanasis antetokounmpo
Melvin Frazier,2020,19.0,126.0,9.8,0.559,14.0,-2.3,0.0,melvin frazier
Tremont Waters,2020,11.0,119.0,4.3,0.381,24.2,-7.5,-0.2,tremont waters
Alize Johnson,2020,17.0,118.0,13.3,0.509,15.0,-1.6,0.0,alize johnson
Frank Mason III,2020,9.0,118.0,16.9,0.53,24.3,0.0,0.1,frank mason
Kadeem Allen,2020,10.0,117.0,14.0,0.512,20.6,-0.9,0.0,kadeem allen
Adam Mokoka,2020,11.0,112.0,8.2,0.538,12.1,-4.1,-0.1,adam mokoka
Miye Oni,2020,10.0,109.0,9.7,0.512,15.3,-4.3,-0.1,miye oni
Justin Anderson,2020,10.0,107.0,3.2,0.352,17.1,-7.7,-0.2,justin anderson
Chimezie Metu,2020,18.0,105.0,22.2,0.608,23.7,1.7,0.1,chimezie metu
Yuta Watanabe,2020,18.0,105.0,11.2,0.48,15.7,-1.7,0.0,yuta watanabe
Jaylen Hoard,2020,13.0,103.0,14.9,0.504,17.2,-2.1,0.0,jaylen hoard
Jeremiah Martin,2020,9.0,99.0,21.8,0.541,26.7,3.2,0.1,jeremiah martin
Lance Thomas,2020,7.0,98.0,3.0,0.485,13.1,-8.2,-0.2,lance thomas
Jarrell Brantley,2020,9.0,96.0,8.0,0.416,16.3,-4.6,-0.1,jarrell brantley
Bol Bol,2020,7.0,87.0,14.4,0.617,21.2,-3.0,0.0,bol bol
Andre Roberson,2020,7.0,87.0,5.4,0.335,16.1,-5.4,-0.1,andre roberson
Paul Watson,2020,10.0,87.0,12.6,0.517,16.1,-0.2,0.0,paul watson
B.J. Johnson,2020,10.0,83.0,5.4,0.412,22.1,-9.0,-0.1,b j johnson
Gabe Vincent,2020,9.0,83.0,1.2,0.297,20.2,-10.4,-0.2,gabe vincent
Devon Hall,2020,11.0,81.0,3.1,0.298,20.9,-6.7,-0.1,devon hall
Talen Horton-Tucker,2020,6.0,81.0,12.3,0.535,19.7,-2.1,0.0,talen horton tucker
Jerian Grant,2020,6.0,80.0,6.6,0.449,17.2,-6.5,-0.1,jerian grant
J.R. Smith,2020,6.0,79.0,0.0,0.372,14.3,-9.8,-0.2,j r smith
Quinndary Weatherspoon,2020,11.0,78.0,3.2,0.336,12.7,-7.4,-0.1,quinndary weatherspoon
Amile Jefferson,2020,18.0,74.0,8.9,0.372,13.5,-5.8,-0.1,amile jefferson
Dean Wade,2020,12.0,71.0,13.9,0.744,9.9,-1.3,0.0,dean wade
Mfiondu Kabengele,2020,12.0,64.0,18.2,0.614,23.7,2.2,0.1,mfiondu kabengele
Louis King,2020,10.0,62.0,6.2,0.448,17.1,-6.2,-0.1,louis king
Vic Law,2020,8.0,62.0,3.7,0.363,15.8,-9.6,-0.1,vic law
Khyri Thomas,2020,8.0,61.0,3.1,0.453,15.6,-7.9,-0.1,khyri thomas
Chandler Parsons,2020,5.0,54.0,5.6,0.389,16.1,-6.0,-0.1,chandler parsons
Tyler Cook,2020,13.0,54.0,19.4,0.741,14.7,-0.2,0.0,tyler cook
Jordan Bone,2020,10.0,53.0,0.8,0.3,18.1,-11.9,-0.1,jordan bone
Ignas Brazdeikis,2020,9.0,53.0,3.2,0.351,21.0,-9.0,-0.1,ignas brazdeikis
Jarrod Uthoff,2020,7.0,53.0,8.8,0.503,14.8,-4.6,0.0,jarrod uthoff
Kevin Hervey,2020,10.0,52.0,5.0,0.315,22.8,-5.1,0.0,kevin hervey
Zylan Cheatham,2020,4.0,51.0,6.7,0.667,10.4,-7.2,-0.1,zylan cheatham
Nigel Williams-Goss,2020,10.0,50.0,8.1,0.415,17.4,-3.9,0.0,nigel williams goss
Joakim Noah,2020,5.0,50.0,11.1,0.608,14.7,-1.6,0.0,joakim noah
Justin Robinson,2020,9.0,49.0,8.2,0.542,12.7,-5.7,0.0,justin robinson
Luka Šamanić,2020,3.0,48.0,8.8,0.45,17.8,-4.1,0.0,luka samanic
Naz Mitrou-Long,2020,5.0,47.0,7.8,0.412,18.7,-1.4,0.0,naz mitrou long
Jonah Bolden,2020,7.0,47.0,4.9,0.392,13.4,-9.2,-0.1,jonah bolden
Antonius Cleveland,2020,11.0,46.0,2.5,0.34,16.9,-10.1,-0.1,antonius cleveland
Jarred Vanderbilt,2020,11.0,46.0,7.6,0.676,14.9,-6.3,-0.1,jarred vanderbilt
Vlatko Čančar,2020,14.0,45.0,11.4,0.507,19.1,-4.8,0.0,vlatko cancar
Justin Wright-Foreman,2020,4.0,45.0,8.8,0.437,24.1,-9.0,-0.1,justin wright foreman
Udonis Haslem,2020,4.0,44.0,6.5,0.47,13.8,-7.4,-0.1,udonis haslem
Jeremy Pargo,2020,3.0,44.0,12.6,0.557,25.7,-5.9,0.0,jeremy pargo
Johnathan Motley,2020,13.0,41.0,28.5,0.774,23.5,8.1,0.1,johnathan motley
Zach Norvell,2020,5.0,41.0,2.6,0.402,16.1,-8.4,-0.1,zach norvell
Charlie Brown Jr.,2020,10.0,40.0,11.0,0.472,25.1,-2.5,0.0,charlie brown
Chasson Randle,2020,3.0,40.0,6.7,0.377,7.1,-5.9,0.0,chasson randle
Josh Magette,2020,8.0,38.0,5.1,0.378,23.7,-6.2,0.0,josh magette
Sindarius Thornwell,2020,2.0,35.0,14.7,0.627,17.3,-0.8,0.0,sindarius thornwell
Moses Brown,2020,9.0,33.0,6.7,0.407,21.2,-10.0,-0.1,moses brown
Tacko Fall,2020,7.0,33.0,28.4,0.751,23.7,6.5,0.1,tacko fall
Corey Brewer,2020,5.0,33.0,8.7,0.47,9.6,-3.2,0.0,corey brewer
Joe Chealey,2020,4.0,33.0,-2.9,0.127,13.2,-12.5,-0.1,joe chealey
Zhaire Smith,2020,7.0,32.0,1.1,0.313,19.9,-9.8,-0.1,zhaire smith
Jalen Lecque,2020,5.0,32.0,2.7,0.46,17.1,-9.5,-0.1,jalen lecque
Brian Bowen,2020,6.0,31.0,0.1,0.3,15.6,-10.9,-0.1,brian bowen
Dewan Hernandez,2020,6.0,28.0,12.9,0.432,29.3,-9.6,-0.1,dewan hernandez
Josh Reaves,2020,4.0,28.0,5.8,0.405,15.1,-9.4,-0.1,josh reaves
Marial Shayok,2020,4.0,28.0,1.4,0.4,25.8,-13.0,-0.1,marial shayok
KZ Okpala,2020,5.0,26.0,13.7,0.595,11.7,2.4,0.0,kz okpala
Luc Mbah a Moute,2020,3.0,25.0,6.4,0.425,11.4,-7.4,0.0,luc mbah a moute
Justin Patton,2020,5.0,24.0,4.7,0.45,22.0,-10.1,0.0,justin patton
Josh Gray,2020,2.0,23.0,-5.0,0.5,12.5,-16.0,-0.1,josh gray
Kostas Antetokounmpo,2020,5.0,20.0,16.3,0.902,10.3,-0.7,0.0,kostas antetokounmpo
Matt Mooney,2020,4.0,19.0,8.1,0.25,9.0,-0.4,0.0,matt mooney
Eric Mika,2020,1.0,19.0,13.9,0.773,8.9,-3.4,0.0,eric mika
Henry Ellenson,2020,5.0,15.0,-1.3,0.143,19.5,-10.9,0.0,henry ellenson
Stanton Kidd,2020,4.0,15.0,-13.7,0.0,14.6,-17.6,-0.1,stanton kidd
Tariq Owens,2020,3.0,15.0,8.4,0.34,16.7,-5.8,0.0,tariq owens
Daryl Macon,2020,4.0,14.0,-3.1,0.5,15.7,-12.0,0.0,daryl macon
Ryan Anderson,2020,2.0,14.0,9.4,0.357,23.7,-2.8,0.0,ryan anderson
Kyle Alexander,2020,2.0,13.0,4.7,0.5,10.2,-10.1,0.0,kyle alexander
Dusty Hannahs,2020,2.0,13.0,21.3,0.607,31.6,3.1,0.0,dusty hannahs
William Howard,2020,2.0,13.0,-12.7,0.0,15.9,-19.6,-0.1,william howard
Shamorie Ponds,2020,4.0,11.0,33.1,0.765,22.8,13.7,0.0,shamorie ponds
Isaiah Roby,2020,3.0,11.0,-7.7,0.0,8.0,-15.4,0.0,isaiah roby
Kyle Guy,2020,3.0,10.0,6.6,0.4,21.7,-12.3,0.0,kyle guy
Devontae Cacok,2020,1.0,9.0,28.6,0.5,28.1,0.2,0.0,devontae cacok
Jared Harper,2020,3.0,8.0,-5.3,0.25,21.3,-15.7,0.0,jared harper
Max Strus,2020,2.0,6.0,30.7,0.727,24.4,3.9,0.0,max strus
Jamal Crawford,2020,1.0,6.0,33.2,0.625,27.9,15.0,0.0,jamal crawford
Tyler Zeller,2020,2.0,4.0,22.4,0.25,43.2,-22.4,0.0,tyler zeller
Malik Newman,2020,1.0,4.0,-11.4,0.347,41.5,-25.7,0.0,malik newman
Marques Bolden,2020,1.0,3.0,19.8,,0.0,5.4,0.0,marques bolden
J.P. Macura,2020,1.0,1.0,0.0,,0.0,-6.4,0.0,j p macura
Julius Randle,2021,71.0,2667.0,19.7,0.567,29.3,3.8,3.9,julius randle
RJ Barrett,2021,72.0,2511.0,13.4,0.535,23.4,-1.2,0.5,rj barrett
Nikola Jokić,2021,72.0,2488.0,31.3,0.647,29.6,12.1,8.8,nikola jokic
Buddy Hield,2021,71.0,2433.0,12.8,0.567,20.7,-0.6,0.9,buddy hield
Damian Lillard,2021,67.0,2398.0,25.6,0.623,31.4,6.3,5.0,damian lillard
Terry Rozier,2021,69.0,2383.0,17.1,0.575,24.4,1.6,2.2,terry rozier
Russell Westbrook,2021,65.0,2369.0,19.5,0.509,30.2,3.7,3.4,russell westbrook
Andrew Wiggins,2021,71.0,2364.0,15.0,0.568,23.3,-0.4,1.0,andrew wiggins
Mikal Bridges,2021,72.0,2348.0,16.4,0.667,14.9,3.3,3.1,mikal bridges
Nikola Vučević,2021,70.0,2348.0,22.9,0.56,29.3,5.3,4.4,nikola vucevic
Anthony Edwards,2021,72.0,2314.0,13.9,0.523,27.0,-2.1,-0.1,anthony edwards
Jayson Tatum,2021,64.0,2290.0,21.3,0.576,30.8,3.9,3.4,jayson tatum
Devin Booker,2021,67.0,2270.0,19.2,0.587,32.7,0.3,1.3,devin booker
Khris Middleton,2021,68.0,2269.0,18.2,0.588,25.0,1.3,1.9,khris middleton
Duncan Robinson,2021,72.0,2262.0,11.0,0.628,16.6,-1.0,0.6,duncan robinson
Luka Dončić,2021,66.0,2262.0,25.3,0.587,36.0,6.8,5.1,luka doncic
Robert Covington,2021,70.0,2243.0,11.2,0.553,11.5,0.2,1.2,robert covington
Royce O'Neale,2021,71.0,2241.0,9.9,0.599,9.6,1.0,1.7,royce o neale
Domantas Sabonis,2021,62.0,2231.0,20.6,0.601,24.1,3.8,3.3,domantas sabonis
Bojan Bogdanović,2021,72.0,2216.0,14.0,0.588,22.8,-0.4,0.9,bojan bogdanovic
Norman Powell,2021,69.0,2205.0,16.2,0.618,22.6,0.4,1.3,norman powell
Chris Paul,2021,70.0,2199.0,21.4,0.599,22.6,4.6,3.6,chris paul
Rudy Gobert,2021,71.0,2187.0,23.5,0.683,17.0,4.9,3.8,rudy gobert
Justin Holiday,2021,72.0,2183.0,10.4,0.571,14.0,-1.0,0.6,justin holiday
Isaac Okoro,2021,67.0,2173.0,7.9,0.514,14.3,-5.1,-1.7,isaac okoro
Coby White,2021,69.0,2156.0,12.0,0.54,22.5,-2.4,-0.2,coby white
Stephen Curry,2021,63.0,2152.0,26.3,0.655,34.8,8.7,5.8,stephen curry
Bradley Beal,2021,60.0,2147.0,22.7,0.593,34.1,3.4,2.9,bradley beal
Bam Adebayo,2021,64.0,2143.0,22.7,0.626,23.7,4.9,3.7,bam adebayo
Joe Harris,2021,69.0,2141.0,14.1,0.663,16.2,0.4,1.3,joe harris
Dejounte Murray,2021,67.0,2139.0,16.5,0.509,23.4,0.8,1.5,dejounte murray
Kevin Huerter,2021,69.0,2126.0,12.2,0.541,17.2,-0.3,1.0,kevin huerter
Trae Young,2021,63.0,2125.0,23.0,0.589,33.0,3.7,3.0,trae young
Deandre Ayton,2021,69.0,2115.0,20.3,0.653,18.2,1.2,1.7,deandre ayton
Collin Sexton,2021,60.0,2115.0,18.0,0.573,29.7,-0.2,1.0,collin sexton
Eric Bledsoe,2021,71.0,2111.0,11.5,0.533,18.5,-2.0,0.0,eric bledsoe
Harrison Barnes,2021,58.0,2102.0,15.4,0.626,17.2,0.2,1.1,harrison barnes
Brandon Ingram,2021,61.0,2093.0,19.2,0.584,28.0,2.2,2.2,brandon ingram
DeMar DeRozan,2021,61.0,2056.0,22.0,0.591,26.1,3.1,2.6,demar derozan
Ja Morant,2021,63.0,2053.0,16.7,0.537,27.2,-0.4,0.8,ja morant
Jae'Sean Tate,2021,70.0,2043.0,13.8,0.576,16.4,-1.4,0.3,jae sean tate
De'Aaron Fox,2021,58.0,2036.0,20.7,0.565,31.0,1.8,2.0,de aaron fox
Zach LaVine,2021,58.0,2034.0,21.5,0.634,31.0,4.0,3.1,zach lavine
Zion Williamson,2021,61.0,2026.0,27.1,0.649,29.8,5.8,4.0,zion williamson
Tobias Harris,2021,62.0,2014.0,20.0,0.597,23.9,3.7,2.9,tobias harris
Giannis Antetokounmpo,2021,61.0,2013.0,29.2,0.633,32.5,9.0,5.6,giannis antetokounmpo
Pascal Siakam,2021,56.0,2006.0,17.7,0.547,26.3,0.8,1.4,pascal siakam
Jaylen Brown,2021,58.0,1999.0,19.9,0.586,29.7,2.5,2.3,jaylen brown
Dillon Brooks,2021,67.0,1997.0,12.1,0.515,26.1,-3.7,-0.9,dillon brooks
Kelly Olynyk,2021,70.0,1997.0,16.4,0.61,19.7,1.2,1.6,kelly olynyk
Tim Hardaway Jr.,2021,70.0,1985.0,15.7,0.589,23.4,0.4,1.2,tim hardaway
Patrick Williams,2021,71.0,1983.0,10.5,0.562,14.9,-2.4,-0.2,patrick williams
Draymond Green,2021,63.0,1982.0,13.3,0.53,13.1,1.7,1.9,draymond green
Keldon Johnson,2021,69.0,1968.0,13.8,0.557,19.2,-1.6,0.2,keldon johnson
Dennis Schröder,2021,61.0,1956.0,13.8,0.543,22.9,-1.1,0.4,dennis schroder
Kyle Kuzma,2021,68.0,1954.0,12.7,0.546,20.3,-0.4,0.8,kyle kuzma
P.J. Washington,2021,64.0,1954.0,13.4,0.549,19.4,-0.9,0.6,p j washington
Reggie Bullock,2021,65.0,1949.0,11.1,0.606,14.4,-0.1,0.9,reggie bullock
Danny Green,2021,69.0,1934.0,12.1,0.582,14.0,1.9,1.9,danny green
Miles Bridges,2021,66.0,1932.0,14.7,0.625,17.3,0.2,1.1,miles bridges
Malcolm Brogdon,2021,56.0,1930.0,17.9,0.561,25.9,2.1,2.0,malcolm brogdon
Dorian Finney-Smith,2021,60.0,1921.0,12.0,0.609,12.2,0.1,1.0,dorian finney smith
Michael Porter Jr.,2021,61.0,1912.0,20.6,0.663,21.7,3.1,2.5,michael porter
Saddiq Bey,2021,70.0,1909.0,12.6,0.567,18.7,-0.5,0.7,saddiq bey
Jrue Holiday,2021,59.0,1907.0,20.0,0.592,22.2,3.4,2.6,jrue holiday
Brook Lopez,2021,70.0,1902.0,15.4,0.611,16.9,0.0,0.9,brook lopez
Kentavious Caldwell-Pope,2021,67.0,1902.0,10.7,0.588,14.2,-0.5,0.7,kentavious caldwell pope
Fred VanVleet,2021,52.0,1899.0,16.8,0.534,23.9,2.5,2.2,fred vanvleet
Clint Capela,2021,63.0,1898.0,24.3,0.601,19.9,2.7,2.2,clint capela
Kyle Anderson,2021,69.0,1887.0,17.2,0.578,18.5,3.3,2.5,kyle anderson
Kyrie Irving,2021,54.0,1886.0,24.4,0.614,30.4,5.5,3.6,kyrie irving
Ben Simmons,2021,58.0,1877.0,18.3,0.584,20.2,2.9,2.3,ben simmons
Joe Ingles,2021,67.0,1867.0,15.9,0.672,16.6,3.5,2.6,joe ingles
Jarrett Allen,2021,63.0,1864.0,20.1,0.661,16.6,1.1,1.4,jarrett allen
Dwayne Bacon,2021,72.0,1853.0,9.9,0.49,19.8,-5.1,-1.5,dwayne bacon
John Collins,2021,63.0,1848.0,20.6,0.645,22.2,2.3,2.0,john collins
Jakob Poeltl,2021,69.0,1845.0,17.5,0.612,13.4,0.8,1.3,jakob poeltl
Jeff Green,2021,68.0,1835.0,13.0,0.624,15.6,-0.8,0.5,jeff green
Nicolas Batum,2021,67.0,1835.0,12.9,0.617,11.8,2.1,1.9,nicolas batum
Jerami Grant,2021,54.0,1829.0,16.9,0.556,28.5,1.1,1.4,jerami grant
Paul George,2021,54.0,1821.0,20.5,0.598,30.0,4.2,2.9,paul george
Jordan Clarkson,2021,68.0,1818.0,17.1,0.549,29.7,1.4,1.6,jordan clarkson
Donte DiVincenzo,2021,66.0,1814.0,13.0,0.542,16.7,0.2,1.0,donte divincenzo
Gary Trent Jr.,2021,58.0,1802.0,12.1,0.534,20.9,-2.3,-0.1,gary trent
Rui Hachimura,2021,57.0,1797.0,11.4,0.549,18.1,-3.1,-0.5,rui hachimura
T.J. McConnell,2021,69.0,1796.0,16.9,0.583,15.3,1.4,1.5,t j mcconnell
Josh Richardson,2021,59.0,1790.0,11.9,0.537,18.4,-1.7,0.1,josh richardson
Darius Garland,2021,54.0,1790.0,14.2,0.547,24.9,-2.1,-0.1,darius garland
Richaun Holmes,2021,61.0,1782.0,20.2,0.669,17.5,0.6,1.2,richaun holmes
Théo Maledon,2021,65.0,1778.0,8.2,0.489,19.4,-5.0,-1.3,theo maledon
Kawhi Leonard,2021,52.0,1773.0,26.0,0.622,28.6,7.3,4.2,kawhi leonard
Ricky Rubio,2021,68.0,1772.0,13.5,0.516,16.0,-1.9,0.0,ricky rubio
Donovan Mitchell,2021,53.0,1771.0,21.3,0.569,33.5,4.3,2.8,donovan mitchell
Enes Freedom,2021,72.0,1758.0,22.4,0.636,17.4,0.6,1.2,enes freedom
Jonas Valančiūnas,2021,62.0,1755.0,24.4,0.636,22.4,3.0,2.2,jonas valanciunas
Delon Wright,2021,63.0,1748.0,16.3,0.562,16.3,2.2,1.8,delon wright
Lonzo Ball,2021,55.0,1747.0,15.2,0.551,20.5,1.7,1.6,lonzo ball
Tyrese Haliburton,2021,58.0,1746.0,16.2,0.585,18.1,1.4,1.5,tyrese haliburton
Jimmy Butler,2021,52.0,1745.0,26.5,0.607,26.6,7.7,4.3,jimmy butler
Will Barton,2021,56.0,1736.0,11.8,0.538,19.0,-1.9,0.1,will barton
Darius Bazley,2021,55.0,1714.0,9.7,0.491,22.1,-4.4,-1.0,darius bazley
Jamal Murray,2021,48.0,1704.0,18.3,0.592,24.8,2.0,1.7,jamal murray
Jalen Brunson,2021,68.0,1697.0,17.1,0.618,20.2,0.9,1.2,jalen brunson
Carmelo Anthony,2021,69.0,1690.0,14.6,0.547,23.1,-1.1,0.4,carmelo anthony
Karl-Anthony Towns,2021,50.0,1689.0,23.1,0.612,29.1,4.5,2.8,karl anthony towns
Kelly Oubre Jr.,2021,55.0,1687.0,13.3,0.529,22.1,-1.9,0.0,kelly oubre
Patty Mills,2021,68.0,1685.0,11.8,0.57,18.4,-1.2,0.4,patty mills
Devonte' Graham,2021,55.0,1659.0,14.6,0.552,21.4,0.7,1.1,devonte graham
Thaddeus Young,2021,68.0,1652.0,20.3,0.578,22.3,3.3,2.2,thaddeus young
Kendrick Nunn,2021,56.0,1650.0,14.2,0.596,20.9,-0.5,0.6,kendrick nunn
Jae Crowder,2021,60.0,1648.0,11.8,0.574,15.7,1.1,1.3,jae crowder
Seth Curry,2021,57.0,1638.0,12.9,0.607,17.1,-0.3,0.7,seth curry
Tyler Herro,2021,54.0,1635.0,13.3,0.543,23.5,-1.3,0.3,tyler herro
Doug McDermott,2021,66.0,1619.0,15.6,0.635,20.0,-0.6,0.6,doug mcdermott
Ivica Zubac,2021,72.0,1609.0,19.1,0.693,15.1,1.0,1.2,ivica zubac
James Harden,2021,44.0,1609.0,24.5,0.618,28.4,7.2,3.7,james harden
Steven Adams,2021,58.0,1605.0,15.1,0.596,11.7,-0.3,0.7,steven adams
Kyle Lowry,2021,46.0,1601.0,16.5,0.593,21.4,1.6,1.5,kyle lowry
Daniel Theis,2021,65.0,1601.0,15.0,0.609,15.6,0.0,0.8,daniel theis
CJ McCollum,2021,47.0,1600.0,20.8,0.577,27.1,3.9,2.4,cj mccollum
Joel Embiid,2021,51.0,1585.0,30.3,0.636,35.3,7.5,3.8,joel embiid
Marcus Smart,2021,48.0,1581.0,13.8,0.539,18.4,-0.3,0.7,marcus smart
Montrezl Harrell,2021,69.0,1580.0,22.7,0.65,21.7,3.0,2.0,montrezl harrell
Pat Connaughton,2021,69.0,1575.0,11.3,0.578,11.6,0.0,0.8,pat connaughton
Josh Jackson,2021,62.0,1560.0,12.0,0.516,26.5,-3.0,-0.4,josh jackson
Nerlens Noel,2021,64.0,1547.0,14.8,0.638,9.2,1.4,1.3,nerlens noel
Reggie Jackson,2021,67.0,1544.0,14.2,0.576,19.9,0.4,0.9,reggie jackson
Luguentz Dort,2021,52.0,1543.0,10.1,0.513,21.7,-3.5,-0.6,luguentz dort
Khem Birch,2021,67.0,1529.0,15.1,0.552,13.6,-1.0,0.4,khem birch
Garrett Temple,2021,56.0,1528.0,8.2,0.525,13.1,-3.0,-0.4,garrett temple
Lonnie Walker IV,2021,60.0,1522.0,9.8,0.523,20.1,-3.7,-0.7,lonnie walker
Desmond Bane,2021,68.0,1519.0,12.2,0.6,16.1,-0.8,0.5,desmond bane
Solomon Hill,2021,71.0,1513.0,6.7,0.498,10.4,-2.5,-0.2,solomon hill
Jaden McDaniels,2021,63.0,1511.0,8.9,0.552,12.0,-3.5,-0.6,jaden mcdaniels
Cedi Osman,2021,59.0,1510.0,10.3,0.488,20.4,-3.2,-0.5,cedi osman
LeBron James,2021,45.0,1504.0,24.2,0.602,31.9,8.1,3.8,lebron james
Marcus Morris,2021,57.0,1502.0,14.5,0.614,20.1,0.0,0.8,marcus morris
Mason Plumlee,2021,56.0,1499.0,18.7,0.638,16.3,2.2,1.6,mason plumlee
Mike Conley,2021,51.0,1498.0,19.2,0.589,23.1,4.9,2.6,mike conley
Gordon Hayward,2021,44.0,1496.0,17.6,0.584,23.9,1.6,1.4,gordon hayward
Caris LeVert,2021,47.0,1486.0,17.8,0.531,28.7,0.4,0.9,caris levert
Elfrid Payton,2021,63.0,1484.0,11.7,0.478,23.2,-3.0,-0.4,elfrid payton
LaMelo Ball,2021,51.0,1469.0,17.5,0.539,26.1,1.8,1.4,lamelo ball
Dāvis Bertāns,2021,57.0,1464.0,11.4,0.62,15.9,-0.8,0.4,davis bertans
Shake Milton,2021,63.0,1461.0,14.6,0.549,24.9,-1.6,0.1,shake milton
Isaiah Stewart,2021,68.0,1455.0,16.4,0.597,15.5,-1.1,0.3,isaiah stewart
Myles Turner,2021,47.0,1455.0,15.3,0.599,16.4,0.4,0.9,myles turner
Chris Boucher,2021,60.0,1453.0,21.9,0.634,20.5,3.3,2.0,chris boucher
Bruce Brown,2021,65.0,1451.0,16.1,0.604,15.9,-0.1,0.7,bruce brown
Cory Joseph,2021,63.0,1446.0,12.5,0.556,16.3,-1.8,0.1,cory joseph
Cameron Johnson,2021,60.0,1437.0,11.8,0.563,17.0,-0.2,0.7,cameron johnson
OG Anunoby,2021,43.0,1433.0,15.4,0.605,19.3,1.2,1.2,og anunoby
Kenrich Williams,2021,66.0,1426.0,14.0,0.599,15.3,-0.7,0.4,kenrich williams
Facundo Campazzo,2021,65.0,1425.0,11.6,0.558,13.1,-0.6,0.5,facundo campazzo
Isaiah Roby,2021,61.0,1425.0,11.9,0.555,17.7,-3.3,-0.5,isaiah roby
Lou Williams,2021,66.0,1423.0,14.0,0.519,25.7,-2.5,-0.2,lou williams
Brandon Clarke,2021,59.0,1415.0,17.3,0.56,17.2,1.5,1.3,brandon clarke
Raul Neto,2021,64.0,1403.0,13.0,0.575,15.8,-0.6,0.5,raul neto
Landry Shamet,2021,61.0,1403.0,10.3,0.578,16.7,-2.4,-0.2,landry shamet
Aaron Gordon,2021,50.0,1384.0,14.5,0.547,20.7,0.1,0.7,aaron gordon
Wendell Carter Jr.,2021,54.0,1375.0,16.7,0.566,19.3,-1.3,0.2,wendell carter
Bobby Portis,2021,66.0,1372.0,19.9,0.598,20.9,1.5,1.2,bobby portis
Kemba Walker,2021,43.0,1369.0,17.7,0.559,26.1,2.1,1.4,kemba walker
Rudy Gay,2021,63.0,1358.0,14.7,0.532,23.6,-0.1,0.6,rudy gay
P.J. Tucker,2021,52.0,1356.0,5.5,0.51,7.2,-4.1,-0.7,p j tucker
Robin Lopez,2021,71.0,1354.0,16.7,0.661,17.1,-1.0,0.4,robin lopez
Bryn Forbes,2021,70.0,1354.0,12.8,0.631,18.5,-1.3,0.2,bryn forbes
Bismack Biyombo,2021,66.0,1349.0,11.7,0.574,11.5,-3.0,-0.4,bismack biyombo
Josh Hart,2021,47.0,1349.0,12.2,0.566,13.5,-0.8,0.4,josh hart
Naz Reid,2021,70.0,1347.0,18.2,0.599,22.5,-0.2,0.6,naz reid
Terrence Ross,2021,46.0,1347.0,13.2,0.53,24.1,-2.3,-0.1,terrence ross
Maxi Kleber,2021,50.0,1341.0,10.6,0.606,10.6,0.0,0.7,maxi kleber
Andre Iguodala,2021,63.0,1339.0,9.2,0.519,11.2,-0.4,0.5,andre iguodala
Goran Dragić,2021,50.0,1337.0,13.0,0.552,24.5,-2.3,-0.1,goran dragic
Kent Bazemore,2021,67.0,1333.0,10.6,0.564,16.3,-1.2,0.2,kent bazemore
Kristaps Porziņģis,2021,43.0,1327.0,21.3,0.582,26.5,2.2,1.4,kristaps porzingis
Christian Wood,2021,41.0,1326.0,20.0,0.591,25.9,1.4,1.1,christian wood
Svi Mykhailiuk,2021,66.0,1324.0,10.4,0.529,20.0,-2.6,-0.2,svi mykhailiuk
Derrick Jones Jr.,2021,58.0,1318.0,11.9,0.576,12.3,-1.4,0.2,derrick jones
Lauri Markkanen,2021,51.0,1317.0,15.2,0.619,20.2,0.1,0.7,lauri markkanen
Tomáš Satoranský,2021,58.0,1307.0,13.8,0.614,15.2,-0.5,0.5,tomas satoransky
Bogdan Bogdanović,2021,44.0,1305.0,17.6,0.616,21.3,3.6,1.8,bogdan bogdanovic
Talen Horton-Tucker,2021,65.0,1304.0,12.9,0.536,21.7,-1.2,0.3,talen horton tucker
Matisse Thybulle,2021,65.0,1298.0,10.1,0.508,9.4,1.9,1.3,matisse thybulle
John Wall,2021,40.0,1288.0,15.4,0.503,31.7,-0.7,0.4,john wall
Tristan Thompson,2021,54.0,1287.0,14.2,0.54,14.8,-2.5,-0.2,tristan thompson
Derrick Rose,2021,50.0,1279.0,18.3,0.55,25.8,1.9,1.3,derrick rose
Cole Anthony,2021,47.0,1273.0,12.1,0.496,24.3,-3.3,-0.4,cole anthony
Payton Pritchard,2021,66.0,1268.0,12.4,0.582,16.7,-0.7,0.4,payton pritchard
Terance Mann,2021,67.0,1263.0,13.8,0.603,15.1,-0.2,0.6,terance mann
Grayson Allen,2021,50.0,1259.0,12.8,0.586,16.8,-0.2,0.6,grayson allen
Evan Fournier,2021,42.0,1259.0,16.7,0.598,23.1,1.1,1.0,evan fournier
Deni Avdija,2021,54.0,1257.0,7.6,0.515,12.0,-3.1,-0.4,deni avdija
Alec Burks,2021,49.0,1255.0,14.8,0.564,21.3,1.5,1.1,alec burks
DeAndre Jordan,2021,57.0,1246.0,17.1,0.736,13.1,1.0,0.9,deandre jordan
Immanuel Quickley,2021,64.0,1243.0,15.8,0.557,25.6,0.9,0.9,immanuel quickley
Andre Drummond,2021,46.0,1242.0,19.4,0.519,27.6,-1.2,0.3,andre drummond
Luke Kennard,2021,63.0,1232.0,12.7,0.608,17.1,-0.2,0.6,luke kennard
Sterling Brown,2021,51.0,1229.0,11.1,0.597,13.5,-1.6,0.1,sterling brown
Hamidou Diallo,2021,52.0,1226.0,14.3,0.541,22.2,-2.1,0.0,hamidou diallo
Tyus Jones,2021,70.0,1222.0,15.0,0.511,16.6,0.8,0.9,tyus jones
Danilo Gallinari,2021,51.0,1222.0,16.3,0.613,21.2,1.1,1.0,danilo gallinari
Alex Caruso,2021,58.0,1216.0,11.1,0.547,14.8,0.0,0.6,alex caruso
Malik Beasley,2021,37.0,1214.0,14.6,0.57,24.0,-0.2,0.6,malik beasley
Dean Wade,2021,63.0,1212.0,11.3,0.573,12.9,-1.3,0.2,dean wade
Markieff Morris,2021,61.0,1200.0,9.3,0.509,16.4,-2.6,-0.2,markieff morris
Josh Okogie,2021,59.0,1197.0,9.1,0.524,12.1,-3.3,-0.4,josh okogie
Dwight Howard,2021,69.0,1196.0,17.8,0.61,18.2,-1.5,0.1,dwight howard
Monte Morris,2021,47.0,1196.0,14.0,0.574,16.5,-0.3,0.5,monte morris
D'Angelo Russell,2021,42.0,1196.0,17.6,0.555,29.1,1.6,1.1,d angelo russell
Blake Griffin,2021,46.0,1186.0,12.9,0.546,19.3,-0.8,0.3,blake griffin
Shai Gilgeous-Alexander,2021,35.0,1180.0,21.6,0.623,27.8,4.1,1.8,shai gilgeous alexander
Aaron Holiday,2021,66.0,1176.0,9.2,0.503,19.5,-4.2,-0.7,aaron holiday
Paul Millsap,2021,56.0,1162.0,16.4,0.565,18.6,1.0,0.9,paul millsap
Anthony Davis,2021,36.0,1162.0,22.1,0.556,29.2,4.8,2.0,anthony davis
Kevon Looney,2021,61.0,1161.0,11.9,0.575,9.4,-0.9,0.3,kevon looney
Kevin Durant,2021,35.0,1157.0,26.4,0.666,31.2,7.2,2.7,kevin durant
Georges Niang,2021,72.0,1154.0,11.4,0.602,17.4,-0.3,0.5,georges niang
Jarred Vanderbilt,2021,64.0,1139.0,16.2,0.612,12.3,-0.1,0.5,jarred vanderbilt
Grant Williams,2021,63.0,1138.0,7.5,0.546,12.3,-3.7,-0.5,grant williams
Chuma Okeke,2021,45.0,1133.0,11.8,0.511,14.5,-1.5,0.1,chuma okeke
Wesley Matthews,2021,58.0,1130.0,7.2,0.517,11.4,-1.7,0.1,wesley matthews
D.J. Augustin,2021,57.0,1129.0,12.1,0.57,16.8,-2.1,0.0,d j augustin
JaMychal Green,2021,58.0,1120.0,13.6,0.59,17.6,-1.5,0.1,jamychal green
Marvin Bagley III,2021,43.0,1112.0,16.3,0.554,23.5,-3.1,-0.3,marvin bagley
Juan Toscano-Anderson,2021,53.0,1107.0,12.6,0.676,11.0,0.8,0.8,juan toscano anderson
Anfernee Simons,2021,64.0,1104.0,12.3,0.589,18.3,-1.0,0.3,anfernee simons
Larry Nance Jr.,2021,35.0,1091.0,13.2,0.557,13.9,0.4,0.7,larry nance
Aleksej Pokusevski,2021,45.0,1090.0,6.1,0.43,20.5,-6.1,-1.1,aleksej pokusevski
PJ Dozier,2021,50.0,1088.0,10.4,0.501,17.2,-2.6,-0.2,pj dozier
Xavier Tillman Sr.,2021,59.0,1085.0,14.7,0.605,14.3,-0.2,0.5,xavier tillman
Victor Oladipo,2021,33.0,1080.0,14.3,0.512,28.5,-1.7,0.1,victor oladipo
Gary Harris,2021,39.0,1080.0,9.1,0.511,16.7,-4.2,-0.6,gary harris
Cameron Payne,2021,60.0,1079.0,17.4,0.602,19.8,3.1,1.4,cameron payne
Damion Lee,2021,57.0,1079.0,11.8,0.636,12.8,0.2,0.6,damion lee
Terence Davis,2021,61.0,1074.0,12.7,0.555,21.8,-1.7,0.1,terence davis
KJ Martin,2021,45.0,1068.0,14.6,0.59,15.6,-1.8,0.0,kj martin
Derrick White,2021,36.0,1064.0,15.0,0.55,22.4,1.3,0.9,derrick white
Furkan Korkmaz,2021,55.0,1062.0,12.8,0.544,20.5,-0.1,0.5,furkan korkmaz
Devin Vassell,2021,62.0,1056.0,10.6,0.524,14.3,-1.5,0.1,devin vassell
Brad Wanamaker,2021,61.0,1053.0,9.5,0.489,16.9,-4.0,-0.5,brad wanamaker
Timothé Luwawu-Cabarrot,2021,58.0,1050.0,7.8,0.493,17.4,-4.4,-0.6,timothe luwawu cabarrot
De'Anthony Melton,2021,52.0,1045.0,15.2,0.568,19.5,2.3,1.1,de anthony melton
James Johnson,2021,51.0,1043.0,11.4,0.51,17.1,-1.2,0.2,james johnson
Derrick Favors,2021,68.0,1039.0,19.7,0.663,13.0,2.6,1.2,derrick favors
Garrison Mathews,2021,64.0,1038.0,9.7,0.635,11.5,-1.8,0.1,garrison mathews
Denzel Valentine,2021,62.0,1036.0,10.1,0.479,19.5,-2.7,-0.2,denzel valentine
Wayne Ellington,2021,46.0,1012.0,12.2,0.625,16.7,-0.2,0.5,wayne ellington
Nickeil Alexander-Walker,2021,46.0,1007.0,12.5,0.522,23.2,-1.3,0.2,nickeil alexander walker
Stanley Johnson,2021,61.0,1006.0,8.8,0.519,13.4,-2.5,-0.1,stanley johnson
Cody Zeller,2021,48.0,1005.0,18.2,0.599,18.3,-0.5,0.4,cody zeller
Marc Gasol,2021,52.0,993.0,12.2,0.606,11.8,2.3,1.1,marc gasol
Tony Snell,2021,47.0,992.0,9.5,0.708,8.6,-0.5,0.4,tony snell
Jordan Poole,2021,51.0,988.0,15.1,0.581,25.0,-0.5,0.4,jordan poole
James Ennis III,2021,41.0,986.0,12.5,0.613,13.9,-2.2,-0.1,james ennis
Robert Williams,2021,52.0,985.0,25.7,0.719,15.0,6.0,2.0,robert williams
Aron Baynes,2021,53.0,980.0,10.5,0.503,16.2,-4.5,-0.6,aron baynes
Alex Len,2021,64.0,979.0,16.4,0.643,16.3,-0.1,0.5,alex len
DeAndre' Bembry,2021,51.0,972.0,11.2,0.57,14.6,-1.9,0.0,deandre bembry
Dwight Powell,2021,58.0,966.0,16.8,0.688,13.2,0.6,0.6,dwight powell
Jaxson Hayes,2021,60.0,964.0,19.1,0.675,16.2,0.6,0.6,jaxson hayes
Serge Ibaka,2021,41.0,955.0,18.2,0.585,20.1,1.4,0.8,serge ibaka
Semi Ojeleye,2021,56.0,950.0,8.3,0.553,11.6,-2.4,-0.1,semi ojeleye
Jeff Teague,2021,55.0,950.0,12.3,0.562,17.7,-2.2,-0.1,jeff teague
Rodney Hood,2021,55.0,942.0,5.6,0.452,14.1,-6.4,-1.0,rodney hood
Jordan McLaughlin,2021,51.0,938.0,12.0,0.502,13.7,-1.7,0.1,jordan mclaughlin
Taj Gibson,2021,45.0,936.0,16.0,0.661,9.7,1.3,0.8,taj gibson
Tyrese Maxey,2021,61.0,935.0,14.5,0.531,23.0,-1.5,0.1,tyrese maxey
Danuel House Jr.,2021,36.0,932.0,9.1,0.525,15.3,-3.5,-0.3,danuel house
Malachi Flynn,2021,47.0,928.0,10.9,0.484,19.0,-2.6,-0.1,malachi flynn
Ish Smith,2021,44.0,924.0,11.6,0.473,15.8,-1.5,0.1,ish smith
Moses Brown,2021,43.0,920.0,18.8,0.572,16.9,-2.4,-0.1,moses brown
Trey Burke,2021,62.0,911.0,12.6,0.544,20.0,-1.8,0.0,trey burke
Damyean Dotson,2021,46.0,907.0,8.1,0.499,16.9,-4.8,-0.6,damyean dotson
Willie Cauley-Stein,2021,53.0,906.0,14.3,0.647,12.0,-1.3,0.2,willie cauley stein
Taurean Prince,2021,41.0,905.0,12.1,0.54,19.6,-1.8,0.0,taurean prince
Ben McLemore,2021,53.0,905.0,8.5,0.523,20.4,-3.9,-0.4,ben mclemore
Kira Lewis Jr.,2021,54.0,904.0,10.3,0.477,18.3,-3.4,-0.3,kira lewis
Jalen McDaniels,2021,47.0,904.0,11.4,0.554,17.0,-3.2,-0.3,jalen mcdaniels
Juancho Hernangómez,2021,52.0,900.0,12.1,0.549,17.2,-2.9,-0.2,juancho hernangomez
R.J. Hampton,2021,51.0,888.0,11.1,0.507,19.6,-3.8,-0.4,r j hampton
Jusuf Nurkić,2021,37.0,880.0,20.5,0.554,22.3,2.5,1.0,jusuf nurkic
Malik Monk,2021,42.0,878.0,13.6,0.569,23.8,-1.8,0.0,malik monk
Dario Šarić,2021,50.0,871.0,14.3,0.567,22.6,-2.0,0.0,dario saric
Sekou Doumbouya,2021,56.0,869.0,6.9,0.459,17.8,-6.7,-1.0,sekou doumbouya
Edmond Sumner,2021,53.0,861.0,12.7,0.626,18.3,-2.8,-0.2,edmond sumner
Mitchell Robinson,2021,31.0,853.0,17.7,0.642,11.8,1.2,0.7,mitchell robinson
Mike Scott,2021,51.0,852.0,6.8,0.492,11.9,-2.8,-0.2,mike scott
Cody Martin,2021,52.0,849.0,10.6,0.5,12.5,-2.0,0.0,cody martin
Willy Hernangómez,2021,47.0,846.0,19.6,0.591,17.0,0.0,0.4,willy hernangomez
Austin Rivers,2021,36.0,845.0,9.9,0.551,15.4,-1.9,0.0,austin rivers
Trevor Ariza,2021,30.0,841.0,11.9,0.542,15.1,-1.1,0.2,trevor ariza
Chasson Randle,2021,41.0,837.0,7.4,0.515,15.7,-5.9,-0.8,chasson randle
James Wiseman,2021,39.0,836.0,13.1,0.552,23.8,-5.0,-0.6,james wiseman
Kevin Porter Jr.,2021,26.0,835.0,12.5,0.528,25.4,-3.5,-0.3,kevin porter
Patrick Beverley,2021,37.0,832.0,12.0,0.58,14.6,0.7,0.6,patrick beverley
Caleb Martin,2021,53.0,818.0,9.5,0.465,16.7,-3.4,-0.3,caleb martin
Torrey Craig,2021,50.0,803.0,14.2,0.579,14.3,0.4,0.5,torrey craig
Michael Carter-Williams,2021,31.0,800.0,9.5,0.449,20.2,-4.8,-0.6,michael carter williams
Daniel Gafford,2021,54.0,791.0,22.2,0.697,16.7,2.2,0.8,daniel gafford
Eric Gordon,2021,27.0,789.0,14.4,0.577,25.2,-1.0,0.2,eric gordon
Ty Jerome,2021,33.0,788.0,13.4,0.585,18.8,-0.7,0.3,ty jerome
Al Horford,2021,28.0,782.0,17.4,0.538,21.6,3.4,1.1,al horford
Saben Lee,2021,48.0,781.0,13.8,0.536,17.0,-2.0,0.0,saben lee
Maurice Harkless,2021,37.0,772.0,8.1,0.527,11.5,-3.7,-0.3,maurice harkless
Rajon Rondo,2021,45.0,770.0,13.2,0.544,17.2,-0.2,0.4,rajon rondo
Mychal Mulder,2021,60.0,766.0,10.8,0.613,16.2,-1.8,0.0,mychal mulder
Jeremy Lamb,2021,36.0,765.0,15.8,0.587,18.4,1.4,0.7,jeremy lamb
Jaylen Nowell,2021,42.0,759.0,12.3,0.528,21.4,-2.8,-0.2,jaylen nowell
Drew Eubanks,2021,54.0,755.0,17.9,0.618,17.1,0.0,0.4,drew eubanks
Cam Reddish,2021,26.0,750.0,9.3,0.488,19.3,-3.2,-0.2,cam reddish
Frank Jackson,2021,40.0,738.0,13.2,0.598,21.3,-1.7,0.1,frank jackson
Precious Achiuwa,2021,61.0,737.0,14.2,0.55,19.5,-4.1,-0.4,precious achiuwa
Mo Bamba,2021,46.0,725.0,19.3,0.556,21.8,0.1,0.4,mo bamba
Yuta Watanabe,2021,50.0,723.0,12.2,0.565,12.7,-0.7,0.2,yuta watanabe
JJ Redick,2021,44.0,723.0,9.9,0.564,19.2,-3.5,-0.3,jj redick
Moritz Wagner,2021,45.0,722.0,12.5,0.58,18.1,-2.6,-0.1,moritz wagner
Jevon Carter,2021,60.0,717.0,12.2,0.548,15.0,0.5,0.5,jevon carter
Frank Kaminsky,2021,47.0,715.0,15.8,0.547,19.0,1.3,0.6,frank kaminsky
DeMarcus Cousins,2021,41.0,713.0,16.4,0.537,24.5,0.4,0.4,demarcus cousins
Naji Marshall,2021,32.0,700.0,11.4,0.508,16.8,-1.3,0.1,naji marshall
Eric Paschall,2021,40.0,695.0,13.4,0.561,23.5,-2.7,-0.1,eric paschall
Tyler Johnson,2021,39.0,684.0,8.2,0.546,13.3,-3.4,-0.2,tyler johnson
Tony Bradley,2021,42.0,684.0,20.7,0.678,15.8,1.3,0.6,tony bradley
Obi Toppin,2021,62.0,683.0,12.7,0.574,15.9,-0.7,0.2,obi toppin
David Nwaba,2021,30.0,679.0,14.4,0.557,16.6,-0.8,0.2,david nwaba
De'Andre Hunter,2021,23.0,678.0,15.7,0.603,20.2,1.2,0.5,de andre hunter
JaVale McGee,2021,46.0,678.0,17.0,0.541,23.9,-2.5,-0.1,javale mcgee
LaMarcus Aldridge,2021,26.0,674.0,15.7,0.556,22.2,-0.3,0.3,lamarcus aldridge
George Hill,2021,30.0,672.0,13.1,0.596,15.9,-1.2,0.1,george hill
Killian Hayes,2021,26.0,670.0,5.3,0.422,19.0,-7.2,-0.9,killian hayes
Aaron Nesmith,2021,46.0,669.0,9.4,0.573,13.7,-3.2,-0.2,aaron nesmith
Gabe Vincent,2021,50.0,655.0,7.6,0.498,19.1,-5.4,-0.6,gabe vincent
Gary Clark,2021,39.0,654.0,6.0,0.436,10.1,-4.9,-0.5,gary clark
Mike Muscala,2021,35.0,645.0,14.7,0.599,20.0,-0.1,0.3,mike muscala
Nassir Little,2021,48.0,640.0,11.6,0.589,13.8,-2.7,-0.1,nassir little
Jake Layman,2021,45.0,627.0,11.4,0.577,15.1,-2.1,0.0,jake layman
Kevin Love,2021,25.0,622.0,15.1,0.556,21.9,-0.1,0.3,kevin love
Brandon Goodwin,2021,47.0,620.0,9.2,0.471,19.5,-3.1,-0.2,brandon goodwin
Otto Porter Jr.,2021,28.0,606.0,14.5,0.552,19.3,0.0,0.3,otto porter
Avery Bradley,2021,27.0,602.0,6.3,0.487,14.9,-5.4,-0.5,avery bradley
Onyeka Okongwu,2021,50.0,601.0,16.8,0.655,14.7,-1.4,0.1,onyeka okongwu
Nemanja Bjelica,2021,37.0,595.0,12.9,0.554,18.4,-2.2,0.0,nemanja bjelica
Nic Claxton,2021,32.0,594.0,16.9,0.612,14.0,0.4,0.4,nic claxton
Patrick Patterson,2021,38.0,582.0,10.9,0.571,14.0,-0.6,0.2,patrick patterson
Justin Jackson,2021,34.0,577.0,10.4,0.516,19.8,-3.5,-0.2,justin jackson
John Konchar,2021,43.0,575.0,14.8,0.608,12.4,1.2,0.5,john konchar
Nicolò Melli,2021,45.0,566.0,7.9,0.441,12.5,-3.5,-0.2,nicolo melli
Goga Bitadze,2021,45.0,561.0,16.3,0.523,18.1,-1.0,0.1,goga bitadze
Isaiah Hartenstein,2021,46.0,559.0,17.9,0.583,19.2,-0.9,0.2,isaiah hartenstein
Gorgui Dieng,2021,38.0,552.0,19.2,0.67,17.4,3.4,0.7,gorgui dieng
Thanasis Antetokounmpo,2021,57.0,551.0,10.3,0.523,15.3,-3.5,-0.2,thanasis antetokounmpo
Damian Jones,2021,39.0,547.0,14.6,0.712,12.3,-1.4,0.1,damian jones
Hassan Whiteside,2021,36.0,546.0,19.2,0.566,23.5,-2.2,0.0,hassan whiteside
Wes Iwundu,2021,41.0,539.0,4.3,0.428,10.8,-6.3,-0.6,wes iwundu
Troy Brown Jr.,2021,34.0,524.0,8.5,0.525,14.0,-4.0,-0.3,troy brown
Armoni Brooks,2021,20.0,520.0,10.4,0.565,17.9,-3.2,-0.2,armoni brooks
Miye Oni,2021,54.0,519.0,6.4,0.517,9.8,-1.7,0.0,miye oni
Oshae Brissett,2021,21.0,519.0,17.2,0.638,15.6,0.6,0.3,oshae brissett
Dylan Windler,2021,31.0,513.0,10.8,0.567,14.8,-1.7,0.0,dylan windler
Max Strus,2021,39.0,507.0,12.1,0.597,18.3,-2.2,0.0,max strus
Justise Winslow,2021,26.0,507.0,6.2,0.395,21.9,-6.0,-0.5,justise winslow
Lamar Stevens,2021,40.0,499.0,10.5,0.521,15.8,-4.2,-0.3,lamar stevens
Jarrett Culver,2021,34.0,499.0,8.8,0.476,18.2,-5.6,-0.5,jarrett culver
DaQuan Jeffries,2021,31.0,493.0,7.9,0.514,11.9,-4.7,-0.3,daquan jeffries
Chimezie Metu,2021,36.0,488.0,14.5,0.571,20.0,-3.6,-0.2,chimezie metu
Javonte Green,2021,41.0,473.0,12.1,0.61,12.6,-0.5,0.2,javonte green
Kevin Knox,2021,42.0,464.0,9.1,0.537,16.2,-1.4,0.1,kevin knox
Ryan Arcidiacono,2021,44.0,450.0,9.8,0.541,13.1,-2.3,0.0,ryan arcidiacono
KZ Okpala,2021,37.0,447.0,5.2,0.448,11.9,-7.1,-0.6,kz okpala
Josh Green,2021,39.0,445.0,8.8,0.49,11.9,-3.6,-0.2,josh green
Langston Galloway,2021,40.0,438.0,12.1,0.605,17.3,-0.9,0.1,langston galloway
Tyler Cook,2021,32.0,438.0,12.8,0.659,13.9,-3.0,-0.1,tyler cook
Al-Farouq Aminu,2021,23.0,434.0,8.9,0.469,13.6,-3.8,-0.2,al farouq aminu
D.J. Wilson,2021,35.0,433.0,11.5,0.511,19.7,-3.3,-0.1,d j wilson
Isaac Bonga,2021,40.0,432.0,4.0,0.461,10.2,-5.8,-0.4,isaac bonga
Dennis Smith Jr.,2021,23.0,420.0,13.6,0.492,19.0,0.4,0.3,dennis smith
Anthony Lamb,2021,24.0,415.0,8.7,0.523,15.0,-6.1,-0.4,anthony lamb
Brodric Thomas,2021,32.0,399.0,8.0,0.487,16.4,-4.4,-0.2,brodric thomas
Zeke Nnaji,2021,42.0,397.0,11.3,0.615,12.9,-1.7,0.0,zeke nnaji
Amir Coffey,2021,44.0,394.0,10.1,0.585,15.1,-2.0,0.0,amir coffey
Freddie Gillespie,2021,20.0,392.0,13.4,0.563,12.2,-3.2,-0.1,freddie gillespie
E'Twaun Moore,2021,27.0,389.0,10.4,0.523,17.2,-2.9,-0.1,e twaun moore
Isaiah Joe,2021,41.0,383.0,9.5,0.533,17.4,-3.0,-0.1,isaiah joe
Glenn Robinson III,2021,23.0,369.0,9.0,0.554,14.0,-4.0,-0.2,glenn robinson
Nico Mannion,2021,30.0,364.0,9.3,0.487,18.5,-3.9,-0.2,nico mannion
Trey Lyles,2021,23.0,358.0,11.4,0.574,12.9,-1.8,0.0,trey lyles
Abdel Nader,2021,24.0,355.0,13.4,0.605,19.0,0.0,0.2,abdel nader
Harry Giles,2021,38.0,348.0,12.4,0.496,15.9,-2.9,-0.1,harry giles
Luke Kornet,2021,31.0,348.0,13.3,0.511,13.7,0.8,0.3,luke kornet
Jahlil Okafor,2021,27.0,347.0,13.1,0.644,16.8,-3.2,-0.1,jahlil okafor
Chandler Hutchison,2021,25.0,346.0,6.8,0.469,16.2,-5.6,-0.3,chandler hutchison
Josh Hall,2021,21.0,336.0,1.0,0.363,18.1,-11.9,-0.8,josh hall
Mason Jones,2021,32.0,334.0,12.1,0.556,23.0,-2.7,-0.1,mason jones
Shaquille Harrison,2021,34.0,333.0,6.8,0.416,12.9,-4.1,-0.2,shaquille harrison
Matt Thomas,2021,45.0,326.0,9.1,0.522,19.5,-4.6,-0.2,matt thomas
Kelan Martin,2021,35.0,322.0,13.9,0.551,20.9,-2.4,0.0,kelan martin
Frank Ntilikina,2021,33.0,322.0,7.7,0.512,13.6,-1.7,0.0,frank ntilikina
Jaylen Hoard,2021,19.0,320.0,13.4,0.547,16.3,-2.5,0.0,jaylen hoard
JaKarr Sampson,2021,29.0,316.0,10.9,0.533,19.0,-7.5,-0.4,jakarr sampson
Justin James,2021,36.0,310.0,11.3,0.548,19.7,-4.3,-0.2,justin james
Luka Šamanić,2021,33.0,308.0,9.8,0.518,19.5,-4.9,-0.2,luka samanic
Jerome Robinson,2021,17.0,305.0,4.1,0.4,16.7,-7.0,-0.4,jerome robinson
Trent Forrest,2021,30.0,302.0,11.2,0.554,14.3,-1.3,0.1,trent forrest
Ed Davis,2021,23.0,299.0,13.1,0.487,7.9,-2.2,0.0,ed davis
Paul Watson,2021,27.0,297.0,10.9,0.649,13.7,-1.3,0.1,paul watson
Romeo Langford,2021,18.0,283.0,5.1,0.436,11.3,-4.6,-0.2,romeo langford
Vlatko Čančar,2021,41.0,281.0,9.7,0.547,14.2,-2.6,0.0,vlatko cancar
Mfiondu Kabengele,2021,39.0,280.0,9.5,0.486,17.7,-4.3,-0.2,mfiondu kabengele
Nathan Knight,2021,33.0,279.0,13.9,0.499,21.7,-3.7,-0.1,nathan knight
Carsen Edwards,2021,31.0,276.0,10.2,0.527,19.3,-4.5,-0.2,carsen edwards
Jordan Nwora,2021,30.0,274.0,16.1,0.586,26.0,-1.1,0.1,jordan nwora
Boban Marjanović,2021,33.0,271.0,22.6,0.562,24.6,-0.8,0.1,boban marjanovic
Thomas Bryant,2021,10.0,271.0,18.7,0.704,17.2,0.9,0.2,thomas bryant
Tre Jones,2021,37.0,269.0,12.1,0.544,16.1,-3.5,-0.1,tre jones
Skylar Mays,2021,33.0,269.0,16.8,0.569,19.1,1.9,0.3,skylar mays
Alfonzo McKinnie,2021,39.0,258.0,15.5,0.604,17.8,-0.4,0.1,alfonzo mckinnie
Jaren Jackson Jr.,2021,11.0,258.0,18.0,0.551,25.9,0.1,0.1,jaren jackson
Ignas Brazdeikis,2021,13.0,249.0,9.5,0.51,17.6,-5.3,-0.2,ignas brazdeikis
Justin Patton,2021,13.0,247.0,11.6,0.488,13.0,-2.2,0.0,justin patton
Keita Bates-Diop,2021,30.0,245.0,12.0,0.518,14.8,-1.9,0.0,keita bates diop
Wenyen Gabriel,2021,21.0,241.0,9.8,0.533,14.4,-3.3,-0.1,wenyen gabriel
Tremont Waters,2021,26.0,238.0,14.6,0.541,21.4,0.3,0.1,tremont waters
Mike James,2021,13.0,236.0,11.9,0.481,22.9,-4.4,-0.1,mike james
Kyle Guy,2021,31.0,235.0,8.5,0.449,19.7,-5.8,-0.2,kyle guy
Sam Merrill,2021,30.0,233.0,11.9,0.603,15.0,-1.0,0.1,sam merrill
Chris Chiozza,2021,22.0,232.0,12.9,0.461,21.0,-0.7,0.1,chris chiozza
Bruno Fernando,2021,33.0,226.0,6.2,0.475,14.4,-6.5,-0.3,bruno fernando
Matthew Dellavedova,2021,13.0,224.0,7.3,0.312,12.4,-6.4,-0.3,matthew dellavedova
Anthony Gill,2021,26.0,218.0,13.7,0.597,14.2,-1.3,0.0,anthony gill
Sindarius Thornwell,2021,21.0,217.0,6.6,0.414,11.1,-4.7,-0.2,sindarius thornwell
Markelle Fultz,2021,8.0,215.0,12.0,0.458,26.2,-4.4,-0.1,markelle fultz
Gabriel Deck,2021,10.0,212.0,16.1,0.548,16.6,-0.4,0.1,gabriel deck
Reggie Perry,2021,26.0,211.0,11.0,0.466,20.4,-6.7,-0.2,reggie perry
Dewayne Dedmon,2021,16.0,210.0,24.5,0.735,19.3,1.7,0.2,dewayne dedmon
Markus Howard,2021,37.0,205.0,6.4,0.477,27.2,-8.7,-0.3,markus howard
Darius Miller,2021,18.0,197.0,15.9,0.685,13.2,3.6,0.3,darius miller
Jordan Bone,2021,14.0,196.0,8.9,0.519,12.6,-4.2,-0.1,jordan bone
Rodney McGruder,2021,16.0,194.0,16.1,0.619,18.1,0.7,0.1,rodney mcgruder
CJ Elleby,2021,30.0,192.0,9.4,0.468,17.4,-4.9,-0.1,cj elleby
Alize Johnson,2021,18.0,189.0,23.5,0.638,19.1,2.7,0.2,alize johnson
Killian Tillie,2021,18.0,182.0,8.5,0.461,14.8,-3.7,-0.1,killian tillie
Donta Hall,2021,13.0,179.0,22.3,0.731,14.0,1.6,0.2,donta hall
Paul Reed,2021,26.0,177.0,21.2,0.54,22.7,-1.0,0.0,paul reed
Jalen Harris,2021,13.0,172.0,15.2,0.632,22.6,0.3,0.1,jalen harris
Jabari Parker,2021,13.0,165.0,14.7,0.593,18.5,-0.9,0.0,jabari parker
Daniel Oturu,2021,30.0,161.0,12.5,0.471,18.2,-5.2,-0.1,daniel oturu
Bol Bol,2021,32.0,160.0,9.4,0.534,21.2,-4.1,-0.1,bol bol
Sean McDermott,2021,18.0,158.0,7.2,0.534,10.8,-4.3,-0.1,sean mcdermott
Quinn Cook,2021,23.0,157.0,12.7,0.531,21.8,-1.2,0.0,quinn cook
Jalen Smith,2021,27.0,156.0,8.4,0.499,17.1,-6.1,-0.2,jalen smith
Khyri Thomas,2021,5.0,153.0,21.3,0.586,21.1,2.4,0.2,khyri thomas
Charlie Brown Jr.,2021,9.0,152.0,4.1,0.422,14.9,-8.7,-0.3,charlie brown
Ersan İlyasova,2021,17.0,148.0,12.1,0.578,18.7,-0.9,0.0,ersan ilyasova
Juwan Morgan,2021,29.0,147.0,8.5,0.529,10.9,-2.3,0.0,juwan morgan
Mamadi Diakite,2021,14.0,141.0,12.3,0.477,14.6,-2.4,0.0,mamadi diakite
Jarrell Brantley,2021,28.0,138.0,16.6,0.605,19.0,2.2,0.1,jarrell brantley
Tacko Fall,2021,19.0,136.0,19.6,0.66,13.2,1.2,0.1,tacko fall
Yogi Ferrell,2021,10.0,136.0,14.4,0.459,20.7,0.2,0.1,yogi ferrell
Deividas Sirvydis,2021,20.0,133.0,5.7,0.481,15.7,-5.4,-0.1,deividas sirvydis
Rodions Kurucs,2021,21.0,125.0,6.3,0.459,15.9,-4.6,-0.1,rodions kurucs
Dakota Mathias,2021,8.0,123.0,9.8,0.474,18.1,-2.6,0.0,dakota mathias
Quinndary Weatherspoon,2021,20.0,121.0,9.6,0.547,18.7,-5.0,-0.1,quinndary weatherspoon
T.J. Warren,2021,4.0,117.0,11.6,0.56,21.6,-5.5,-0.1,t j warren
Danté Exum,2021,6.0,116.0,5.9,0.428,12.7,-3.8,-0.1,dante exum
Vernon Carey Jr.,2021,19.0,115.0,11.7,0.563,17.2,-6.1,-0.1,vernon carey
Rondae Hollis-Jefferson,2021,11.0,107.0,14.4,0.539,10.9,0.1,0.1,rondae hollis jefferson
Robert Franks,2021,7.0,101.0,16.5,0.638,15.3,-0.2,0.0,robert franks
Anthony Tolliver,2021,11.0,99.0,4.0,0.433,9.8,-7.0,-0.1,anthony tolliver
Cassius Winston,2021,22.0,98.0,10.8,0.575,17.2,-3.2,0.0,cassius winston
Devontae Cacok,2021,20.0,98.0,17.2,0.576,17.2,-1.0,0.0,devontae cacok
Jahmi'us Ramsey,2021,13.0,94.0,10.5,0.498,19.8,-4.5,-0.1,jahmi us ramsey
Cassius Stanley,2021,24.0,93.0,5.5,0.383,22.0,-11.2,-0.2,cassius stanley
Nate Hinton,2021,21.0,93.0,10.4,0.442,24.4,-3.4,0.0,nate hinton
Chris Silva,2021,15.0,92.0,11.5,0.708,15.9,-5.5,-0.1,chris silva
Karim Mané,2021,10.0,88.0,1.3,0.362,8.9,-9.9,-0.2,karim mane
Justin Robinson,2021,9.0,88.0,6.0,0.453,12.2,-6.8,-0.1,justin robinson
Cameron Oliver,2021,4.0,87.0,17.2,0.619,18.5,-2.0,0.0,cameron oliver
Louis King,2021,6.0,85.0,21.2,0.6,20.6,4.9,0.1,louis king
Cristiano Felício,2021,18.0,84.0,14.7,0.574,12.4,0.1,0.0,cristiano felicio
Alen Smailagić,2021,15.0,84.0,8.9,0.472,17.6,-5.3,-0.1,alen smailagic
Jay Scrubb,2021,4.0,84.0,6.3,0.458,23.8,-10.9,-0.2,jay scrubb
Norvel Pelle,2021,13.0,84.0,11.6,0.567,10.8,-2.6,0.0,norvel pelle
Jordan Bell,2021,6.0,82.0,8.0,0.328,13.6,-5.8,-0.1,jordan bell
Jared Dudley,2021,12.0,81.0,4.4,0.333,5.9,-3.5,0.0,jared dudley
Frank Mason III,2021,4.0,79.0,7.5,0.462,17.5,-7.7,-0.1,frank mason
Thon Maker,2021,8.0,76.0,18.6,0.657,14.8,0.7,0.1,thon maker
Keljin Blevins,2021,17.0,75.0,-0.9,0.3,14.3,-10.7,-0.2,keljin blevins
Jeremiah Martin,2021,9.0,75.0,1.4,0.313,23.9,-9.5,-0.1,jeremiah martin
Devin Cannady,2021,8.0,74.0,11.2,0.547,19.3,-3.1,0.0,devin cannady
Tyler Bey,2021,18.0,71.0,5.9,0.372,16.9,-9.5,-0.1,tyler bey
Rayjon Tucker,2021,14.0,68.0,15.1,0.645,19.2,-3.4,0.0,rayjon tucker
Elijah Hughes,2021,18.0,64.0,8.4,0.488,25.4,-2.8,0.0,elijah hughes
Spencer Dinwiddie,2021,3.0,64.0,10.1,0.536,16.1,0.2,0.0,spencer dinwiddie
Nick Richards,2021,18.0,63.0,5.5,0.542,11.5,-8.0,-0.1,nick richards
Andre Roberson,2021,5.0,63.0,4.2,0.202,11.7,-6.1,-0.1,andre roberson
Tim Frazier,2021,5.0,62.0,-0.5,0.177,18.1,-11.9,-0.2,tim frazier
Axel Toupane,2021,8.0,61.0,9.0,0.497,9.7,-3.0,0.0,axel toupane
Udoka Azubuike,2021,15.0,57.0,10.3,0.597,12.4,-3.8,0.0,udoka azubuike
Kostas Antetokounmpo,2021,15.0,56.0,0.0,0.382,20.7,-12.6,-0.1,kostas antetokounmpo
Adam Mokoka,2021,14.0,56.0,2.2,0.386,18.9,-9.3,-0.1,adam mokoka
Tyrell Terry,2021,11.0,56.0,6.0,0.318,15.3,-5.0,0.0,tyrell terry
Didi Louzada,2021,3.0,56.0,-0.9,0.308,12.0,-9.6,-0.1,didi louzada
Jontay Porter,2021,11.0,54.0,9.2,0.64,18.9,-6.5,-0.1,jontay porter
Devon Dotson,2021,11.0,50.0,19.3,0.548,18.2,2.1,0.1,devon dotson
Terrance Ferguson,2021,13.0,49.0,-7.1,0.143,9.7,-14.3,-0.2,terrance ferguson
James Nunnally,2021,9.0,48.0,8.3,0.54,13.9,-2.7,0.0,james nunnally
Isaiah Thomas,2021,3.0,48.0,2.4,0.412,29.7,-13.1,-0.1,isaiah thomas
Ty-Shon Alexander,2021,15.0,47.0,4.2,0.349,15.0,-6.5,-0.1,ty shon alexander
Robert Woodard II,2021,13.0,45.0,12.5,0.425,23.4,-5.3,0.0,robert woodard
Kris Dunn,2021,4.0,45.0,-5.7,0.182,16.2,-13.7,-0.1,kris dunn
Gary Payton II,2021,10.0,40.0,29.2,0.847,16.8,9.2,0.1,gary payton
Cameron Reynolds,2021,5.0,40.0,6.5,0.417,19.2,-8.1,-0.1,cameron reynolds
Vincent Poirier,2021,10.0,39.0,1.6,0.273,20.6,-14.8,-0.1,vincent poirier
Henry Ellenson,2021,2.0,38.0,12.8,0.476,17.9,-1.8,0.0,henry ellenson
Bruno Caboclo,2021,6.0,36.0,9.0,0.475,25.8,-10.1,-0.1,bruno caboclo
Anderson Varejão,2021,5.0,36.0,12.9,0.326,25.4,-7.1,0.0,anderson varejao
T.J. Leaf,2021,7.0,35.0,11.2,0.551,15.8,-3.0,0.0,t j leaf
Theo Pinson,2021,17.0,34.0,-8.1,0.111,13.1,-15.7,-0.1,theo pinson
Patrick McCaw,2021,5.0,33.0,12.0,1.078,3.0,0.9,0.0,patrick mccaw
Elijah Bryant,2021,1.0,32.0,10.6,0.559,24.0,-7.3,0.0,elijah bryant
Marques Bolden,2021,6.0,29.0,13.3,0.537,12.8,-3.0,0.0,marques bolden
Amida Brimah,2021,5.0,29.0,16.6,0.697,19.6,-4.8,0.0,amida brimah
Meyers Leonard,2021,3.0,29.0,6.6,0.635,15.4,-3.7,0.0,meyers leonard
Grant Riller,2021,7.0,27.0,23.6,0.75,20.7,5.1,0.0,grant riller
Marquese Chriss,2021,2.0,27.0,11.8,0.412,28.1,-2.1,0.0,marquese chriss
Nate Darling,2021,7.0,26.0,8.2,0.541,15.4,-4.0,0.0,nate darling
Ray Spalding,2021,2.0,19.0,0.8,0.41,17.6,-14.3,-0.1,ray spalding
Jaylen Adams,2021,7.0,18.0,-6.5,0.125,18.6,-19.8,-0.1,jaylen adams
Jared Harper,2021,8.0,16.0,-10.8,0.26,24.4,-22.1,-0.1,jared harper
Brian Bowen,2021,6.0,15.0,1.0,0.338,12.6,-11.0,0.0,brian bowen
Jalen Lecque,2021,4.0,12.0,4.7,0.242,36.6,-13.0,0.0,jalen lecque
Greg Whittington,2021,4.0,12.0,-10.2,0.0,10.9,-17.2,0.0,greg whittington
Noah Vonleh,2021,4.0,11.0,-19.0,0.0,19.8,-26.3,-0.1,noah vonleh
Malik Fitts,2021,3.0,11.0,2.9,0.5,12.1,-9.1,0.0,malik fitts
Iman Shumpert,2021,2.0,11.0,-0.4,0.25,19.8,-12.6,0.0,iman shumpert
Anžejs Pasečņiks,2021,1.0,6.0,-40.6,0.0,41.4,-46.6,-0.1,anzejs pasecniks
Ashton Hagans,2021,2.0,4.0,-12.4,,10.5,-21.1,0.0,ashton hagans
Udonis Haslem,2021,1.0,3.0,54.6,1.0,30.1,31.1,0.0,udonis haslem
Will Magnay,2021,1.0,3.0,-35.1,0.0,28.0,-39.3,0.0,will magnay
Mikal Bridges,2022,82.0,2854.0,14.4,0.627,15.0,1.6,2.6,mikal bridges
Miles Bridges,2022,80.0,2837.0,17.9,0.593,22.6,1.5,2.5,miles bridges
DeMar DeRozan,2022,76.0,2743.0,23.1,0.59,31.8,2.5,3.1,demar derozan
Jayson Tatum,2022,76.0,2731.0,21.8,0.578,32.1,5.0,4.8,jayson tatum
Saddiq Bey,2022,82.0,2704.0,14.0,0.529,21.3,-0.3,1.2,saddiq bey
Tyrese Haliburton,2022,77.0,2695.0,18.2,0.595,19.0,2.6,3.1,tyrese haliburton
Russell Westbrook,2022,78.0,2678.0,15.0,0.512,27.3,-1.6,0.2,russell westbrook
Trae Young,2022,76.0,2652.0,25.4,0.603,34.4,5.2,4.8,trae young
Tyrese Maxey,2022,75.0,2650.0,16.2,0.594,20.2,0.6,1.8,tyrese maxey
Dorian Finney-Smith,2022,80.0,2644.0,12.5,0.604,13.8,0.8,1.9,dorian finney smith
Scottie Barnes,2022,74.0,2617.0,16.3,0.552,19.0,0.9,1.9,scottie barnes
Harrison Barnes,2022,77.0,2580.0,15.7,0.623,18.8,0.2,1.4,harrison barnes
Pascal Siakam,2022,68.0,2578.0,20.3,0.565,25.8,3.5,3.6,pascal siakam
Julius Randle,2022,72.0,2544.0,15.7,0.509,28.7,0.5,1.6,julius randle
Tobias Harris,2022,73.0,2543.0,15.9,0.566,21.7,0.0,1.3,tobias harris
Jalen Brunson,2022,79.0,2524.0,17.1,0.583,21.9,0.9,1.9,jalen brunson
Buddy Hield,2022,81.0,2499.0,12.9,0.548,22.4,-1.2,0.5,buddy hield
Nikola Jokić,2022,74.0,2476.0,32.8,0.661,31.9,13.7,9.8,nikola jokic
Karl-Anthony Towns,2022,74.0,2476.0,24.1,0.64,27.8,5.0,4.4,karl anthony towns
Anthony Edwards,2022,72.0,2466.0,16.5,0.56,26.4,1.2,2.0,anthony edwards
Fred VanVleet,2022,65.0,2462.0,17.3,0.552,23.7,3.6,3.5,fred vanvleet
Terry Rozier,2022,73.0,2458.0,17.6,0.566,23.2,1.7,2.3,terry rozier
Gary Trent Jr.,2022,70.0,2448.0,14.7,0.546,21.8,0.2,1.3,gary trent
Darius Garland,2022,68.0,2430.0,19.0,0.576,27.8,2.6,2.8,darius garland
Franz Wagner,2022,79.0,2429.0,14.7,0.559,21.2,-0.7,0.8,franz wagner
LaMelo Ball,2022,75.0,2422.0,19.7,0.554,28.2,3.4,3.3,lamelo ball
James Harden,2022,65.0,2419.0,20.9,0.583,27.2,4.0,3.7,james harden
Nikola Vučević,2022,73.0,2418.0,18.2,0.533,24.5,0.9,1.8,nikola vucevic
RJ Barrett,2022,70.0,2417.0,13.7,0.511,27.6,-1.6,0.2,rj barrett
Royce O'Neale,2022,77.0,2406.0,10.3,0.608,9.9,0.8,1.7,royce o neale
Keldon Johnson,2022,75.0,2392.0,15.2,0.574,21.3,-0.5,0.9,keldon johnson
Aaron Gordon,2022,75.0,2376.0,15.3,0.602,19.7,-0.6,0.9,aaron gordon
Dejounte Murray,2022,68.0,2366.0,22.3,0.533,27.3,5.4,4.4,dejounte murray
Evan Fournier,2022,80.0,2358.0,12.3,0.554,20.8,-0.7,0.7,evan fournier
Patty Mills,2022,81.0,2346.0,10.4,0.563,16.4,-1.7,0.2,patty mills
Devin Booker,2022,68.0,2345.0,21.3,0.576,32.0,4.1,3.6,devin booker
Reggie Jackson,2022,75.0,2337.0,12.1,0.488,27.6,-3.0,-0.6,reggie jackson
Herbert Jones,2022,78.0,2335.0,12.3,0.573,13.7,-0.5,0.9,herbert jones
Evan Mobley,2022,69.0,2331.0,16.1,0.549,20.4,0.6,1.5,evan mobley
Andrew Wiggins,2022,73.0,2330.0,15.0,0.56,23.1,0.4,1.4,andrew wiggins
Kentavious Caldwell-Pope,2022,77.0,2329.0,12.6,0.568,19.0,-1.5,0.3,kentavious caldwell pope
Zach LaVine,2022,67.0,2328.0,20.0,0.605,28.8,2.4,2.6,zach lavine
Alec Burks,2022,81.0,2318.0,13.7,0.559,17.7,0.8,1.7,alec burks
Terance Mann,2022,81.0,2317.0,13.4,0.572,16.0,-0.6,0.8,terance mann
Luka Dončić,2022,65.0,2301.0,25.1,0.571,37.4,8.2,5.9,luka doncic
Joel Embiid,2022,68.0,2297.0,31.2,0.616,37.2,9.2,6.5,joel embiid
Marcus Smart,2022,71.0,2296.0,13.6,0.54,18.3,0.5,1.5,marcus smart
Jordan Poole,2022,76.0,2283.0,16.1,0.598,26.0,1.0,1.7,jordan poole
Will Barton,2022,71.0,2277.0,13.4,0.548,20.8,-0.5,0.9,will barton
Desmond Bane,2022,76.0,2266.0,17.6,0.592,23.1,2.7,2.7,desmond bane
Donovan Mitchell,2022,67.0,2266.0,21.6,0.572,32.9,4.3,3.6,donovan mitchell
Jonas Valančiūnas,2022,74.0,2240.0,21.2,0.617,23.8,1.9,2.2,jonas valanciunas
Monte Morris,2022,75.0,2239.0,14.7,0.583,17.4,0.0,1.1,monte morris
Jaylen Brown,2022,66.0,2220.0,18.9,0.574,30.5,2.1,2.2,jaylen brown
Stephen Curry,2022,64.0,2211.0,21.4,0.601,30.8,5.8,4.4,stephen curry
Jrue Holiday,2022,67.0,2208.0,19.8,0.593,23.5,3.2,2.9,jrue holiday
Giannis Antetokounmpo,2022,67.0,2204.0,32.1,0.633,34.9,11.2,7.4,giannis antetokounmpo
Kyle Kuzma,2022,66.0,2204.0,15.2,0.547,24.2,-0.2,1.0,kyle kuzma
Derrick White,2022,75.0,2199.0,14.8,0.549,19.9,0.9,1.6,derrick white
Kevin Huerter,2022,74.0,2188.0,11.9,0.57,17.5,-1.2,0.4,kevin huerter
Devonte' Graham,2022,76.0,2162.0,12.1,0.514,19.5,-1.0,0.5,devonte graham
Tyler Herro,2022,66.0,2151.0,16.2,0.561,28.8,0.7,1.5,tyler herro
CJ McCollum,2022,62.0,2145.0,18.3,0.553,27.5,1.9,2.1,cj mccollum
Jordan Clarkson,2022,79.0,2141.0,14.9,0.532,26.8,-0.6,0.7,jordan clarkson
Khris Middleton,2022,66.0,2141.0,18.1,0.577,26.7,1.6,1.9,khris middleton
Malik Monk,2022,76.0,2139.0,14.4,0.597,20.1,-0.5,0.8,malik monk
Chris Paul,2022,65.0,2139.0,20.8,0.581,19.7,5.4,4.0,chris paul
Jalen Green,2022,67.0,2138.0,12.5,0.547,23.7,-2.9,-0.5,jalen green
Domantas Sabonis,2022,62.0,2136.0,21.9,0.637,22.3,4.1,3.2,domantas sabonis
Seth Curry,2022,64.0,2135.0,13.7,0.615,18.5,-0.6,0.8,seth curry
Kyle Lowry,2022,63.0,2133.0,15.0,0.6,18.2,2.0,2.1,kyle lowry
Bojan Bogdanović,2022,69.0,2131.0,15.7,0.599,23.7,0.0,1.1,bojan bogdanovic
Jaren Jackson Jr.,2022,78.0,2126.0,17.0,0.535,25.4,-0.1,1.0,jaren jackson
Rudy Gobert,2022,66.0,2120.0,24.7,0.732,16.9,4.6,3.6,rudy gobert
Ayo Dosunmu,2022,77.0,2110.0,11.2,0.596,14.1,-2.0,0.0,ayo dosunmu
Christian Wood,2022,68.0,2094.0,19.1,0.595,23.3,1.6,1.9,christian wood
Cade Cunningham,2022,64.0,2088.0,13.1,0.504,27.5,-1.6,0.2,cade cunningham
De'Aaron Fox,2022,59.0,2084.0,17.4,0.549,29.1,-0.6,0.7,de aaron fox
LeBron James,2022,56.0,2084.0,26.2,0.619,32.3,7.7,5.1,lebron james
D'Angelo Russell,2022,65.0,2077.0,16.3,0.544,25.1,0.8,1.4,d angelo russell
Davion Mitchell,2022,75.0,2076.0,10.8,0.489,20.6,-3.8,-0.9,davion mitchell
Cole Anthony,2022,65.0,2059.0,13.5,0.519,25.1,-1.2,0.4,cole anthony
Mike Conley,2022,72.0,2058.0,17.2,0.572,20.9,3.1,2.7,mike conley
Justin Holiday,2022,74.0,2057.0,9.5,0.543,15.8,-2.2,-0.1,justin holiday
Jae'Sean Tate,2022,78.0,2056.0,14.3,0.567,19.6,-1.8,0.1,jae sean tate
Kevin Durant,2022,55.0,2047.0,25.6,0.634,31.2,7.2,4.8,kevin durant
Duncan Robinson,2022,79.0,2043.0,10.6,0.573,17.7,-0.6,0.7,duncan robinson
Clint Capela,2022,74.0,2042.0,21.4,0.604,15.5,2.0,2.1,clint capela
Bobby Portis,2022,72.0,2028.0,17.7,0.571,21.3,0.2,1.1,bobby portis
Al Horford,2022,69.0,2005.0,16.7,0.574,14.8,4.3,3.2,al horford
Steven Adams,2022,76.0,1999.0,17.6,0.56,12.0,2.0,2.0,steven adams
Kelly Oubre Jr.,2022,76.0,1999.0,14.9,0.56,23.0,-1.4,0.3,kelly oubre
Deni Avdija,2022,82.0,1984.0,11.6,0.536,16.3,-1.7,0.1,deni avdija
P.J. Tucker,2022,71.0,1981.0,11.3,0.593,11.7,0.6,1.3,p j tucker
Isaac Okoro,2022,67.0,1981.0,10.4,0.589,12.4,-1.7,0.1,isaac okoro
Spencer Dinwiddie,2022,67.0,1980.0,15.1,0.543,21.4,0.3,1.1,spencer dinwiddie
Malik Beasley,2022,79.0,1976.0,11.9,0.544,19.4,-0.7,0.7,malik beasley
Jakob Poeltl,2022,68.0,1970.0,20.8,0.613,18.3,1.6,1.7,jakob poeltl
Shai Gilgeous-Alexander,2022,56.0,1942.0,20.9,0.557,30.8,3.4,2.7,shai gilgeous alexander
Robert Covington,2022,71.0,1940.0,12.4,0.572,13.5,0.2,1.1,robert covington
Devin Vassell,2022,71.0,1937.0,13.3,0.54,18.9,-0.5,0.7,devin vassell
Jimmy Butler,2022,57.0,1931.0,23.6,0.592,26.5,6.3,4.0,jimmy butler
Darius Bazley,2022,69.0,1924.0,12.6,0.515,18.3,-1.8,0.1,darius bazley
Luke Kennard,2022,70.0,1919.0,13.3,0.619,16.8,0.5,1.2,luke kennard
Kevin Porter Jr.,2022,61.0,1907.0,13.5,0.531,24.1,-1.6,0.2,kevin porter
Reggie Bullock,2022,68.0,1902.0,9.2,0.558,13.3,-1.4,0.3,reggie bullock
Ja Morant,2022,57.0,1889.0,24.4,0.575,33.7,6.1,3.9,ja morant
Jae Crowder,2022,67.0,1886.0,11.3,0.541,14.6,1.1,1.5,jae crowder
Jarred Vanderbilt,2022,74.0,1880.0,15.3,0.612,10.9,0.2,1.1,jarred vanderbilt
Lauri Markkanen,2022,61.0,1878.0,14.7,0.582,19.5,0.4,1.1,lauri markkanen
Grant Williams,2022,77.0,1875.0,11.2,0.635,12.6,-0.4,0.8,grant williams
Brandon Ingram,2022,55.0,1869.0,18.7,0.554,29.3,2.0,1.9,brandon ingram
Cody Martin,2022,71.0,1866.0,12.7,0.579,12.1,-0.5,0.7,cody martin
Ivica Zubac,2022,76.0,1852.0,19.2,0.66,16.8,0.7,1.3,ivica zubac
Wendell Carter Jr.,2022,62.0,1852.0,18.4,0.601,20.9,1.6,1.7,wendell carter
Jeff Green,2022,75.0,1849.0,12.5,0.627,16.3,-2.5,-0.2,jeff green
Mitchell Robinson,2022,72.0,1848.0,20.7,0.722,11.4,2.2,2.0,mitchell robinson
Bogdan Bogdanović,2022,63.0,1848.0,15.4,0.562,21.6,1.3,1.5,bogdan bogdanovic
Dennis Schröder,2022,64.0,1837.0,13.0,0.539,22.6,-1.9,0.0,dennis schroder
Bam Adebayo,2022,56.0,1825.0,21.8,0.608,25.0,3.8,2.7,bam adebayo
Mo Bamba,2022,71.0,1824.0,16.5,0.582,17.2,0.7,1.2,mo bamba
Isaiah Stewart,2022,71.0,1816.0,14.0,0.55,14.6,-3.3,-0.6,isaiah stewart
Jarrett Allen,2022,56.0,1810.0,23.0,0.698,18.1,3.9,2.7,jarrett allen
Grayson Allen,2022,66.0,1805.0,12.7,0.609,15.2,0.4,1.1,grayson allen
Robert Williams,2022,61.0,1804.0,22.1,0.745,11.5,5.5,3.4,robert williams
Jaden McDaniels,2022,70.0,1803.0,10.3,0.553,15.3,-2.9,-0.4,jaden mcdaniels
Immanuel Quickley,2022,78.0,1802.0,14.6,0.543,22.2,0.2,1.0,immanuel quickley
Corey Kispert,2022,77.0,1801.0,10.9,0.586,14.6,-2.3,-0.1,corey kispert
Dwight Powell,2022,82.0,1798.0,18.1,0.725,14.0,0.9,1.3,dwight powell
Mason Plumlee,2022,73.0,1793.0,14.7,0.603,11.7,0.0,0.9,mason plumlee
Carmelo Anthony,2022,69.0,1793.0,14.8,0.579,20.4,-0.5,0.7,carmelo anthony
Josh Hart,2022,54.0,1791.0,16.1,0.61,18.6,0.9,1.3,josh hart
Caris LeVert,2022,58.0,1781.0,15.1,0.525,25.4,-1.2,0.4,caris levert
Bruce Brown,2022,72.0,1774.0,15.0,0.575,15.0,0.7,1.2,bruce brown
P.J. Washington,2022,65.0,1768.0,13.6,0.588,15.6,-0.1,0.9,p j washington
Chuma Okeke,2022,70.0,1749.0,12.0,0.501,16.4,-0.1,0.8,chuma okeke
Georges Niang,2022,76.0,1736.0,10.7,0.594,16.8,-1.9,0.0,georges niang
Kevon Looney,2022,82.0,1732.0,15.7,0.586,12.2,0.9,1.3,kevon looney
Cameron Johnson,2022,66.0,1730.0,15.2,0.625,17.5,2.7,2.1,cameron johnson
Gary Harris,2022,61.0,1730.0,10.9,0.571,16.4,-2.4,-0.2,gary harris
OG Anunoby,2022,48.0,1728.0,14.8,0.549,20.5,0.5,1.1,og anunoby
Precious Achiuwa,2022,73.0,1725.0,12.7,0.503,18.5,-2.6,-0.2,precious achiuwa
Deandre Ayton,2022,58.0,1713.0,21.9,0.656,21.4,2.8,2.1,deandre ayton
Garrison Mathews,2022,65.0,1712.0,11.0,0.602,14.4,-2.3,-0.1,garrison mathews
Josh Giddey,2022,54.0,1700.0,13.3,0.478,22.2,-0.9,0.5,josh giddey
Pat Connaughton,2022,65.0,1691.0,13.4,0.62,14.0,1.2,1.4,pat connaughton
Chris Boucher,2022,80.0,1690.0,17.9,0.57,17.8,0.1,0.9,chris boucher
Matisse Thybulle,2022,66.0,1685.0,11.2,0.594,9.5,1.1,1.3,matisse thybulle
Anfernee Simons,2022,57.0,1681.0,15.3,0.583,24.8,-0.7,0.5,anfernee simons
Coby White,2022,61.0,1675.0,12.6,0.564,19.8,-2.1,0.0,coby white
Danilo Gallinari,2022,66.0,1672.0,14.3,0.579,18.4,-0.2,0.8,danilo gallinari
Eric Gordon,2022,57.0,1670.0,12.1,0.614,18.6,-2.3,-0.1,eric gordon
Kevin Love,2022,74.0,1665.0,19.6,0.594,25.1,4.5,2.7,kevin love
Luguentz Dort,2022,51.0,1665.0,12.3,0.541,23.3,-2.3,-0.1,luguentz dort
John Collins,2022,54.0,1663.0,18.7,0.61,20.5,1.5,1.5,john collins
De'Anthony Melton,2022,73.0,1657.0,15.2,0.529,21.3,1.9,1.6,de anthony melton
KJ Martin,2022,79.0,1656.0,14.3,0.603,16.3,-1.2,0.4,kj martin
Killian Hayes,2022,66.0,1647.0,9.3,0.461,15.7,-3.5,-0.6,killian hayes
Montrezl Harrell,2022,71.0,1641.0,23.2,0.68,20.2,3.9,2.4,montrezl harrell
Lonnie Walker IV,2022,70.0,1612.0,12.3,0.512,23.6,-2.5,-0.2,lonnie walker
Cory Joseph,2022,65.0,1600.0,11.4,0.579,14.3,-2.1,0.0,cory joseph
Josh Richardson,2022,65.0,1600.0,12.8,0.573,17.6,0.1,0.9,josh richardson
Torrey Craig,2022,78.0,1596.0,11.0,0.556,14.3,-1.8,0.1,torrey craig
Gabe Vincent,2022,68.0,1589.0,10.6,0.551,17.8,-1.4,0.2,gabe vincent
Max Strus,2022,68.0,1587.0,12.7,0.614,18.1,0.9,1.2,max strus
Jusuf Nurkić,2022,56.0,1579.0,20.0,0.586,23.6,0.3,0.9,jusuf nurkic
De'Andre Hunter,2022,53.0,1577.0,10.6,0.547,19.9,-3.9,-0.8,de andre hunter
Amir Coffey,2022,69.0,1567.0,13.0,0.598,15.8,-0.3,0.7,amir coffey
Oshae Brissett,2022,67.0,1564.0,12.9,0.53,17.3,-2.2,-0.1,oshae brissett
Marcus Morris,2022,54.0,1564.0,13.7,0.549,23.2,-1.4,0.3,marcus morris
Gordon Hayward,2022,49.0,1564.0,15.1,0.57,20.7,-0.7,0.5,gordon hayward
Tyus Jones,2022,73.0,1549.0,16.5,0.544,16.6,1.7,1.4,tyus jones
Chris Duarte,2022,55.0,1541.0,12.3,0.537,21.1,-2.3,-0.1,chris duarte
Trey Lyles,2022,75.0,1537.0,16.4,0.588,20.7,-0.3,0.7,trey lyles
Javonte Green,2022,65.0,1519.0,14.0,0.637,11.5,0.1,0.8,javonte green
Talen Horton-Tucker,2022,60.0,1511.0,11.0,0.503,19.2,-3.3,-0.5,talen horton tucker
Jerami Grant,2022,47.0,1500.0,16.1,0.556,25.7,1.2,1.2,jerami grant
Alperen Şengün,2022,72.0,1489.0,16.0,0.552,22.0,-1.0,0.4,alperen sengun
Kyle Anderson,2022,69.0,1484.0,14.4,0.506,16.2,1.2,1.2,kyle anderson
Kristaps Porziņģis,2022,51.0,1481.0,23.7,0.577,29.5,3.9,2.2,kristaps porzingis
Austin Rivers,2022,67.0,1480.0,7.2,0.546,12.6,-3.8,-0.7,austin rivers
Patrick Beverley,2022,58.0,1476.0,14.8,0.539,16.1,2.7,1.7,patrick beverley
Nickeil Alexander-Walker,2022,65.0,1466.0,10.5,0.475,24.1,-2.9,-0.3,nickeil alexander walker
Nicolas Batum,2022,59.0,1463.0,13.5,0.608,13.3,2.3,1.6,nicolas batum
Cedi Osman,2022,66.0,1462.0,13.3,0.563,21.1,0.2,0.8,cedi osman
Norman Powell,2022,45.0,1458.0,16.3,0.603,23.1,-0.3,0.6,norman powell
Delon Wright,2022,77.0,1452.0,13.8,0.576,10.3,2.2,1.6,delon wright
Maxi Kleber,2022,59.0,1450.0,11.0,0.537,13.3,-0.4,0.6,maxi kleber
Terrence Ross,2022,63.0,1448.0,10.0,0.515,20.5,-3.7,-0.6,terrence ross
Daniel Gafford,2022,72.0,1444.0,21.8,0.708,16.7,1.6,1.3,daniel gafford
Bradley Beal,2022,40.0,1439.0,17.5,0.539,30.8,0.8,1.0,bradley beal
Landry Shamet,2022,69.0,1437.0,10.2,0.55,16.8,-1.2,0.3,landry shamet
Andre Drummond,2022,73.0,1437.0,21.0,0.574,19.0,1.3,1.2,andre drummond
Austin Reaves,2022,61.0,1418.0,11.5,0.6,12.4,-1.9,0.0,austin reaves
Furkan Korkmaz,2022,67.0,1414.0,10.2,0.502,17.6,-3.1,-0.4,furkan korkmaz
Avery Bradley,2022,62.0,1406.0,7.8,0.55,12.1,-3.6,-0.6,avery bradley
Anthony Davis,2022,40.0,1404.0,23.9,0.578,27.1,3.8,2.0,anthony davis
R.J. Hampton,2022,64.0,1402.0,8.5,0.481,18.4,-4.1,-0.7,r j hampton
Jaxson Hayes,2022,70.0,1398.0,18.5,0.68,16.4,0.2,0.8,jaxson hayes
Otto Porter Jr.,2022,63.0,1396.0,15.9,0.581,15.0,3.1,1.8,otto porter
Raul Neto,2022,70.0,1372.0,12.4,0.538,18.4,-2.9,-0.4,raul neto
Caleb Martin,2022,60.0,1372.0,14.8,0.611,16.3,1.1,1.1,caleb martin
Tre Mann,2022,60.0,1367.0,10.2,0.501,22.0,-4.4,-0.8,tre mann
Eric Bledsoe,2022,54.0,1361.0,12.5,0.514,20.5,-0.8,0.4,eric bledsoe
Danny Green,2022,62.0,1353.0,9.5,0.561,12.3,-0.5,0.5,danny green
Ziaire Williams,2022,62.0,1346.0,9.7,0.559,14.9,-3.0,-0.3,ziaire williams
Josh Christopher,2022,74.0,1334.0,12.2,0.534,21.1,-3.5,-0.5,josh christopher
Draymond Green,2022,46.0,1329.0,14.3,0.582,14.3,3.2,1.8,draymond green
Bones Hyland,2022,69.0,1310.0,14.4,0.558,23.8,-0.4,0.5,bones hyland
Jalen Suggs,2022,48.0,1307.0,8.6,0.455,25.3,-5.6,-1.2,jalen suggs
John Konchar,2022,72.0,1292.0,14.0,0.615,9.9,1.5,1.2,john konchar
Bryn Forbes,2022,75.0,1286.0,11.5,0.574,21.2,-2.9,-0.3,bryn forbes
Ben McLemore,2022,64.0,1285.0,11.7,0.567,21.3,-3.2,-0.4,ben mclemore
Chimezie Metu,2022,60.0,1279.0,13.4,0.546,18.5,-1.5,0.2,chimezie metu
Cameron Payne,2022,58.0,1278.0,13.8,0.5,24.6,0.0,0.7,cameron payne
Hamidou Diallo,2022,58.0,1269.0,15.7,0.541,21.8,-0.5,0.5,hamidou diallo
Damion Lee,2022,63.0,1256.0,10.9,0.561,15.8,-2.0,0.0,damion lee
George Hill,2022,54.0,1253.0,10.2,0.552,11.7,-1.6,0.1,george hill
Gary Payton II,2022,71.0,1248.0,17.8,0.679,14.3,3.7,1.8,gary payton
Brandon Clarke,2022,64.0,1246.0,23.7,0.66,17.7,4.2,2.0,brandon clarke
Tim Hardaway Jr.,2022,42.0,1245.0,12.7,0.52,22.0,-0.2,0.6,tim hardaway
Drew Eubanks,2022,71.0,1245.0,18.0,0.638,17.5,-1.4,0.2,drew eubanks
Myles Turner,2022,42.0,1235.0,17.4,0.615,17.1,1.4,1.1,myles turner
Aleksej Pokusevski,2022,61.0,1233.0,12.0,0.485,20.0,-2.6,-0.2,aleksej pokusevski
Obi Toppin,2022,72.0,1230.0,18.3,0.614,20.8,2.0,1.2,obi toppin
Doug McDermott,2022,51.0,1223.0,11.4,0.593,18.3,-2.5,-0.1,doug mcdermott
Isaiah Hartenstein,2022,68.0,1216.0,22.0,0.664,18.4,4.5,2.0,isaiah hartenstein
Naz Reid,2022,77.0,1215.0,17.2,0.588,21.4,0.0,0.6,naz reid
Lonzo Ball,2022,35.0,1212.0,14.5,0.575,17.4,2.5,1.4,lonzo ball
Aaron Wiggins,2022,50.0,1209.0,10.3,0.556,15.3,-4.3,-0.7,aaron wiggins
Malcolm Brogdon,2022,36.0,1206.0,18.0,0.557,24.6,2.3,1.3,malcolm brogdon
James Johnson,2022,62.0,1191.0,10.3,0.513,13.7,-2.2,-0.1,james johnson
Jonathan Kuminga,2022,70.0,1185.0,15.2,0.6,22.7,-1.5,0.1,jonathan kuminga
Jordan Nwora,2022,62.0,1185.0,9.9,0.506,19.4,-4.1,-0.6,jordan nwora
Facundo Campazzo,2022,65.0,1184.0,11.1,0.503,14.7,-0.8,0.4,facundo campazzo
Shake Milton,2022,55.0,1179.0,11.9,0.517,18.3,-2.2,-0.1,shake milton
Taurean Prince,2022,69.0,1177.0,12.4,0.589,17.0,-0.9,0.3,taurean prince
Cam Thomas,2022,67.0,1176.0,11.7,0.519,22.1,-3.4,-0.4,cam thomas
CJ Elleby,2022,58.0,1174.0,9.2,0.491,14.8,-5.3,-1.0,cj elleby
JaVale McGee,2022,74.0,1172.0,22.6,0.651,22.8,0.8,0.8,javale mcgee
Frank Jackson,2022,53.0,1164.0,10.6,0.53,20.9,-3.5,-0.4,frank jackson
Hassan Whiteside,2022,65.0,1162.0,22.9,0.662,17.1,2.1,1.2,hassan whiteside
Marvin Bagley III,2022,48.0,1153.0,15.7,0.551,19.8,-2.3,-0.1,marvin bagley
Tre Jones,2022,69.0,1148.0,15.0,0.545,15.6,-0.5,0.4,tre jones
Alex Caruso,2022,41.0,1147.0,11.7,0.528,13.3,0.2,0.6,alex caruso
Nemanja Bjelica,2022,71.0,1143.0,14.2,0.573,17.8,1.4,1.0,nemanja bjelica
Ish Smith,2022,65.0,1126.0,12.5,0.465,20.1,-2.9,-0.2,ish smith
Joe Ingles,2022,45.0,1122.0,10.0,0.551,13.2,-0.3,0.5,joe ingles
Garrett Temple,2022,59.0,1098.0,8.6,0.494,13.9,-2.5,-0.1,garrett temple
Stanley Johnson,2022,48.0,1094.0,10.5,0.564,12.5,-2.7,-0.2,stanley johnson
Kyrie Irving,2022,29.0,1091.0,21.4,0.592,29.4,3.0,1.4,kyrie irving
Nassir Little,2022,42.0,1088.0,13.5,0.575,15.8,-1.4,0.2,nassir little
Jeremiah Robinson-Earl,2022,49.0,1087.0,11.7,0.526,15.4,-2.2,-0.1,jeremiah robinson earl
JaMychal Green,2022,67.0,1085.0,14.1,0.587,17.2,-1.8,0.0,jamychal green
Paul George,2022,31.0,1077.0,18.6,0.538,33.7,3.7,1.6,paul george
Richaun Holmes,2022,45.0,1074.0,17.8,0.689,15.8,-0.5,0.4,richaun holmes
Kenrich Williams,2022,49.0,1072.0,13.3,0.532,15.6,-0.3,0.5,kenrich williams
Dewayne Dedmon,2022,67.0,1065.0,15.9,0.632,16.9,-1.0,0.3,dewayne dedmon
Damian Lillard,2022,29.0,1056.0,18.5,0.55,29.3,1.3,0.9,damian lillard
Troy Brown Jr.,2022,66.0,1055.0,10.1,0.525,12.3,-1.8,0.1,troy brown
LaMarcus Aldridge,2022,47.0,1050.0,19.6,0.604,22.4,0.7,0.7,lamarcus aldridge
Larry Nance Jr.,2022,46.0,1040.0,14.4,0.59,12.8,-0.1,0.5,larry nance
Josh Green,2022,67.0,1039.0,11.9,0.578,13.9,-1.0,0.3,josh green
Rudy Gay,2022,55.0,1038.0,13.0,0.539,19.3,-1.0,0.3,rudy gay
DeAndre' Bembry,2022,56.0,1026.0,11.9,0.601,11.2,-0.7,0.3,deandre bembry
Aaron Holiday,2022,63.0,1021.0,12.6,0.544,18.7,-1.7,0.1,aaron holiday
Damian Jones,2022,56.0,1017.0,18.3,0.701,16.2,0.3,0.6,damian jones
Lamar Stevens,2022,63.0,1015.0,11.3,0.544,17.1,-2.9,-0.2,lamar stevens
Cam Reddish,2022,49.0,1012.0,12.8,0.543,22.2,-1.3,0.2,cam reddish
Donte DiVincenzo,2022,42.0,1006.0,11.3,0.51,18.9,-2.3,-0.1,donte divincenzo
Wesley Matthews,2022,49.0,1002.0,6.9,0.536,10.7,-3.3,-0.3,wesley matthews
Payton Pritchard,2022,71.0,1001.0,15.0,0.578,18.6,1.8,1.0,payton pritchard
Juan Toscano-Anderson,2022,73.0,994.0,11.0,0.561,14.7,-0.8,0.3,juan toscano anderson
Onyeka Okongwu,2022,48.0,992.0,19.8,0.714,14.0,0.8,0.7,onyeka okongwu
Khem Birch,2022,55.0,991.0,13.2,0.534,11.2,-1.3,0.2,khem birch
Kessler Edwards,2022,48.0,987.0,8.3,0.516,13.8,-3.8,-0.5,kessler edwards
Dean Wade,2022,51.0,980.0,10.1,0.584,11.1,-0.6,0.4,dean wade
Daniel Theis,2022,47.0,977.0,13.2,0.595,16.2,-2.1,0.0,daniel theis
Jaylen Nowell,2022,62.0,975.0,16.8,0.581,21.0,0.8,0.7,jaylen nowell
Nic Claxton,2022,47.0,974.0,18.6,0.672,15.1,0.5,0.6,nic claxton
Dwight Howard,2022,60.0,971.0,18.2,0.657,14.6,-0.2,0.4,dwight howard
Ricky Rubio,2022,34.0,970.0,14.0,0.488,24.9,0.2,0.5,ricky rubio
Duane Washington Jr.,2022,48.0,968.0,10.2,0.521,22.6,-4.7,-0.7,duane washington
Joshua Primo,2022,50.0,965.0,7.1,0.487,15.4,-5.0,-0.7,joshua primo
Moritz Wagner,2022,63.0,960.0,18.1,0.623,22.9,1.6,0.9,moritz wagner
Blake Griffin,2022,56.0,958.0,13.7,0.518,16.9,-0.5,0.3,blake griffin
Keita Bates-Diop,2022,59.0,957.0,12.4,0.578,14.8,-2.6,-0.1,keita bates diop
Isaiah Roby,2022,45.0,948.0,18.3,0.607,19.0,0.6,0.6,isaiah roby
Kemba Walker,2022,37.0,948.0,13.9,0.537,20.8,0.4,0.6,kemba walker
Taj Gibson,2022,52.0,946.0,12.0,0.606,10.0,-2.0,0.0,taj gibson
Rui Hachimura,2022,42.0,943.0,14.9,0.579,20.9,-1.4,0.1,rui hachimura
Klay Thompson,2022,32.0,941.0,16.7,0.547,29.6,1.1,0.7,klay thompson
Jeremy Lamb,2022,56.0,935.0,13.3,0.521,19.7,-0.8,0.3,jeremy lamb
Jalen Smith,2022,51.0,925.0,18.4,0.595,20.3,-0.5,0.3,jalen smith
Théo Maledon,2022,51.0,908.0,10.6,0.5,20.3,-4.4,-0.6,theo maledon
Tomáš Satoranský,2022,55.0,906.0,10.2,0.461,12.6,-3.7,-0.4,tomas satoransky
Jevon Carter,2022,66.0,905.0,9.6,0.531,14.0,-2.2,-0.1,jevon carter
Jordan McLaughlin,2022,62.0,902.0,13.4,0.535,11.8,0.4,0.6,jordan mclaughlin
Derrick Jones Jr.,2022,51.0,899.0,13.0,0.633,12.5,-0.9,0.2,derrick jones
Tristan Thompson,2022,57.0,897.0,14.9,0.541,17.5,-3.1,-0.3,tristan thompson
Jalen McDaniels,2022,55.0,895.0,12.7,0.595,15.3,-2.3,-0.1,jalen mcdaniels
Dillon Brooks,2022,32.0,885.0,15.5,0.515,28.8,-1.8,0.0,dillon brooks
D.J. Augustin,2022,55.0,883.0,9.7,0.61,14.3,-3.6,-0.4,d j augustin
Serge Ibaka,2022,54.0,877.0,14.4,0.579,17.8,-1.5,0.1,serge ibaka
Trendon Watford,2022,48.0,869.0,15.8,0.59,17.6,-1.7,0.1,trendon watford
Trey Murphy III,2022,62.0,864.0,12.5,0.558,15.7,-1.2,0.2,trey murphy
Maurice Harkless,2022,47.0,863.0,7.7,0.561,11.2,-3.3,-0.3,maurice harkless
Thaddeus Young,2022,52.0,845.0,17.0,0.548,17.4,2.2,0.9,thaddeus young
Armoni Brooks,2022,54.0,844.0,8.4,0.483,16.4,-3.9,-0.4,armoni brooks
Willy Hernangómez,2022,50.0,839.0,22.2,0.582,22.5,0.2,0.5,willy hernangomez
Jose Alvarado,2022,54.0,834.0,16.4,0.52,18.4,1.9,0.8,jose alvarado
Josh Jackson,2022,51.0,830.0,9.5,0.491,19.7,-4.5,-0.5,josh jackson
Tony Snell,2022,53.0,823.0,6.3,0.541,10.1,-4.2,-0.5,tony snell
Lance Stephenson,2022,46.0,814.0,13.6,0.536,22.6,-3.2,-0.2,lance stephenson
Wayne Ellington,2022,43.0,810.0,9.9,0.593,13.8,-1.4,0.1,wayne ellington
Dāvis Bertāns,2022,56.0,807.0,9.4,0.531,17.3,-2.6,-0.1,davis bertans
Ty Jerome,2022,48.0,801.0,11.3,0.488,20.8,-2.3,-0.1,ty jerome
Lou Williams,2022,56.0,799.0,12.1,0.5,21.7,-3.4,-0.3,lou williams
Quentin Grimes,2022,46.0,786.0,10.7,0.565,15.1,-0.3,0.3,quentin grimes
Justise Winslow,2022,48.0,775.0,13.1,0.479,18.9,-1.7,0.1,justise winslow
Romeo Langford,2022,48.0,771.0,9.2,0.52,12.9,-1.4,0.1,romeo langford
Trent Forrest,2022,60.0,765.0,10.9,0.554,12.8,-1.0,0.2,trent forrest
Kelly Olynyk,2022,40.0,764.0,16.7,0.561,21.5,1.6,0.7,kelly olynyk
Brandon Boston Jr.,2022,51.0,760.0,11.2,0.481,22.4,-3.3,-0.3,brandon boston
Rodney McGruder,2022,51.0,754.0,11.6,0.577,14.8,-1.4,0.1,rodney mcgruder
Eric Paschall,2022,58.0,737.0,13.9,0.612,17.7,-0.5,0.3,eric paschall
Naji Marshall,2022,55.0,735.0,12.3,0.505,20.8,-3.2,-0.2,naji marshall
Goga Bitadze,2022,50.0,729.0,18.0,0.595,19.9,-0.8,0.2,goga bitadze
Danuel House Jr.,2022,42.0,727.0,10.6,0.555,15.2,-1.1,0.2,danuel house
DeMarcus Cousins,2022,48.0,718.0,18.2,0.567,28.1,-1.6,0.1,demarcus cousins
Svi Mykhailiuk,2022,56.0,716.0,9.6,0.509,16.9,-2.9,-0.2,svi mykhailiuk
Terry Taylor,2022,33.0,714.0,19.0,0.656,15.9,-0.6,0.2,terry taylor
Rodney Hood,2022,52.0,709.0,7.2,0.493,10.7,-3.3,-0.2,rodney hood
Omer Yurtseven,2022,56.0,706.0,17.4,0.546,19.9,-1.0,0.2,omer yurtseven
Xavier Tillman Sr.,2022,53.0,701.0,15.1,0.51,16.4,0.7,0.5,xavier tillman
Zeke Nnaji,2022,41.0,698.0,13.5,0.629,14.9,-2.2,0.0,zeke nnaji
Rajon Rondo,2022,39.0,698.0,10.9,0.496,16.0,-1.7,0.1,rajon rondo
Keon Johnson,2022,37.0,697.0,8.7,0.453,21.2,-5.9,-0.7,keon johnson
Dalano Banton,2022,64.0,696.0,10.0,0.463,16.9,-3.1,-0.2,dalano banton
Vít Krejčí,2022,30.0,690.0,8.5,0.529,12.9,-5.3,-0.6,vit krejci
Frank Ntilikina,2022,58.0,685.0,10.4,0.513,17.4,-1.9,0.0,frank ntilikina
Timothé Luwawu-Cabarrot,2022,52.0,685.0,9.3,0.556,14.3,-3.3,-0.2,timothe luwawu cabarrot
Davon Reed,2022,48.0,668.0,12.2,0.624,12.1,-0.3,0.3,davon reed
Derrick Favors,2022,39.0,653.0,13.6,0.534,13.4,-2.1,0.0,derrick favors
T.J. McConnell,2022,27.0,652.0,15.1,0.525,16.2,0.9,0.5,t j mcconnell
Greg Brown III,2022,48.0,640.0,11.0,0.515,17.2,-4.7,-0.4,greg brown
Brandon Williams,2022,24.0,640.0,11.0,0.476,25.9,-5.7,-0.6,brandon williams
Dennis Smith Jr.,2022,37.0,638.0,13.2,0.474,18.2,-1.7,0.1,dennis smith
Derrick Rose,2022,26.0,636.0,16.9,0.541,22.5,2.3,0.7,derrick rose
Sterling Brown,2022,49.0,628.0,8.4,0.495,13.2,-2.9,-0.1,sterling brown
DeAndre Jordan,2022,48.0,622.0,17.2,0.641,13.9,-1.4,0.1,deandre jordan
Alex Len,2022,39.0,620.0,13.1,0.577,17.1,-2.9,-0.1,alex len
Robin Lopez,2022,36.0,612.0,13.7,0.57,18.9,-3.8,-0.3,robin lopez
Isaiah Joe,2022,55.0,609.0,7.7,0.519,15.5,-4.6,-0.4,isaiah joe
David Nwaba,2022,46.0,609.0,15.3,0.567,15.8,-0.6,0.2,david nwaba
Moses Moody,2022,52.0,607.0,10.5,0.573,15.2,-2.5,-0.1,moses moody
Saben Lee,2022,37.0,604.0,13.8,0.499,17.3,-0.4,0.2,saben lee
Andre Iguodala,2022,31.0,603.0,12.3,0.478,11.4,2.7,0.7,andre iguodala
Mike Muscala,2022,43.0,592.0,19.7,0.63,20.9,5.0,1.1,mike muscala
Jock Landale,2022,54.0,589.0,16.0,0.597,18.1,-0.4,0.2,jock landale
Aaron Nesmith,2022,52.0,574.0,7.3,0.507,17.2,-4.3,-0.3,aaron nesmith
Keifer Sykes,2022,32.0,566.0,5.9,0.456,17.4,-6.9,-0.7,keifer sykes
Nerlens Noel,2022,25.0,562.0,11.8,0.581,7.3,0.3,0.3,nerlens noel
Jericho Sims,2022,41.0,555.0,11.6,0.674,6.9,-1.7,0.0,jericho sims
Tony Bradley,2022,55.0,549.0,14.9,0.6,13.6,-1.8,0.0,tony bradley
Elfrid Payton,2022,50.0,549.0,7.9,0.397,18.5,-3.5,-0.2,elfrid payton
Kent Bazemore,2022,39.0,545.0,6.0,0.451,13.2,-4.3,-0.3,kent bazemore
Isaiah Jackson,2022,36.0,541.0,20.5,0.607,22.5,-1.6,0.0,isaiah jackson
Malachi Flynn,2022,44.0,537.0,11.7,0.488,16.5,-1.5,0.1,malachi flynn
Ignas Brazdeikis,2022,42.0,536.0,10.2,0.52,17.7,-4.3,-0.3,ignas brazdeikis
Terence Davis,2022,30.0,536.0,14.6,0.543,25.6,-0.9,0.2,terence davis
Josh Okogie,2022,49.0,516.0,9.0,0.526,12.1,-2.7,-0.1,josh okogie
Bismack Biyombo,2022,36.0,506.0,17.3,0.596,17.1,-1.3,0.1,bismack biyombo
Brandon Goodwin,2022,36.0,502.0,11.8,0.501,18.2,-1.6,0.1,brandon goodwin
Zach Collins,2022,28.0,502.0,16.4,0.594,19.2,-0.2,0.2,zach collins
Goran Dragić,2022,21.0,498.0,10.0,0.474,17.2,-3.3,-0.2,goran dragic
Thanasis Antetokounmpo,2022,48.0,473.0,12.5,0.577,15.7,-3.5,-0.2,thanasis antetokounmpo
Admiral Schofield,2022,38.0,469.0,7.5,0.538,14.5,-5.4,-0.4,admiral schofield
Lindy Waters III,2022,25.0,465.0,13.0,0.562,17.5,-1.6,0.1,lindy waters
Anthony Gill,2022,44.0,463.0,14.7,0.682,14.4,-1.9,0.0,anthony gill
Trevor Ariza,2022,24.0,462.0,7.0,0.449,11.0,-3.4,-0.2,trevor ariza
Killian Tillie,2022,36.0,461.0,7.6,0.452,12.8,-2.7,-0.1,killian tillie
Dylan Windler,2022,50.0,459.0,8.8,0.519,11.8,-1.7,0.0,dylan windler
Matt Thomas,2022,40.0,459.0,9.9,0.564,14.5,-2.6,-0.1,matt thomas
Kelan Martin,2022,30.0,450.0,9.4,0.484,18.1,-3.6,-0.2,kelan martin
Yuta Watanabe,2022,38.0,445.0,11.5,0.524,16.8,-2.0,0.0,yuta watanabe
Juancho Hernangómez,2022,40.0,445.0,11.5,0.542,13.4,-0.6,0.2,juancho hernangomez
Trey Burke,2022,42.0,441.0,10.0,0.475,25.6,-5.0,-0.3,trey burke
Thomas Bryant,2022,27.0,439.0,16.6,0.607,18.7,-1.0,0.1,thomas bryant
Elijah Hughes,2022,36.0,434.0,5.4,0.426,16.5,-6.9,-0.5,elijah hughes
Joe Harris,2022,14.0,423.0,9.6,0.624,14.5,-1.4,0.1,joe harris
Patrick Williams,2022,17.0,422.0,12.7,0.637,14.2,-1.5,0.0,patrick williams
Olivier Sarr,2022,22.0,421.0,14.0,0.672,13.9,-4.0,-0.2,olivier sarr
Enes Freedom,2022,35.0,411.0,15.0,0.585,13.9,-1.4,0.1,enes freedom
Sandro Mamukelashvili,2022,41.0,407.0,14.7,0.618,14.6,-0.3,0.2,sandro mamukelashvili
Semi Ojeleye,2022,30.0,406.0,6.7,0.438,12.8,-5.7,-0.4,semi ojeleye
Day'Ron Sharpe,2022,32.0,391.0,20.7,0.593,21.7,-2.8,-0.1,day ron sharpe
Luka Garza,2022,32.0,389.0,15.6,0.535,21.1,-2.5,-0.1,luka garza
Isaiah Livers,2022,19.0,383.0,11.1,0.629,12.4,-1.5,0.0,isaiah livers
Gary Clark,2022,38.0,378.0,11.4,0.547,11.6,0.1,0.2,gary clark
Paul Millsap,2022,33.0,376.0,10.8,0.458,16.7,-3.5,-0.1,paul millsap
Miles McBride,2022,40.0,372.0,6.1,0.393,13.9,-4.5,-0.2,miles mcbride
Chris Chiozza,2022,34.0,372.0,4.4,0.407,13.4,-6.0,-0.4,chris chiozza
Gorgui Dieng,2022,44.0,371.0,17.3,0.624,16.9,2.1,0.4,gorgui dieng
Nick Richards,2022,50.0,367.0,15.9,0.689,15.4,-2.8,-0.1,nick richards
Jared Butler,2022,42.0,360.0,12.1,0.509,23.1,-1.6,0.0,jared butler
Santi Aldama,2022,32.0,360.0,10.2,0.452,18.4,-5.7,-0.3,santi aldama
Markelle Fultz,2022,18.0,360.0,17.7,0.517,27.5,0.2,0.2,markelle fultz
Ish Wainright,2022,45.0,359.0,9.4,0.494,14.7,-2.0,0.0,ish wainright
Wenyen Gabriel,2022,26.0,358.0,12.5,0.549,17.4,-5.9,-0.4,wenyen gabriel
Cody Zeller,2022,27.0,355.0,17.2,0.627,15.9,-2.1,0.0,cody zeller
Keljin Blevins,2022,31.0,349.0,4.8,0.41,16.5,-8.5,-0.6,keljin blevins
Marquese Chriss,2022,34.0,346.0,14.8,0.518,21.5,-3.8,-0.2,marquese chriss
Moses Brown,2022,40.0,345.0,18.5,0.612,20.7,-3.3,-0.1,moses brown
Kira Lewis Jr.,2022,24.0,341.0,9.8,0.466,22.3,-4.0,-0.2,kira lewis
David Duke Jr.,2022,22.0,341.0,10.0,0.444,15.9,-3.9,-0.2,david duke
PJ Dozier,2022,18.0,340.0,8.7,0.463,15.2,-2.0,0.0,pj dozier
Jarrett Culver,2022,37.0,338.0,8.7,0.433,20.6,-5.4,-0.3,jarrett culver
Kris Dunn,2022,14.0,336.0,12.5,0.482,18.3,-5.4,-0.3,kris dunn
Isaiah Thomas,2022,22.0,333.0,12.0,0.516,24.8,-4.5,-0.2,isaiah thomas
Brad Wanamaker,2022,23.0,320.0,7.5,0.472,14.9,-5.8,-0.3,brad wanamaker
Collin Sexton,2022,11.0,316.0,11.2,0.523,27.9,-4.1,-0.2,collin sexton
Justin Anderson,2022,16.0,316.0,10.4,0.493,15.1,-3.2,-0.1,justin anderson
James Bouknight,2022,31.0,304.0,10.1,0.459,23.7,-7.1,-0.4,james bouknight
Justin Robinson,2022,25.0,304.0,3.6,0.404,16.0,-7.6,-0.4,justin robinson
Paul Reed,2022,38.0,302.0,21.4,0.568,16.7,2.1,0.3,paul reed
Markieff Morris,2022,17.0,298.0,10.9,0.547,20.6,-1.9,0.0,markieff morris
Brook Lopez,2022,13.0,298.0,16.0,0.57,21.9,-1.3,0.1,brook lopez
Justin Champagnie,2022,36.0,281.0,13.6,0.571,12.0,-2.0,0.0,justin champagnie
Nathan Knight,2022,37.0,267.0,18.7,0.603,20.7,-0.6,0.1,nathan knight
Michael Porter Jr.,2022,9.0,265.0,7.5,0.416,19.7,-3.5,-0.1,michael porter
JT Thor,2022,33.0,262.0,9.7,0.525,12.0,-3.0,-0.1,jt thor
Daishen Nix,2022,24.0,261.0,8.1,0.48,17.3,-6.4,-0.3,daishen nix
KZ Okpala,2022,21.0,244.0,10.4,0.521,14.4,-2.8,-0.1,kz okpala
Leandro Bolmaro,2022,35.0,241.0,5.4,0.419,12.6,-5.8,-0.2,leandro bolmaro
Usman Garuba,2022,24.0,240.0,12.9,0.51,9.4,-0.9,0.1,usman garuba
Jaylen Hoard,2022,7.0,240.0,18.0,0.536,18.7,-0.9,0.1,jaylen hoard
Mychal Mulder,2022,17.0,239.0,3.7,0.438,15.8,-7.7,-0.3,mychal mulder
Jake Layman,2022,34.0,231.0,9.0,0.5,16.4,-3.9,-0.1,jake layman
Denzel Valentine,2022,24.0,222.0,8.1,0.523,15.5,-2.7,0.0,denzel valentine
Kevin Knox,2022,30.0,222.0,10.9,0.491,20.0,-4.1,-0.1,kevin knox
Skylar Mays,2022,28.0,220.0,11.7,0.589,15.5,-2.0,0.0,skylar mays
Georgios Kalaitzakis,2022,13.0,214.0,8.6,0.536,20.2,-7.0,-0.3,georgios kalaitzakis
Malcolm Hill,2022,19.0,212.0,12.7,0.619,12.7,-1.6,0.0,malcolm hill
Tim Frazier,2022,12.0,208.0,3.3,0.398,13.3,-8.6,-0.3,tim frazier
Alfonzo McKinnie,2022,17.0,206.0,5.6,0.457,15.3,-9.0,-0.4,alfonzo mckinnie
Joe Wieskamp,2022,29.0,205.0,7.1,0.494,13.1,-3.9,-0.1,joe wieskamp
Ed Davis,2022,31.0,201.0,9.3,0.632,6.0,-1.8,0.0,ed davis
Tyler Cook,2022,20.0,200.0,13.0,0.643,13.0,-4.1,-0.1,tyler cook
Javonte Smart,2022,17.0,200.0,5.1,0.407,15.9,-6.6,-0.2,javonte smart
Lindell Wigginton,2022,19.0,199.0,10.2,0.524,19.0,-5.0,-0.2,lindell wigginton
Braxton Key,2022,11.0,197.0,13.7,0.508,19.4,-3.3,-0.1,braxton key
Udoka Azubuike,2022,17.0,195.0,17.6,0.743,14.7,-1.4,0.0,udoka azubuike
Greg Monroe,2022,14.0,195.0,19.5,0.566,17.3,0.4,0.1,greg monroe
Mamadi Diakite,2022,13.0,188.0,11.6,0.54,13.5,-5.0,-0.1,mamadi diakite
Reggie Perry,2022,10.0,187.0,15.6,0.537,22.4,-4.1,-0.1,reggie perry
Kyle Guy,2022,19.0,186.0,9.5,0.526,19.9,-3.4,-0.1,kyle guy
Willie Cauley-Stein,2022,20.0,183.0,8.3,0.474,10.6,-3.0,0.0,willie cauley stein
Frank Kaminsky,2022,9.0,181.0,21.3,0.635,19.0,4.9,0.3,frank kaminsky
Charlie Brown Jr.,2022,22.0,177.0,6.5,0.346,12.3,-4.8,-0.1,charlie brown
Markus Howard,2022,31.0,176.0,16.1,0.567,29.4,-1.2,0.0,markus howard
Vlatko Čančar,2022,15.0,176.0,12.7,0.657,14.0,-1.7,0.0,vlatko cancar
Jamorko Pickett,2022,13.0,176.0,7.6,0.491,13.6,-5.0,-0.1,jamorko pickett
Zavier Simpson,2022,4.0,174.0,7.7,0.406,15.9,-7.9,-0.3,zavier simpson
Victor Oladipo,2022,8.0,173.0,16.8,0.608,25.1,1.3,0.1,victor oladipo
Hassani Gravett,2022,8.0,171.0,10.1,0.629,12.3,-2.3,0.0,hassani gravett
Charles Bassey,2022,23.0,168.0,21.5,0.66,16.1,1.7,0.2,charles bassey
Alize Johnson,2022,23.0,167.0,10.7,0.463,14.8,-5.5,-0.1,alize johnson
Kevin Pangos,2022,24.0,166.0,6.5,0.408,14.6,-6.1,-0.2,kevin pangos
Haywood Highsmith,2022,19.0,163.0,7.0,0.446,14.0,-4.6,-0.1,haywood highsmith
Sam Hauser,2022,26.0,158.0,14.8,0.65,14.5,2.3,0.2,sam hauser
Paul Watson,2022,9.0,156.0,5.7,0.432,11.0,-5.4,-0.1,paul watson
Cassius Stanley,2022,9.0,155.0,8.0,0.516,15.6,-5.8,-0.2,cassius stanley
Bruno Fernando,2022,30.0,152.0,21.2,0.671,22.4,-0.1,0.1,bruno fernando
Theo Pinson,2022,19.0,148.0,11.9,0.553,14.7,-0.5,0.1,theo pinson
Abdel Nader,2022,14.0,145.0,4.9,0.431,15.0,-4.9,-0.1,abdel nader
Devin Cannady,2022,5.0,145.0,8.6,0.531,15.5,-3.2,0.0,devin cannady
Solomon Hill,2022,13.0,139.0,3.3,0.2,6.6,-4.0,-0.1,solomon hill
Xavier Moon,2022,10.0,137.0,16.2,0.545,19.0,-0.1,0.1,xavier moon
Jahmi'us Ramsey,2022,19.0,134.0,7.9,0.468,22.2,-6.9,-0.2,jahmi us ramsey
Didi Louzada,2022,9.0,129.0,6.4,0.517,13.0,-7.5,-0.2,didi louzada
Boban Marjanović,2022,23.0,128.0,18.5,0.615,33.3,-4.4,-0.1,boban marjanovic
Marcus Garrett,2022,12.0,128.0,4.7,0.28,8.8,-5.4,-0.1,marcus garrett
Jay Scrubb,2022,18.0,121.0,9.3,0.486,20.8,-4.8,-0.1,jay scrubb
Devontae Cacok,2022,15.0,121.0,20.2,0.675,12.9,4.2,0.2,devontae cacok
Jalen Johnson,2022,22.0,120.0,11.3,0.59,19.3,-4.9,-0.1,jalen johnson
Neemias Queta,2022,15.0,120.0,12.7,0.495,18.4,-5.1,-0.1,neemias queta
Melvin Frazier,2022,3.0,120.0,-0.4,0.313,19.5,-16.4,-0.4,melvin frazier
Freddie Gillespie,2022,9.0,119.0,9.5,0.419,10.9,-4.6,-0.1,freddie gillespie
Jabari Parker,2022,12.0,112.0,14.8,0.632,19.6,0.7,0.1,jabari parker
Derrick Walton,2022,3.0,108.0,5.9,0.342,15.4,-4.3,-0.1,derrick walton
Jeff Dowtin Jr.,2022,9.0,108.0,6.8,0.353,12.8,-5.6,-0.1,jeff dowtin
Langston Galloway,2022,7.0,107.0,0.7,0.269,12.8,-9.8,-0.2,langston galloway
Louis King,2022,10.0,104.0,8.1,0.438,21.2,-4.6,-0.1,louis king
Chaundee Brown Jr.,2022,5.0,104.0,6.4,0.447,14.9,-6.6,-0.1,chaundee brown
Luke Kornet,2022,15.0,103.0,16.6,0.506,12.7,-0.5,0.0,luke kornet
Chris Silva,2022,10.0,91.0,11.6,0.641,13.8,-4.9,-0.1,chris silva
Tyler Johnson,2022,6.0,91.0,7.1,0.425,10.5,-3.0,0.0,tyler johnson
Devon Dotson,2022,11.0,85.0,9.8,0.538,16.6,-4.9,-0.1,devon dotson
Udonis Haslem,2022,13.0,83.0,8.6,0.495,20.0,-7.1,-0.1,udonis haslem
Wes Iwundu,2022,3.0,82.0,7.1,0.557,11.1,-6.8,-0.1,wes iwundu
Bol Bol,2022,14.0,81.0,13.5,0.565,18.0,-1.0,0.0,bol bol
Carsen Edwards,2022,4.0,79.0,5.5,0.378,19.2,-9.3,-0.1,carsen edwards
Ryan Arcidiacono,2022,10.0,76.0,6.1,0.667,8.6,-4.6,-0.1,ryan arcidiacono
Tyrone Wallace,2022,6.0,75.0,2.5,0.383,13.9,-8.2,-0.1,tyrone wallace
Isaiah Todd,2022,12.0,74.0,4.7,0.349,19.6,-6.9,-0.1,isaiah todd
Trevelin Queen,2022,10.0,74.0,18.2,0.619,23.9,1.9,0.1,trevelin queen
Aleem Ford,2022,5.0,74.0,0.5,0.35,14.0,-11.4,-0.2,aleem ford
Quinndary Weatherspoon,2022,11.0,73.0,12.0,0.647,15.7,-4.4,0.0,quinndary weatherspoon
Yves Pons,2022,12.0,71.0,5.9,0.385,10.3,-6.6,-0.1,yves pons
Rayjon Tucker,2022,5.0,71.0,17.7,0.869,7.9,3.5,0.1,rayjon tucker
Isaac Bonga,2022,15.0,69.0,8.7,0.363,11.5,-0.4,0.0,isaac bonga
Brandon Knight,2022,5.0,65.0,13.0,0.561,22.5,-4.6,0.0,brandon knight
B.J. Johnson,2022,4.0,65.0,12.1,0.52,16.7,-4.7,0.0,b j johnson
Kai Jones,2022,21.0,63.0,9.2,0.628,15.9,-6.6,-0.1,kai jones
RJ Nembhard Jr.,2022,14.0,63.0,8.0,0.38,16.0,-6.0,-0.1,rj nembhard
Malik Fitts,2022,15.0,63.0,10.7,0.553,14.6,-1.1,0.0,malik fitts
Brodric Thomas,2022,12.0,60.0,10.0,0.52,19.2,-2.8,0.0,brodric thomas
Tacko Fall,2022,11.0,59.0,11.3,0.398,13.6,-3.4,0.0,tacko fall
Sam Merrill,2022,6.0,58.0,7.5,0.485,19.6,-5.6,-0.1,sam merrill
Gabriel Deck,2022,7.0,56.0,11.5,0.643,12.3,-2.5,0.0,gabriel deck
James Ennis III,2022,7.0,56.0,17.7,0.553,22.0,-1.1,0.0,james ennis
D.J. Wilson,2022,4.0,54.0,27.9,0.773,17.0,5.0,0.1,d j wilson
Myles Powell,2022,11.0,52.0,0.2,0.364,18.0,-12.7,-0.1,myles powell
Mason Jones,2022,4.0,51.0,17.8,0.625,19.0,-0.9,0.0,mason jones
Tremont Waters,2022,3.0,50.0,5.4,0.357,15.5,-7.7,-0.1,tremont waters
Cameron McGriff,2022,3.0,46.0,12.5,0.47,14.0,-4.0,0.0,cameron mcgriff
Miye Oni,2022,16.0,44.0,0.4,0.265,10.3,-7.9,-0.1,miye oni
Gabriel Lundberg,2022,4.0,44.0,7.7,0.342,21.5,-4.8,0.0,gabriel lundberg
Vernon Carey Jr.,2022,7.0,44.0,15.8,0.534,21.6,-7.5,-0.1,vernon carey
Jared Harper,2022,5.0,43.0,36.9,0.666,29.7,17.3,0.2,jared harper
Cameron Oliver,2022,2.0,43.0,21.4,0.705,16.6,1.7,0.0,cameron oliver
Robert Woodard II,2022,12.0,42.0,2.1,0.207,18.3,-10.4,-0.1,robert woodard
Sharife Cooper,2022,13.0,39.0,-5.4,0.25,21.3,-16.3,-0.1,sharife cooper
Cassius Winston,2022,7.0,39.0,6.0,0.549,18.0,-9.3,-0.1,cassius winston
Xavier Sneed,2022,9.0,39.0,0.4,0.25,11.0,-10.6,-0.1,xavier sneed
Nik Stauskas,2022,8.0,39.0,10.5,0.541,20.0,-3.6,0.0,nik stauskas
Petr Cornelie,2022,13.0,38.0,9.6,0.418,24.0,-8.8,-0.1,petr cornelie
Darren Collison,2022,3.0,37.0,-0.2,0.286,9.3,-10.9,-0.1,darren collison
Justin Jackson,2022,7.0,37.0,7.7,0.472,19.7,-3.3,0.0,justin jackson
Marko Simonovic,2022,9.0,35.0,10.2,0.428,27.5,-11.1,-0.1,marko simonovic
Cheick Diallo,2022,3.0,31.0,12.3,0.517,16.1,-7.5,0.0,cheick diallo
Micah Potter,2022,3.0,31.0,13.6,0.505,17.8,-7.1,0.0,micah potter
Juwan Morgan,2022,2.0,31.0,8.3,0.833,4.1,-7.1,0.0,juwan morgan
Jordan Schakel,2022,4.0,30.0,-1.2,0.21,19.1,-13.0,-0.1,jordan schakel
Daniel Oturu,2022,3.0,27.0,13.4,0.549,13.0,-5.2,0.0,daniel oturu
Deividas Sirvydis,2022,3.0,27.0,0.1,0.15,15.9,-8.7,0.0,deividas sirvydis
Mac McClung,2022,2.0,25.0,5.2,0.621,16.3,-9.6,0.0,mac mcclung
Shaquille Harrison,2022,2.0,23.0,4.6,0.333,15.0,-8.3,0.0,shaquille harrison
Carlik Jones,2022,5.0,23.0,-1.8,0.202,25.1,-15.5,-0.1,carlik jones
Chandler Hutchison,2022,6.0,22.0,1.0,0.694,13.5,-8.5,0.0,chandler hutchison
Damyean Dotson,2022,2.0,21.0,6.4,0.5,8.3,-4.9,0.0,damyean dotson
Gabe York,2022,2.0,21.0,12.7,0.435,20.8,-1.5,0.0,gabe york
Joel Ayayi,2022,7.0,20.0,3.4,0.167,13.3,-6.0,0.0,joel ayayi
Jay Huff,2022,4.0,20.0,0.6,0.0,8.6,-7.4,0.0,jay huff
McKinley Wright IV,2022,5.0,19.0,9.5,0.833,8.8,-4.2,0.0,mckinley wright
George King,2022,4.0,19.0,-12.3,0.085,16.3,-20.1,-0.1,george king
Norvel Pelle,2022,3.0,19.0,12.2,0.6,16.0,-7.1,0.0,norvel pelle
Wayne Selden,2022,3.0,19.0,4.3,0.434,13.3,-5.9,0.0,wayne selden
Craig Sword,2022,3.0,19.0,14.2,0.75,11.7,1.4,0.0,craig sword
Eugene Omoruyi,2022,4.0,18.0,17.0,0.518,16.9,4.0,0.0,eugene omoruyi
Emanuel Terry,2022,3.0,18.0,-0.1,0.0,23.9,-18.3,-0.1,emanuel terry
Scotty Hopson,2022,1.0,18.0,0.1,0.5,14.4,-11.6,0.0,scotty hopson
Aaron Henry,2022,6.0,17.0,-7.4,0.2,18.5,-16.5,-0.1,aaron henry
Trayvon Palmer,2022,1.0,17.0,-5.7,0.0,5.0,-15.0,-0.1,trayvon palmer
Dakota Mathias,2022,6.0,16.0,11.0,0.5,15.4,0.3,0.0,dakota mathias
Jaylen Morris,2022,3.0,16.0,-11.4,0.129,23.1,-21.5,-0.1,jaylen morris
Sekou Doumbouya,2022,2.0,16.0,40.7,0.717,31.6,18.8,0.1,sekou doumbouya
Jemerrio Jones,2022,2.0,15.0,14.8,0.667,8.6,-1.0,0.0,jemerrio jones
Moses Wright,2022,4.0,14.0,18.3,0.47,17.1,1.4,0.0,moses wright
Cat Barber,2022,3.0,13.0,-11.2,0.0,22.7,-23.5,-0.1,cat barber
Jarron Cumberland,2022,3.0,12.0,8.4,0.5,7.2,-6.6,0.0,jarron cumberland
JaQuori McLaughlin,2022,4.0,11.0,-2.9,0.0,8.2,-13.6,0.0,jaquori mclaughlin
Rob Edwards,2022,2.0,11.0,-0.8,0.375,19.6,-11.2,0.0,rob edwards
Emmanuel Mudiay,2022,2.0,11.0,12.3,0.399,18.6,-1.2,0.0,emmanuel mudiay
Tre Scott,2022,2.0,11.0,20.4,0.5,24.1,-3.0,0.0,tre scott
Shaq Buchanan,2022,2.0,10.0,0.6,0.25,24.6,-10.7,0.0,shaq buchanan
DaQuan Jeffries,2022,3.0,9.0,8.4,0.5,9.1,-4.9,0.0,daquan jeffries
Jon Teske,2022,3.0,8.0,1.5,0.0,9.6,-4.8,0.0,jon teske
Feron Hunt,2022,2.0,8.0,-3.0,0.0,16.4,-11.3,0.0,feron hunt
Anthony Lamb,2022,2.0,8.0,-0.5,0.0,10.6,-8.0,0.0,anthony lamb
M.J. Walker,2022,2.0,8.0,-3.3,0.0,21.5,-9.6,0.0,m j walker
Malik Newman,2022,1.0,8.0,28.6,0.68,38.1,6.4,0.0,malik newman
Paris Bass,2022,2.0,7.0,13.9,0.436,54.6,-12.4,0.0,paris bass
Scottie Lewis,2022,2.0,7.0,14.6,0.568,5.3,6.0,0.0,scottie lewis
Jaysean Paige,2022,1.0,7.0,-22.2,0.0,24.5,-31.5,0.0,jaysean paige
Jordan Goodwin,2022,2.0,6.0,-20.4,0.0,22.2,-34.1,0.0,jordan goodwin
Jaden Springer,2022,2.0,6.0,26.4,1.0,15.0,17.1,0.0,jaden springer
Arnoldas Kulboka,2022,2.0,5.0,-10.7,0.0,8.5,-21.8,0.0,arnoldas kulboka
Zylan Cheatham,2022,1.0,5.0,-23.8,0.0,26.1,-30.6,0.0,zylan cheatham
Matt Ryan,2022,1.0,5.0,3.5,0.3,44.0,-13.7,0.0,matt ryan
Tyrell Terry,2022,2.0,3.0,20.0,1.0,13.7,-1.0,0.0,tyrell terry
Javin DeLaurier,2022,1.0,3.0,15.6,,0.0,7.0,0.0,javin delaurier
Jaime Echenique,2022,1.0,3.0,0.0,,0.0,-8.5,0.0,jaime echenique
Nate Hinton,2022,2.0,2.0,-45.2,0.0,42.8,-42.6,0.0,nate hinton
David Johnson,2022,2.0,2.0,-20.0,0.0,21.4,-27.7,0.0,david johnson
Jordan Bell,2022,1.0,2.0,29.9,,0.0,2.7,0.0,jordan bell
Tyler Hall,2022,1.0,2.0,0.0,,0.0,-8.5,0.0,tyler hall
Joe Johnson,2022,1.0,2.0,38.7,1.0,22.0,15.0,0.0,joe johnson
C.J. Miles,2022,1.0,2.0,-7.8,,0.0,-16.3,0.0,c j miles
Matt Mooney,2022,1.0,2.0,-20.0,0.0,43.8,-22.3,0.0,matt mooney
Ahmad Caver,2022,1.0,1.0,76.2,1.0,42.8,36.9,0.0,ahmad caver
Sam Dekker,2022,1.0,1.0,0.0,,0.0,-9.6,0.0,sam dekker
DeJon Jarreau,2022,1.0,1.0,0.0,,0.0,-8.0,0.0,dejon jarreau
Ade Murkey,2022,1.0,1.0,0.0,,0.0,-9.7,0.0,ade murkey
Mikal Bridges,2023,83.0,2963.0,16.8,0.587,22.6,1.7,2.8,mikal bridges
Anthony Edwards,2023,79.0,2842.0,17.4,0.564,29.9,1.0,2.1,anthony edwards
Zach LaVine,2023,77.0,2768.0,19.0,0.607,28.3,1.9,2.7,zach lavine
Nikola Vučević,2023,82.0,2746.0,19.1,0.594,21.9,2.7,3.2,nikola vucevic
Julius Randle,2023,77.0,2737.0,20.3,0.581,29.5,3.7,3.9,julius randle
Domantas Sabonis,2023,79.0,2736.0,23.5,0.668,21.3,5.8,5.4,domantas sabonis
Jayson Tatum,2023,74.0,2732.0,23.7,0.607,32.7,5.5,5.1,jayson tatum
Spencer Dinwiddie,2023,79.0,2725.0,16.0,0.573,22.1,0.7,1.8,spencer dinwiddie
Evan Mobley,2023,79.0,2715.0,17.9,0.591,20.2,1.7,2.5,evan mobley
Dejounte Murray,2023,74.0,2693.0,17.0,0.54,24.4,1.0,2.1,dejounte murray
DeMar DeRozan,2023,74.0,2682.0,20.6,0.592,27.8,2.0,2.6,demar derozan
Scottie Barnes,2023,77.0,2678.0,15.5,0.524,20.3,0.4,1.6,scottie barnes
Harrison Barnes,2023,82.0,2662.0,14.1,0.632,17.1,-1.0,0.7,harrison barnes
Pascal Siakam,2023,71.0,2652.0,20.3,0.565,27.2,3.1,3.4,pascal siakam
CJ McCollum,2023,75.0,2649.0,15.6,0.541,26.4,0.8,1.9,cj mccollum
Franz Wagner,2023,80.0,2609.0,15.9,0.589,23.5,-0.1,1.3,franz wagner
Jalen Green,2023,76.0,2602.0,14.5,0.538,28.1,-2.1,0.0,jalen green
Bam Adebayo,2023,75.0,2598.0,20.1,0.592,25.2,1.5,2.3,bam adebayo
Trae Young,2023,73.0,2541.0,22.0,0.573,32.6,3.3,3.4,trae young
Fred VanVleet,2023,69.0,2535.0,17.0,0.54,23.2,2.5,2.9,fred vanvleet
Buddy Hield,2023,80.0,2482.0,15.4,0.614,20.8,1.9,2.4,buddy hield
RJ Barrett,2023,73.0,2475.0,12.9,0.531,26.2,-3.1,-0.7,rj barrett
Jordan Poole,2023,82.0,2458.0,14.6,0.573,29.2,-1.9,0.1,jordan poole
Josh Hart,2023,76.0,2454.0,14.1,0.622,12.6,0.9,1.8,josh hart
Jabari Smith Jr.,2023,79.0,2451.0,11.2,0.514,18.4,-3.7,-1.1,jabari smith
Trey Murphy III,2023,79.0,2448.0,15.2,0.65,16.6,1.8,2.3,trey murphy
Darius Garland,2023,69.0,2447.0,18.8,0.587,26.9,2.4,2.7,darius garland
Tobias Harris,2023,74.0,2436.0,14.8,0.602,18.2,0.7,1.7,tobias harris
De'Aaron Fox,2023,73.0,2435.0,21.8,0.599,30.1,2.5,2.7,de aaron fox
Donovan Mitchell,2023,68.0,2432.0,22.9,0.614,32.1,6.3,5.0,donovan mitchell
Paolo Banchero,2023,72.0,2430.0,14.9,0.529,27.5,-1.5,0.3,paolo banchero
Jaden McDaniels,2023,79.0,2416.0,12.0,0.611,15.8,-1.2,0.5,jaden mcdaniels
Shai Gilgeous-Alexander,2023,68.0,2416.0,27.2,0.626,32.8,7.3,5.6,shai gilgeous alexander
Royce O'Neale,2023,76.0,2409.0,9.2,0.538,13.6,-1.1,0.5,royce o neale
Jaylen Brown,2023,67.0,2405.0,19.1,0.581,31.4,1.3,2.0,jaylen brown
Luka Dončić,2023,66.0,2391.0,28.7,0.609,37.6,8.9,6.6,luka doncic
OG Anunoby,2023,67.0,2386.0,14.6,0.586,19.5,0.4,1.5,og anunoby
Keegan Murray,2023,80.0,2382.0,12.3,0.597,15.8,-0.6,0.8,keegan murray
Kentavious Caldwell-Pope,2023,76.0,2381.0,11.5,0.598,14.1,-1.0,0.6,kentavious caldwell pope
P.J. Washington,2023,73.0,2380.0,12.9,0.542,20.6,-1.3,0.4,p j washington
Jalen Brunson,2023,68.0,2379.0,21.2,0.597,27.2,3.9,3.5,jalen brunson
Brook Lopez,2023,78.0,2373.0,18.4,0.63,19.3,2.1,2.5,brook lopez
Josh Giddey,2023,76.0,2367.0,17.1,0.533,24.6,1.2,1.9,josh giddey
Reggie Bullock,2023,78.0,2364.0,7.7,0.577,10.0,-2.6,-0.4,reggie bullock
Immanuel Quickley,2023,81.0,2344.0,16.3,0.578,20.9,1.7,2.1,immanuel quickley
Tyler Herro,2023,67.0,2337.0,15.3,0.566,25.6,0.6,1.6,tyler herro
Patrick Williams,2023,82.0,2323.0,11.2,0.576,15.7,-1.3,0.4,patrick williams
Nikola Jokić,2023,69.0,2323.0,31.5,0.701,27.2,13.0,8.8,nikola jokic
Derrick White,2023,82.0,2319.0,15.4,0.604,17.7,2.4,2.6,derrick white
Jaden Ivey,2023,74.0,2304.0,12.1,0.528,25.4,-3.3,-0.7,jaden ivey
D'Angelo Russell,2023,71.0,2304.0,16.3,0.605,22.7,1.5,2.0,d angelo russell
Draymond Green,2023,73.0,2297.0,12.2,0.592,13.2,0.8,1.6,draymond green
KJ Martin,2023,82.0,2292.0,15.4,0.635,16.4,-0.7,0.7,kj martin
Joel Embiid,2023,66.0,2284.0,31.4,0.655,37.0,9.2,6.4,joel embiid
Bruce Brown,2023,80.0,2280.0,13.3,0.571,17.8,-0.5,0.9,bruce brown
Klay Thompson,2023,69.0,2279.0,14.7,0.576,26.4,-0.3,1.0,klay thompson
Jalen Williams,2023,75.0,2276.0,15.6,0.601,18.4,0.3,1.3,jalen williams
Lauri Markkanen,2023,66.0,2273.0,22.1,0.64,26.6,3.8,3.3,lauri markkanen
Max Strus,2023,80.0,2272.0,10.8,0.557,17.6,-1.7,0.2,max strus
Luguentz Dort,2023,74.0,2272.0,11.3,0.513,19.8,-3.0,-0.6,luguentz dort
Nic Claxton,2023,76.0,2271.0,20.8,0.691,15.4,3.1,2.9,nic claxton
Jerami Grant,2023,63.0,2246.0,16.0,0.606,22.8,-0.2,1.0,jerami grant
Kyrie Irving,2023,60.0,2241.0,22.4,0.613,28.9,4.1,3.5,kyrie irving
Kyle Kuzma,2023,64.0,2239.0,14.3,0.544,27.9,-1.7,0.2,kyle kuzma
Caris LeVert,2023,74.0,2237.0,12.4,0.546,18.7,-0.2,1.0,caris levert
Bennedict Mathurin,2023,78.0,2222.0,13.1,0.566,24.6,-3.7,-1.0,bennedict mathurin
Terry Rozier,2023,63.0,2221.0,14.7,0.517,26.9,-0.6,0.8,terry rozier
Jarrett Allen,2023,68.0,2220.0,19.9,0.67,16.4,2.4,2.4,jarrett allen
Dillon Brooks,2023,73.0,2214.0,9.4,0.494,21.8,-3.9,-1.1,dillon brooks
Kevin Huerter,2023,75.0,2203.0,15.2,0.617,19.9,1.0,1.7,kevin huerter
Jrue Holiday,2023,67.0,2183.0,19.2,0.586,25.0,3.1,2.8,jrue holiday
Alperen Şengün,2023,75.0,2171.0,19.7,0.599,21.4,1.4,1.9,alperen sengun
Anfernee Simons,2023,62.0,2171.0,14.8,0.581,25.1,-1.1,0.5,anfernee simons
Ivica Zubac,2023,76.0,2170.0,16.7,0.661,14.8,-0.9,0.6,ivica zubac
Killian Hayes,2023,76.0,2154.0,10.2,0.455,20.5,-3.8,-1.0,killian hayes
Tim Hardaway Jr.,2023,71.0,2152.0,12.1,0.554,20.6,-1.8,0.1,tim hardaway
De'Anthony Melton,2023,77.0,2150.0,12.7,0.566,16.4,0.9,1.6,de anthony melton
Rudy Gobert,2023,70.0,2148.0,18.9,0.675,16.3,0.7,1.4,rudy gobert
Jimmy Butler,2023,64.0,2138.0,27.6,0.647,25.6,8.7,5.8,jimmy butler
James Harden,2023,58.0,2135.0,21.6,0.607,25.0,5.4,4.0,james harden
Jamal Murray,2023,65.0,2133.0,18.0,0.571,26.1,1.3,1.8,jamal murray
John Collins,2023,71.0,2130.0,13.6,0.593,17.1,-1.3,0.4,john collins
Saddiq Bey,2023,77.0,2129.0,14.6,0.564,20.2,-0.3,0.9,saddiq bey
De'Andre Hunter,2023,67.0,2126.0,11.5,0.563,19.7,-3.3,-0.7,de andre hunter
Russell Westbrook,2023,73.0,2126.0,16.1,0.513,27.7,0.2,1.2,russell westbrook
Quentin Grimes,2023,71.0,2121.0,11.7,0.619,14.4,-0.1,1.0,quentin grimes
Kristaps Porziņģis,2023,65.0,2120.0,23.1,0.627,27.4,4.3,3.4,kristaps porzingis
Gary Trent Jr.,2023,66.0,2118.0,15.0,0.56,21.7,0.2,1.2,gary trent
Damian Lillard,2023,58.0,2107.0,26.7,0.645,33.8,7.1,4.9,damian lillard
Ayo Dosunmu,2023,80.0,2098.0,10.2,0.567,14.9,-2.5,-0.2,ayo dosunmu
Corey Kispert,2023,74.0,2093.0,11.5,0.657,14.1,-1.5,0.2,corey kispert
Malik Beasley,2023,81.0,2093.0,10.9,0.531,21.1,-2.0,0.0,malik beasley
Caleb Martin,2023,71.0,2077.0,11.4,0.571,14.4,-1.2,0.4,caleb martin
Andrew Nembhard,2023,75.0,2073.0,10.0,0.528,16.1,-3.2,-0.6,andrew nembhard
Keldon Johnson,2023,63.0,2063.0,15.3,0.551,27.9,-1.8,0.1,keldon johnson
Aaron Gordon,2023,68.0,2055.0,19.5,0.617,21.1,2.1,2.1,aaron gordon
Mason Plumlee,2023,79.0,2054.0,19.6,0.689,15.2,2.2,2.2,mason plumlee
Grant Williams,2023,79.0,2045.0,10.3,0.605,13.1,-1.1,0.5,grant williams
Deandre Ayton,2023,67.0,2035.0,19.9,0.617,22.9,0.9,1.5,deandre ayton
Mike Conley,2023,67.0,2029.0,14.7,0.583,16.3,0.9,1.5,mike conley
Giannis Antetokounmpo,2023,63.0,2024.0,29.0,0.605,38.8,8.5,5.4,giannis antetokounmpo
Kevin Porter Jr.,2023,59.0,2024.0,16.2,0.565,24.3,0.6,1.3,kevin porter
Deni Avdija,2023,76.0,2020.0,11.2,0.535,16.7,-2.3,-0.1,deni avdija
Tyrese Maxey,2023,60.0,2016.0,17.0,0.605,24.1,0.6,1.3,tyrese maxey
Dorian Finney-Smith,2023,66.0,2009.0,9.2,0.523,13.2,-2.0,0.0,dorian finney smith
Jordan Clarkson,2023,61.0,1988.0,14.7,0.558,27.8,-1.4,0.3,jordan clarkson
Dennis Schröder,2023,66.0,1986.0,11.5,0.545,18.6,-2.9,-0.4,dennis schroder
Tre Jones,2023,68.0,1984.0,16.0,0.534,19.3,-1.0,0.5,tre jones
Grayson Allen,2023,72.0,1972.0,12.3,0.612,14.6,0.1,1.0,grayson allen
Jonas Valančiūnas,2023,79.0,1968.0,19.3,0.61,23.4,-0.4,0.8,jonas valanciunas
Eric Gordon,2023,69.0,1965.0,11.8,0.587,17.8,-1.9,0.1,eric gordon
Kevon Looney,2023,82.0,1958.0,17.8,0.639,10.6,2.1,2.0,kevon looney
Kyle Anderson,2023,69.0,1957.0,14.8,0.583,14.4,2.5,2.2,kyle anderson
Marcus Smart,2023,61.0,1957.0,12.1,0.538,17.8,-1.0,0.5,marcus smart
LeBron James,2023,55.0,1954.0,23.9,0.583,33.3,6.1,4.0,lebron james
Herbert Jones,2023,66.0,1951.0,12.1,0.567,14.5,-0.3,0.8,herbert jones
Torrey Craig,2023,79.0,1948.0,11.6,0.566,13.0,-0.6,0.7,torrey craig
Ja Morant,2023,61.0,1948.0,23.3,0.557,34.9,5.7,3.8,ja morant
Kelly Olynyk,2023,68.0,1942.0,14.4,0.643,17.8,0.4,1.2,kelly olynyk
Stephen Curry,2023,56.0,1941.0,24.1,0.656,31.0,7.5,4.7,stephen curry
Tyus Jones,2023,80.0,1940.0,16.0,0.546,17.7,1.6,1.7,tyus jones
Paul George,2023,56.0,1939.0,19.6,0.588,29.5,2.8,2.3,paul george
Al Horford,2023,63.0,1922.0,13.8,0.631,11.9,3.3,2.5,al horford
P.J. Tucker,2023,75.0,1920.0,5.7,0.566,6.5,-3.0,-0.5,p j tucker
Jalen McDaniels,2023,80.0,1913.0,11.8,0.557,17.2,-2.1,-0.1,jalen mcdaniels
Jakob Poeltl,2023,72.0,1906.0,21.0,0.635,18.2,1.9,1.9,jakob poeltl
Anthony Davis,2023,56.0,1904.0,27.8,0.627,28.4,6.3,4.0,anthony davis
Donte DiVincenzo,2023,72.0,1894.0,12.8,0.593,15.1,0.7,1.3,donte divincenzo
Bojan Bogdanović,2023,59.0,1893.0,17.4,0.627,25.9,0.8,1.4,bojan bogdanovic
Chris Paul,2023,59.0,1889.0,17.7,0.555,19.2,3.2,2.5,chris paul
Tyrese Haliburton,2023,56.0,1883.0,23.6,0.624,23.8,7.2,4.4,tyrese haliburton
Jarred Vanderbilt,2023,78.0,1879.0,15.1,0.604,13.6,1.1,1.5,jarred vanderbilt
Terance Mann,2023,81.0,1872.0,13.4,0.619,15.3,-0.2,0.8,terance mann
Troy Brown Jr.,2023,76.0,1860.0,9.6,0.561,12.1,-1.0,0.5,troy brown
Onyeka Okongwu,2023,80.0,1849.0,19.4,0.678,15.1,0.8,1.3,onyeka okongwu
Austin Reaves,2023,64.0,1843.0,14.9,0.687,16.2,0.7,1.2,austin reaves
Desmond Bane,2023,58.0,1841.0,19.1,0.606,26.1,3.5,2.5,desmond bane
Devin Booker,2023,53.0,1835.0,22.0,0.601,31.8,4.2,2.9,devin booker
Marcus Morris,2023,65.0,1825.0,10.5,0.534,17.6,-1.9,0.0,marcus morris
Myles Turner,2023,62.0,1825.0,20.0,0.651,22.0,2.1,1.9,myles turner
Bobby Portis,2023,70.0,1818.0,17.8,0.575,21.7,0.7,1.2,bobby portis
Aaron Nesmith,2023,73.0,1816.0,10.5,0.566,16.8,-3.0,-0.4,aaron nesmith
Patrick Beverley,2023,67.0,1816.0,8.9,0.534,10.6,-1.2,0.3,patrick beverley
Jevon Carter,2023,81.0,1810.0,10.9,0.56,15.3,-0.6,0.6,jevon carter
Michael Porter Jr.,2023,62.0,1798.0,16.8,0.621,22.7,0.2,1.0,michael porter
Naji Marshall,2023,77.0,1792.0,11.4,0.539,17.8,-1.9,0.1,naji marshall
Jaren Jackson Jr.,2023,63.0,1787.0,21.6,0.613,24.7,2.8,2.2,jaren jackson
Shaedon Sharpe,2023,80.0,1779.0,11.5,0.568,19.0,-3.3,-0.6,shaedon sharpe
Markelle Fultz,2023,60.0,1778.0,16.6,0.564,21.3,0.5,1.2,markelle fultz
Tari Eason,2023,82.0,1767.0,15.2,0.525,19.3,-1.7,0.1,tari eason
Gabe Vincent,2023,68.0,1759.0,9.0,0.533,17.5,-3.4,-0.6,gabe vincent
Kawhi Leonard,2023,52.0,1748.0,23.9,0.623,27.0,6.1,3.5,kawhi leonard
Malcolm Brogdon,2023,67.0,1744.0,18.2,0.615,22.8,2.8,2.1,malcolm brogdon
Christian Wood,2023,67.0,1738.0,20.6,0.624,26.4,1.7,1.6,christian wood
Coby White,2023,74.0,1730.0,12.5,0.572,17.9,-0.8,0.5,coby white
Clint Capela,2023,65.0,1730.0,22.1,0.656,15.7,2.2,1.8,clint capela
Malik Monk,2023,77.0,1719.0,16.6,0.587,25.8,0.3,1.0,malik monk
Kyle Lowry,2023,55.0,1718.0,12.6,0.565,16.7,0.2,0.9,kyle lowry
Nicolas Batum,2023,78.0,1709.0,11.0,0.594,11.5,0.5,1.0,nicolas batum
Walker Kessler,2023,74.0,1703.0,21.5,0.702,13.3,2.9,2.1,walker kessler
Monte Morris,2023,62.0,1695.0,15.0,0.579,15.6,0.5,1.1,monte morris
Wendell Carter Jr.,2023,57.0,1690.0,17.3,0.621,20.5,1.0,1.3,wendell carter
Santi Aldama,2023,77.0,1682.0,13.9,0.591,16.0,0.5,1.1,santi aldama
Bradley Beal,2023,50.0,1673.0,19.7,0.593,29.2,1.8,1.6,bradley beal
Kevin Durant,2023,47.0,1672.0,25.9,0.677,30.7,7.1,3.9,kevin durant
Jalen Duren,2023,67.0,1670.0,17.3,0.655,14.3,-0.8,0.5,jalen duren
Reggie Jackson,2023,68.0,1657.0,10.0,0.514,20.8,-3.9,-0.8,reggie jackson
Isaac Okoro,2023,76.0,1652.0,10.7,0.614,11.9,-0.3,0.7,isaac okoro
Isaiah Hartenstein,2023,82.0,1626.0,14.2,0.567,11.2,-0.3,0.7,isaiah hartenstein
Daniel Gafford,2023,78.0,1604.0,19.7,0.739,15.2,1.0,1.2,daniel gafford
Mitchell Robinson,2023,59.0,1591.0,18.9,0.652,10.1,2.4,1.7,mitchell robinson
Drew Eubanks,2023,78.0,1584.0,16.2,0.666,12.5,0.1,0.8,drew eubanks
Gordon Hayward,2023,50.0,1577.0,13.5,0.563,20.0,-1.4,0.2,gordon hayward
Alex Caruso,2023,67.0,1575.0,11.5,0.588,11.1,1.1,1.2,alex caruso
Shake Milton,2023,76.0,1567.0,12.7,0.575,18.5,-2.0,0.0,shake milton
Norman Powell,2023,60.0,1567.0,17.1,0.612,26.0,0.3,0.9,norman powell
Cole Anthony,2023,60.0,1552.0,16.0,0.57,21.5,1.3,1.3,cole anthony
Malaki Branham,2023,66.0,1550.0,9.5,0.524,19.1,-5.2,-1.3,malaki branham
Cedi Osman,2023,77.0,1548.0,12.0,0.579,18.2,-0.7,0.5,cedi osman
Kelly Oubre Jr.,2023,48.0,1548.0,14.8,0.534,26.5,-1.1,0.3,kelly oubre
Josh Green,2023,60.0,1539.0,11.2,0.645,14.6,-2.4,-0.2,josh green
Brandon Ingram,2023,45.0,1538.0,19.2,0.582,30.8,1.7,1.5,brandon ingram
Josh Richardson,2023,65.0,1530.0,12.3,0.555,18.4,-1.2,0.3,josh richardson
Joe Harris,2023,74.0,1527.0,10.6,0.621,14.3,-1.1,0.3,joe harris
T.J. McConnell,2023,75.0,1526.0,16.8,0.59,19.1,0.5,1.0,t j mcconnell
Chris Boucher,2023,76.0,1523.0,18.0,0.59,18.0,-0.1,0.7,chris boucher
Georges Niang,2023,78.0,1512.0,10.9,0.61,17.0,-1.4,0.2,georges niang
Bogdan Bogdanović,2023,54.0,1508.0,14.2,0.586,19.8,0.5,0.9,bogdan bogdanovic
Damion Lee,2023,74.0,1506.0,10.7,0.607,16.3,-1.7,0.1,damion lee
Bol Bol,2023,70.0,1505.0,14.4,0.603,18.2,-0.9,0.4,bol bol
John Konchar,2023,72.0,1494.0,10.8,0.542,10.4,0.5,0.9,john konchar
Rui Hachimura,2023,63.0,1466.0,13.2,0.556,20.2,-2.2,-0.1,rui hachimura
Dwight Powell,2023,76.0,1458.0,15.5,0.738,12.6,-1.2,0.3,dwight powell
Jeremy Sochan,2023,56.0,1458.0,11.4,0.509,19.8,-4.0,-0.7,jeremy sochan
Keita Bates-Diop,2023,67.0,1452.0,14.9,0.609,16.7,-0.6,0.5,keita bates diop
Davion Mitchell,2023,80.0,1447.0,9.4,0.545,14.1,-2.8,-0.3,davion mitchell
Pat Connaughton,2023,61.0,1443.0,10.0,0.531,13.8,-1.0,0.3,pat connaughton
Zach Collins,2023,63.0,1441.0,16.4,0.599,21.2,-0.2,0.6,zach collins
Isaiah Stewart,2023,50.0,1414.0,13.1,0.56,17.3,-2.1,0.0,isaiah stewart
AJ Griffin,2023,72.0,1401.0,12.6,0.577,17.9,-0.8,0.4,aj griffin
Isaiah Joe,2023,73.0,1395.0,14.5,0.626,17.7,0.9,1.0,isaiah joe
Jonathan Kuminga,2023,67.0,1394.0,13.3,0.597,19.6,-1.7,0.1,jonathan kuminga
Jusuf Nurkić,2023,52.0,1391.0,17.3,0.589,22.1,0.1,0.7,jusuf nurkic
Dennis Smith Jr.,2023,54.0,1390.0,11.6,0.475,17.6,-2.2,-0.1,dennis smith
Larry Nance Jr.,2023,65.0,1381.0,16.0,0.649,11.9,2.0,1.4,larry nance
Josh Okogie,2023,72.0,1350.0,13.3,0.531,17.7,-0.2,0.6,josh okogie
Devonte' Graham,2023,73.0,1338.0,12.5,0.552,17.1,-0.1,0.6,devonte graham
Terrence Ross,2023,63.0,1330.0,10.2,0.544,16.8,-2.1,0.0,terrence ross
Luke Kennard,2023,59.0,1315.0,13.0,0.684,14.5,0.5,0.8,luke kennard
Doug McDermott,2023,64.0,1314.0,11.1,0.59,19.2,-3.2,-0.4,doug mcdermott
Talen Horton-Tucker,2023,65.0,1313.0,13.7,0.508,25.9,-1.6,0.2,talen horton tucker
Jose Alvarado,2023,61.0,1310.0,11.8,0.525,19.8,-1.2,0.3,jose alvarado
Aaron Wiggins,2023,70.0,1297.0,12.2,0.607,14.5,-2.1,0.0,aaron wiggins
Lonnie Walker IV,2023,56.0,1297.0,12.2,0.57,20.2,-1.4,0.2,lonnie walker
Sam Hauser,2023,80.0,1290.0,12.7,0.634,14.7,1.0,1.0,sam hauser
Jalen Smith,2023,68.0,1279.0,15.9,0.565,21.0,-2.1,0.0,jalen smith
LaMelo Ball,2023,36.0,1268.0,17.9,0.541,30.0,2.4,1.4,lamelo ball
David Roddy,2023,70.0,1258.0,8.8,0.519,16.7,-3.9,-0.6,david roddy
Jaylen Nowell,2023,65.0,1252.0,13.7,0.527,25.0,-2.5,-0.2,jaylen nowell
Naz Reid,2023,68.0,1251.0,18.5,0.617,24.8,1.0,1.0,naz reid
Trey Lyles,2023,74.0,1247.0,14.2,0.607,18.1,-1.0,0.3,trey lyles
Jalen Suggs,2023,53.0,1246.0,12.5,0.528,20.3,-1.0,0.3,jalen suggs
Kevin Love,2023,62.0,1240.0,13.1,0.548,19.2,0.6,0.8,kevin love
Cory Joseph,2023,62.0,1227.0,12.1,0.558,15.2,-1.5,0.2,cory joseph
Delon Wright,2023,50.0,1221.0,16.3,0.581,12.9,3.4,1.7,delon wright
Nick Richards,2023,65.0,1217.0,18.3,0.676,15.6,-1.3,0.2,nick richards
Seth Curry,2023,61.0,1211.0,12.3,0.593,19.2,-2.1,0.0,seth curry
Ochai Agbaji,2023,59.0,1209.0,9.5,0.561,15.8,-3.0,-0.3,ochai agbaji
Kenrich Williams,2023,53.0,1206.0,14.4,0.585,13.7,0.5,0.8,kenrich williams
Matisse Thybulle,2023,71.0,1200.0,10.5,0.552,10.6,-0.5,0.4,matisse thybulle
Isaiah Livers,2023,52.0,1199.0,8.4,0.567,11.9,-2.4,-0.1,isaiah livers
Cameron Johnson,2023,42.0,1199.0,17.1,0.617,20.6,2.6,1.4,cameron johnson
Anthony Lamb,2023,62.0,1195.0,10.9,0.61,13.8,-1.1,0.3,anthony lamb
Taurean Prince,2023,54.0,1192.0,10.0,0.597,17.3,-3.3,-0.4,taurean prince
Andrew Wiggins,2023,37.0,1190.0,14.7,0.564,21.5,-0.5,0.5,andrew wiggins
Jordan Nwora,2023,62.0,1188.0,12.2,0.561,19.4,-2.1,0.0,jordan nwora
Gary Harris,2023,48.0,1184.0,10.5,0.62,12.6,-0.7,0.4,gary harris
Tre Mann,2023,67.0,1183.0,10.0,0.492,20.7,-3.9,-0.6,tre mann
Trendon Watford,2023,62.0,1182.0,13.6,0.625,16.1,-1.8,0.1,trendon watford
Christian Braun,2023,76.0,1181.0,10.3,0.568,13.0,-2.4,-0.1,christian braun
Xavier Tillman Sr.,2023,61.0,1180.0,17.3,0.621,13.7,1.9,1.2,xavier tillman
Devin Vassell,2023,38.0,1178.0,15.5,0.55,24.4,0.4,0.7,devin vassell
Collin Sexton,2023,48.0,1145.0,15.9,0.616,23.4,-1.3,0.2,collin sexton
Precious Achiuwa,2023,55.0,1140.0,15.2,0.554,19.4,-2.3,-0.1,precious achiuwa
Steven Adams,2023,42.0,1133.0,17.5,0.564,14.6,0.6,0.7,steven adams
Alec Burks,2023,51.0,1122.0,16.5,0.602,22.8,1.2,0.9,alec burks
Lamar Stevens,2023,62.0,1120.0,9.5,0.524,13.6,-2.8,-0.2,lamar stevens
Moritz Wagner,2023,57.0,1109.0,17.4,0.63,21.1,0.6,0.7,moritz wagner
Jordan Goodwin,2023,62.0,1106.0,14.8,0.531,17.3,0.7,0.8,jordan goodwin
Victor Oladipo,2023,42.0,1106.0,10.6,0.513,21.1,-2.1,0.0,victor oladipo
Ben Simmons,2023,42.0,1105.0,13.4,0.559,14.3,0.4,0.7,ben simmons
Jeff Green,2023,56.0,1091.0,11.0,0.576,17.0,-3.4,-0.4,jeff green
Brandon Clarke,2023,56.0,1090.0,20.0,0.682,17.7,2.5,1.3,brandon clarke
Bones Hyland,2023,56.0,1085.0,14.9,0.535,28.0,-0.8,0.3,bones hyland
Oshae Brissett,2023,65.0,1083.0,10.6,0.52,16.1,-3.2,-0.3,oshae brissett
Thomas Bryant,2023,59.0,1081.0,19.7,0.682,18.2,0.6,0.7,thomas bryant
Obi Toppin,2023,67.0,1050.0,13.6,0.565,19.5,-0.5,0.4,obi toppin
Joe Ingles,2023,46.0,1044.0,10.7,0.616,12.6,-0.7,0.3,joe ingles
Jalen Johnson,2023,70.0,1042.0,14.1,0.554,16.0,0.3,0.6,jalen johnson
Isaiah Jackson,2023,63.0,1042.0,17.5,0.595,17.4,-0.8,0.3,isaiah jackson
Dyson Daniels,2023,59.0,1042.0,8.8,0.503,11.6,-1.8,0.0,dyson daniels
Wenyen Gabriel,2023,68.0,1024.0,14.4,0.626,14.1,-2.2,-0.1,wenyen gabriel
Austin Rivers,2023,52.0,1016.0,7.4,0.564,10.5,-2.8,-0.2,austin rivers
Hamidou Diallo,2023,56.0,996.0,15.7,0.593,21.8,-1.4,0.1,hamidou diallo
Will Barton,2023,56.0,993.0,10.0,0.493,18.9,-2.6,-0.2,will barton
Marvin Bagley III,2023,42.0,990.0,17.2,0.587,20.4,-0.9,0.3,marvin bagley
Cam Reddish,2023,40.0,990.0,10.6,0.561,17.1,-3.4,-0.4,cam reddish
Jock Landale,2023,69.0,979.0,16.4,0.595,19.3,-1.1,0.2,jock landale
Nassir Little,2023,54.0,976.0,10.2,0.555,16.0,-3.0,-0.3,nassir little
Usman Garuba,2023,75.0,970.0,12.9,0.569,10.5,-1.4,0.2,usman garuba
JT Thor,2023,69.0,969.0,7.0,0.506,13.1,-4.7,-0.7,jt thor
Haywood Highsmith,2023,54.0,969.0,8.5,0.517,12.5,-3.1,-0.3,haywood highsmith
Cameron Payne,2023,48.0,968.0,13.2,0.512,24.8,-1.2,0.2,cameron payne
Kendrick Nunn,2023,70.0,964.0,11.1,0.53,23.7,-3.5,-0.4,kendrick nunn
Karl-Anthony Towns,2023,29.0,957.0,18.8,0.618,25.6,3.0,1.2,karl anthony towns
Zion Williamson,2023,29.0,956.0,25.2,0.652,30.4,5.8,1.9,zion williamson
Kevin Knox,2023,63.0,952.0,11.1,0.579,18.4,-3.5,-0.4,kevin knox
Cam Thomas,2023,57.0,948.0,14.7,0.567,27.8,-2.7,-0.2,cam thomas
Mike Muscala,2023,63.0,945.0,13.0,0.608,15.1,-0.4,0.4,mike muscala
Maxi Kleber,2023,37.0,930.0,8.7,0.592,10.3,-2.2,0.0,maxi kleber
Yuta Watanabe,2023,58.0,928.0,12.1,0.637,13.1,-0.6,0.3,yuta watanabe
Ish Wainright,2023,60.0,915.0,9.2,0.522,12.2,-1.2,0.2,ish wainright
Daishen Nix,2023,57.0,914.0,5.3,0.447,15.4,-6.5,-1.0,daishen nix
Jaylin Williams,2023,49.0,914.0,11.2,0.559,13.5,-1.7,0.1,jaylin williams
Chris Duarte,2023,46.0,897.0,8.6,0.496,19.0,-4.5,-0.6,chris duarte
Derrick Jones Jr.,2023,64.0,893.0,13.8,0.597,14.5,-0.4,0.3,derrick jones
Dean Wade,2023,44.0,891.0,8.5,0.55,10.2,-0.7,0.3,dean wade
Vlatko Čančar,2023,60.0,889.0,11.0,0.606,13.8,-1.8,0.0,vlatko cancar
Nickeil Alexander-Walker,2023,59.0,884.0,11.6,0.565,17.9,-0.9,0.2,nickeil alexander walker
Bismack Biyombo,2023,61.0,874.0,14.4,0.555,14.0,-0.9,0.2,bismack biyombo
Goran Dragić,2023,58.0,870.0,10.3,0.514,21.1,-3.9,-0.4,goran dragic
James Wiseman,2023,45.0,867.0,15.6,0.589,21.2,-3.5,-0.3,james wiseman
Théo Maledon,2023,44.0,854.0,11.6,0.515,17.0,-2.5,-0.1,theo maledon
Andre Drummond,2023,67.0,849.0,20.8,0.606,21.0,-0.8,0.3,andre drummond
Aaron Holiday,2023,63.0,845.0,9.4,0.528,13.4,-2.0,0.0,aaron holiday
Romeo Langford,2023,43.0,844.0,10.4,0.524,15.4,-4.2,-0.5,romeo langford
Terence Davis,2023,64.0,841.0,12.9,0.563,22.2,-1.5,0.1,terence davis
George Hill,2023,46.0,834.0,10.6,0.61,11.3,-1.5,0.1,george hill
Mark Williams,2023,43.0,828.0,19.8,0.659,17.0,0.1,0.4,mark williams
Robert Williams,2023,35.0,824.0,19.8,0.742,11.8,3.3,1.1,robert williams
Wesley Matthews,2023,52.0,820.0,7.0,0.519,9.8,-2.7,-0.1,wesley matthews
Moses Moody,2023,63.0,817.0,10.3,0.603,14.6,-2.6,-0.1,moses moody
Rudy Gay,2023,56.0,816.0,9.0,0.475,17.7,-4.0,-0.4,rudy gay
Ty Jerome,2023,45.0,816.0,12.8,0.594,14.9,-0.8,0.3,ty jerome
Jeremiah Robinson-Earl,2023,43.0,814.0,13.0,0.548,14.6,-1.5,0.1,jeremiah robinson earl
Jericho Sims,2023,52.0,812.0,13.8,0.78,7.4,-0.5,0.3,jericho sims
Caleb Houstan,2023,51.0,812.0,6.2,0.508,11.0,-4.0,-0.4,caleb houstan
Danuel House Jr.,2023,56.0,807.0,9.4,0.6,13.8,-3.0,-0.2,danuel house
Landry Shamet,2023,40.0,807.0,10.9,0.537,18.9,-1.4,0.1,landry shamet
Dario Šarić,2023,57.0,806.0,13.5,0.583,19.2,-1.4,0.1,dario saric
Luke Kornet,2023,69.0,804.0,16.7,0.697,11.5,1.0,0.6,luke kornet
Christian Koloko,2023,58.0,802.0,11.4,0.517,10.4,-3.5,-0.3,christian koloko
Khris Middleton,2023,33.0,801.0,17.4,0.551,27.4,0.8,0.6,khris middleton
JaMychal Green,2023,57.0,797.0,15.5,0.65,17.5,-0.5,0.3,jamychal green
Thaddeus Young,2023,54.0,795.0,14.1,0.573,13.5,0.1,0.4,thaddeus young
Bryce McGowens,2023,46.0,787.0,7.2,0.519,15.0,-6.0,-0.8,bryce mcgowens
Josh Christopher,2023,64.0,786.0,11.5,0.523,21.9,-4.3,-0.5,josh christopher
Robert Covington,2023,48.0,779.0,14.2,0.584,15.6,1.7,0.7,robert covington
Justise Winslow,2023,29.0,776.0,9.3,0.466,14.2,-2.8,-0.2,justise winslow
Mo Bamba,2023,49.0,769.0,15.7,0.602,16.6,0.5,0.5,mo bamba
Simone Fontecchio,2023,52.0,766.0,8.0,0.495,20.2,-5.2,-0.6,simone fontecchio
Miles McBride,2023,64.0,760.0,8.4,0.475,14.6,-2.3,-0.1,miles mcbride
Paul Reed,2023,69.0,755.0,19.2,0.62,16.4,-0.1,0.4,paul reed
John Wall,2023,34.0,755.0,13.6,0.498,27.0,-1.2,0.1,john wall
R.J. Hampton,2023,47.0,750.0,10.8,0.558,17.8,-2.9,-0.2,r j hampton
Edmond Sumner,2023,53.0,736.0,14.0,0.597,22.1,-2.6,-0.1,edmond sumner
Zeke Nnaji,2023,53.0,728.0,12.5,0.62,15.2,-3.7,-0.3,zeke nnaji
Jaden Hardy,2023,48.0,708.0,14.6,0.571,26.4,-2.3,0.0,jaden hardy
Justin Holiday,2023,46.0,706.0,6.6,0.494,14.1,-3.9,-0.3,justin holiday
MarJon Beauchamp,2023,52.0,701.0,8.2,0.513,18.3,-4.8,-0.5,marjon beauchamp
Aleksej Pokusevski,2023,34.0,701.0,13.4,0.522,18.3,0.0,0.3,aleksej pokusevski
Juan Toscano-Anderson,2023,52.0,700.0,7.2,0.505,11.3,-3.8,-0.3,juan toscano anderson
Malachi Flynn,2023,53.0,691.0,8.7,0.479,17.4,-4.1,-0.4,malachi flynn
Duncan Robinson,2023,42.0,691.0,7.8,0.534,17.9,-5.0,-0.5,duncan robinson
Chimezie Metu,2023,66.0,689.0,17.3,0.639,17.6,-0.1,0.3,chimezie metu
T.J. Warren,2023,42.0,687.0,13.5,0.55,19.5,-2.0,0.0,t j warren
Garrison Mathews,2023,54.0,686.0,9.7,0.573,14.7,-2.4,-0.1,garrison mathews
Montrezl Harrell,2023,57.0,681.0,17.6,0.631,18.9,-1.3,0.1,montrezl harrell
Jordan McLaughlin,2023,43.0,678.0,11.8,0.526,11.7,-0.7,0.2,jordan mclaughlin
Jae'Sean Tate,2023,31.0,677.0,12.2,0.546,18.8,-3.5,-0.3,jae sean tate
Blake Wesley,2023,37.0,669.0,3.5,0.393,18.5,-9.6,-1.3,blake wesley
Sandro Mamukelashvili,2023,43.0,660.0,13.4,0.516,18.2,-2.4,-0.1,sandro mamukelashvili
Eugene Omoruyi,2023,40.0,645.0,10.9,0.533,19.3,-4.4,-0.4,eugene omoruyi
Payton Pritchard,2023,48.0,643.0,10.3,0.536,19.8,-3.4,-0.2,payton pritchard
Amir Coffey,2023,50.0,625.0,7.0,0.498,13.5,-5.0,-0.5,amir coffey
Anthony Gill,2023,59.0,624.0,11.1,0.604,12.3,-3.3,-0.2,anthony gill
Jabari Walker,2023,56.0,619.0,9.6,0.496,17.3,-6.1,-0.6,jabari walker
Darius Bazley,2023,43.0,616.0,13.1,0.524,16.4,-1.0,0.2,darius bazley
Juancho Hernangómez,2023,42.0,614.0,7.6,0.504,9.4,-3.3,-0.2,juancho hernangomez
Jaxson Hayes,2023,47.0,610.0,13.7,0.605,15.7,-1.2,0.1,jaxson hayes
Frank Ntilikina,2023,47.0,607.0,5.2,0.461,13.1,-6.7,-0.7,frank ntilikina
DeAndre Jordan,2023,39.0,586.0,14.7,0.731,13.7,-1.8,0.0,deandre jordan
Blake Griffin,2023,41.0,569.0,13.1,0.59,12.7,0.1,0.3,blake griffin
Ousmane Dieng,2023,39.0,569.0,9.3,0.505,15.9,-3.6,-0.2,ousmane dieng
Kris Dunn,2023,22.0,568.0,19.1,0.606,20.2,2.4,0.6,kris dunn
Patty Mills,2023,40.0,567.0,10.6,0.554,19.7,-3.1,-0.2,patty mills
Ricky Rubio,2023,33.0,566.0,10.4,0.442,17.7,-2.8,-0.1,ricky rubio
Ziaire Williams,2023,37.0,561.0,7.4,0.511,18.0,-5.6,-0.5,ziaire williams
Day'Ron Sharpe,2023,48.0,552.0,17.8,0.581,19.0,-2.3,0.0,day ron sharpe
Kai Jones,2023,46.0,550.0,10.8,0.597,12.4,-4.0,-0.3,kai jones
Lindy Waters III,2023,41.0,531.0,11.8,0.573,15.5,0.1,0.3,lindy waters
Rodney McGruder,2023,32.0,524.0,10.7,0.566,14.0,-1.5,0.1,rodney mcgruder
Chuma Okeke,2023,27.0,518.0,9.1,0.488,12.3,-1.6,0.1,chuma okeke
James Bouknight,2023,34.0,515.0,6.2,0.463,19.5,-6.5,-0.6,james bouknight
Max Christie,2023,41.0,512.0,7.4,0.566,10.4,-3.1,-0.1,max christie
Charles Bassey,2023,35.0,508.0,18.8,0.658,15.6,0.7,0.3,charles bassey
Raul Neto,2023,48.0,505.0,12.6,0.628,13.2,-0.2,0.2,raul neto
Dāvis Bertāns,2023,45.0,492.0,11.9,0.618,16.2,-1.2,0.1,davis bertans
Taj Gibson,2023,49.0,480.0,11.4,0.585,15.3,-3.2,-0.1,taj gibson
Javonte Green,2023,32.0,480.0,14.5,0.646,13.6,1.4,0.4,javonte green
Damian Jones,2023,41.0,477.0,12.9,0.719,10.7,-1.7,0.0,damian jones
Isaiah Roby,2023,42.0,474.0,9.3,0.497,17.8,-4.6,-0.3,isaiah roby
Stanley Johnson,2023,30.0,469.0,13.5,0.625,15.2,-1.0,0.1,stanley johnson
Svi Mykhailiuk,2023,32.0,468.0,14.0,0.584,19.3,-0.1,0.2,svi mykhailiuk
Evan Fournier,2023,27.0,459.0,6.9,0.471,18.4,-4.0,-0.2,evan fournier
Willy Hernangómez,2023,38.0,458.0,20.7,0.61,23.8,0.3,0.3,willy hernangomez
Kevon Harris,2023,34.0,457.0,9.2,0.564,13.7,-3.6,-0.2,kevon harris
Goga Bitadze,2023,38.0,457.0,17.1,0.582,15.4,0.3,0.3,goga bitadze
Admiral Schofield,2023,37.0,451.0,10.1,0.587,14.1,-2.9,-0.1,admiral schofield
TyTy Washington Jr.,2023,31.0,433.0,7.5,0.432,17.4,-6.3,-0.5,tyty washington
Dewayne Dedmon,2023,38.0,426.0,15.5,0.577,20.6,-1.6,0.0,dewayne dedmon
Orlando Robinson,2023,31.0,425.0,13.4,0.565,12.4,-2.1,0.0,orlando robinson
Johnny Davis,2023,28.0,423.0,7.2,0.446,20.5,-7.4,-0.6,johnny davis
Keon Johnson,2023,40.0,416.0,9.0,0.482,25.0,-5.4,-0.4,keon johnson
Jake LaRavia,2023,35.0,414.0,6.7,0.531,11.7,-3.5,-0.2,jake laravia
Dominick Barlow,2023,28.0,408.0,12.4,0.567,11.3,-4.6,-0.3,dominick barlow
Bruno Fernando,2023,39.0,405.0,16.6,0.571,16.3,-2.0,0.0,bruno fernando
Cade Cunningham,2023,12.0,400.0,14.0,0.492,30.0,-0.7,0.1,cade cunningham
Ish Smith,2023,43.0,398.0,6.5,0.407,19.3,-6.6,-0.5,ish smith
Duane Washington Jr.,2023,31.0,394.0,9.3,0.458,32.5,-4.6,-0.3,duane washington
Kessler Edwards,2023,36.0,385.0,8.4,0.502,12.7,-3.9,-0.2,kessler edwards
Saben Lee,2023,25.0,373.0,13.1,0.517,19.5,-1.8,0.0,saben lee
Gary Payton II,2023,22.0,367.0,13.3,0.701,10.3,0.3,0.2,gary payton
Udoka Azubuike,2023,36.0,359.0,16.1,0.774,11.5,-0.6,0.1,udoka azubuike
Gorgui Dieng,2023,31.0,358.0,9.9,0.493,17.9,-3.9,-0.2,gorgui dieng
JaVale McGee,2023,42.0,355.0,17.2,0.65,22.8,-3.7,-0.1,javale mcgee
Markieff Morris,2023,35.0,355.0,10.4,0.553,17.2,-2.7,-0.1,markieff morris
Furkan Korkmaz,2023,37.0,353.0,9.3,0.552,19.1,-4.4,-0.2,furkan korkmaz
Richaun Holmes,2023,42.0,348.0,12.9,0.668,13.7,-2.9,-0.1,richaun holmes
A.J. Green,2023,35.0,345.0,11.5,0.607,16.6,-0.9,0.1,a j green
Davon Reed,2023,43.0,342.0,6.2,0.471,14.5,-5.3,-0.3,davon reed
Jae Crowder,2023,18.0,340.0,14.6,0.624,13.2,1.2,0.3,jae crowder
Derrick Rose,2023,27.0,338.0,10.1,0.463,23.6,-3.7,-0.1,derrick rose
McKinley Wright IV,2023,27.0,335.0,12.4,0.536,16.9,-2.7,-0.1,mckinley wright
Theo Pinson,2023,40.0,323.0,10.1,0.512,14.7,-3.4,-0.1,theo pinson
Julian Champagnie,2023,17.0,320.0,13.4,0.6,19.2,-3.3,-0.1,julian champagnie
Matt Ryan,2023,34.0,310.0,8.1,0.538,16.5,-3.4,-0.1,matt ryan
Robin Lopez,2023,37.0,299.0,11.6,0.675,16.1,-3.0,-0.1,robin lopez
Moses Brown,2023,36.0,294.0,22.2,0.607,21.2,-0.6,0.1,moses brown
Nathan Knight,2023,38.0,291.0,14.5,0.655,18.7,-3.2,-0.1,nathan knight
Kennedy Chandler,2023,36.0,281.0,10.6,0.44,15.8,-2.7,0.0,kennedy chandler
Dalano Banton,2023,31.0,279.0,14.9,0.505,24.2,-0.5,0.1,dalano banton
Trent Forrest,2023,23.0,277.0,6.1,0.424,11.6,-5.1,-0.2,trent forrest
Bryn Forbes,2023,25.0,268.0,6.2,0.497,16.2,-6.3,-0.3,bryn forbes
Terry Taylor,2023,31.0,264.0,11.0,0.557,14.2,-4.1,-0.1,terry taylor
Jeff Dowtin Jr.,2023,25.0,259.0,9.9,0.5,10.9,-1.9,0.0,jeff dowtin
KZ Okpala,2023,35.0,248.0,6.2,0.554,8.4,-3.2,-0.1,kz okpala
Brandon Boston Jr.,2023,22.0,248.0,13.4,0.515,26.5,-2.2,0.0,brandon boston
Luka Garza,2023,28.0,243.0,23.0,0.652,26.9,-0.4,0.1,luka garza
Jamal Cain,2023,18.0,240.0,16.5,0.647,15.1,0.8,0.2,jamal cain
Kira Lewis Jr.,2023,25.0,235.0,14.5,0.584,19.7,-0.3,0.1,kira lewis
Frank Kaminsky,2023,36.0,235.0,15.3,0.635,14.1,2.8,0.3,frank kaminsky
Johnny Juzang,2023,18.0,232.0,6.5,0.411,19.6,-6.5,-0.3,johnny juzang
David Duke Jr.,2023,23.0,228.0,8.3,0.497,20.1,-7.3,-0.3,david duke
Patrick Baldwin Jr.,2023,31.0,226.0,11.3,0.546,22.8,-2.1,0.0,patrick baldwin
John Butler,2023,19.0,221.0,5.7,0.411,11.0,-6.2,-0.2,john butler
Cody Zeller,2023,15.0,217.0,16.4,0.659,18.1,-2.8,0.0,cody zeller
Dalen Terry,2023,38.0,214.0,14.1,0.523,18.4,0.0,0.1,dalen terry
Matthew Dellavedova,2023,32.0,213.0,6.7,0.443,12.7,-5.2,-0.2,matthew dellavedova
Thanasis Antetokounmpo,2023,37.0,206.0,6.7,0.458,13.8,-7.6,-0.3,thanasis antetokounmpo
Nikola Jović,2023,15.0,204.0,10.6,0.53,19.0,-3.4,-0.1,nikola jovic
Jared Rhoden,2023,14.0,198.0,6.5,0.482,10.7,-6.1,-0.2,jared rhoden
Moussa Diabaté,2023,22.0,195.0,14.2,0.546,14.1,-2.8,0.0,moussa diabate
Nerlens Noel,2023,17.0,195.0,7.9,0.424,12.0,-3.8,-0.1,nerlens noel
Skylar Mays,2023,6.0,189.0,19.4,0.624,19.3,0.0,0.1,skylar mays
Peyton Watson,2023,23.0,186.0,12.8,0.553,17.7,-2.8,0.0,peyton watson
Serge Ibaka,2023,16.0,185.0,9.8,0.553,16.1,-4.5,-0.1,serge ibaka
Kenneth Lofton Jr.,2023,24.0,176.0,20.2,0.572,27.6,-0.4,0.1,kenneth lofton
Mamadi Diakite,2023,22.0,176.0,9.0,0.56,16.0,-3.4,-0.1,mamadi diakite
Ryan Arcidiacono,2023,20.0,172.0,2.7,0.351,11.1,-8.8,-0.3,ryan arcidiacono
Boban Marjanović,2023,31.0,171.0,23.4,0.71,20.8,1.6,0.2,boban marjanovic
Noah Vonleh,2023,23.0,171.0,5.9,0.502,9.2,-6.3,-0.2,noah vonleh
Vít Krejčí,2023,29.0,165.0,7.7,0.475,10.9,-3.6,-0.1,vit krejci
Garrett Temple,2023,25.0,162.0,10.5,0.535,13.4,-1.0,0.0,garrett temple
Khem Birch,2023,20.0,162.0,9.4,0.629,11.1,-3.5,-0.1,khem birch
James Johnson,2023,18.0,162.0,8.4,0.486,15.7,-4.4,-0.1,james johnson
Alex Len,2023,26.0,161.0,12.8,0.58,14.1,-4.0,-0.1,alex len
Luka Šamanić,2023,7.0,161.0,11.0,0.55,18.9,-2.1,0.0,luka samanic
Dru Smith,2023,15.0,158.0,11.4,0.475,13.8,-0.9,0.0,dru smith
Wendell Moore Jr.,2023,29.0,153.0,9.3,0.465,14.9,-2.4,0.0,wendell moore
Otto Porter Jr.,2023,8.0,146.0,14.0,0.656,11.0,0.7,0.1,otto porter
Kemba Walker,2023,9.0,144.0,15.0,0.543,22.1,-0.3,0.1,kemba walker
Danny Green,2023,11.0,138.0,10.8,0.617,18.9,-1.9,0.0,danny green
Jarrett Culver,2023,10.0,137.0,9.5,0.452,17.1,-4.2,-0.1,jarrett culver
Quenton Jackson,2023,9.0,135.0,12.2,0.542,17.9,-5.1,-0.1,quenton jackson
Cody Martin,2023,7.0,134.0,8.7,0.448,12.9,-4.6,-0.1,cody martin
Nate Williams,2023,5.0,127.0,15.5,0.657,15.2,-3.0,0.0,nate williams
Xavier Cooks,2023,10.0,126.0,14.3,0.586,13.9,-3.6,-0.1,xavier cooks
Jason Preston,2023,14.0,124.0,10.3,0.489,18.3,-2.6,0.0,jason preston
Jonathan Isaac,2023,11.0,124.0,20.3,0.483,21.1,4.0,0.2,jonathan isaac
Shaquille Harrison,2023,5.0,120.0,17.9,0.516,17.6,0.1,0.1,shaquille harrison
Meyers Leonard,2023,9.0,114.0,12.0,0.652,14.4,-5.0,-0.1,meyers leonard
Olivier Sarr,2023,9.0,114.0,11.5,0.544,13.6,-4.9,-0.1,olivier sarr
Andre Iguodala,2023,8.0,113.0,7.3,0.521,9.4,-2.5,0.0,andre iguodala
Daniel Theis,2023,7.0,109.0,14.2,0.497,20.1,-1.4,0.0,daniel theis
A.J. Lawson,2023,15.0,108.0,13.9,0.589,21.1,-4.4,-0.1,a j lawson
Justin Jackson,2023,23.0,107.0,6.3,0.359,12.2,-2.6,0.0,justin jackson
Vince Williams Jr.,2023,15.0,105.0,3.9,0.367,18.1,-8.5,-0.2,vince williams
Josh Minott,2023,15.0,96.0,17.9,0.582,18.9,-1.6,0.0,josh minott
Jay Huff,2023,7.0,95.0,22.3,0.796,16.9,4.0,0.1,jay huff
Greg Brown III,2023,16.0,93.0,5.8,0.421,18.4,-8.5,-0.2,greg brown
Joshua Primo,2023,4.0,93.0,6.1,0.467,18.2,-6.3,-0.1,joshua primo
Buddy Boeheim,2023,10.0,90.0,0.5,0.287,13.2,-9.5,-0.2,buddy boeheim
Jaden Springer,2023,16.0,89.0,17.2,0.545,20.8,0.3,0.1,jaden springer
Justin Minaya,2023,4.0,89.0,4.0,0.363,13.4,-9.0,-0.2,justin minaya
Lindell Wigginton,2023,7.0,87.0,11.8,0.61,25.6,-6.7,-0.1,lindell wigginton
Isaiah Mobley,2023,12.0,84.0,14.1,0.521,16.4,-1.4,0.0,isaiah mobley
Jordan Hall,2023,9.0,83.0,5.5,0.438,19.4,-7.6,-0.1,jordan hall
Omer Yurtseven,2023,9.0,83.0,16.7,0.675,18.0,-3.9,0.0,omer yurtseven
PJ Dozier,2023,16.0,79.0,5.2,0.333,20.6,-7.8,-0.1,pj dozier
Jared Butler,2023,6.0,77.0,13.0,0.578,20.1,-2.6,0.0,jared butler
Keon Ellis,2023,16.0,71.0,14.0,0.629,12.1,1.3,0.1,keon ellis
Udonis Haslem,2023,7.0,71.0,6.2,0.433,20.1,-12.1,-0.2,udonis haslem
Jamaree Bouyea,2023,5.0,71.0,6.5,0.504,11.8,-4.2,0.0,jamaree bouyea
Trevelin Queen,2023,7.0,70.0,6.0,0.337,22.9,-7.2,-0.1,trevelin queen
Leandro Bolmaro,2023,14.0,68.0,-5.0,0.15,16.6,-14.7,-0.2,leandro bolmaro
Jack White,2023,17.0,66.0,12.6,0.517,14.7,-1.9,0.0,jack white
Tyrese Martin,2023,16.0,66.0,7.7,0.44,16.5,-7.4,-0.1,tyrese martin
JD Davison,2023,12.0,66.0,10.1,0.478,15.8,-4.2,0.0,jd davison
Ryan Rollins,2023,12.0,62.0,-1.4,0.508,26.1,-15.0,-0.2,ryan rollins
Isaiah Todd,2023,6.0,61.0,-1.0,0.226,15.6,-14.2,-0.2,isaiah todd
Sam Merrill,2023,5.0,59.0,15.5,0.546,17.3,1.2,0.0,sam merrill
Carlik Jones,2023,7.0,56.0,11.1,0.54,16.2,-2.5,0.0,carlik jones
Gabe York,2023,3.0,56.0,11.8,0.548,16.4,-3.5,0.0,gabe york
Devon Dotson,2023,6.0,53.0,4.8,0.15,10.7,-5.3,0.0,devon dotson
Facundo Campazzo,2023,8.0,52.0,7.8,0.36,14.7,-1.2,0.0,facundo campazzo
Micah Potter,2023,7.0,52.0,18.6,0.8,13.7,3.5,0.1,micah potter
Joe Wieskamp,2023,9.0,50.0,-0.4,0.321,12.8,-10.6,-0.1,joe wieskamp
Ron Harper Jr.,2023,9.0,48.0,15.7,0.608,14.6,1.2,0.0,ron harper
Xavier Sneed,2023,4.0,48.0,9.5,0.723,12.9,-3.6,0.0,xavier sneed
Michael Carter-Williams,2023,4.0,44.0,9.0,0.498,20.6,-6.3,0.0,michael carter williams
Cole Swider,2023,7.0,41.0,7.4,0.5,9.3,-3.4,0.0,cole swider
Mac McClung,2023,2.0,41.0,19.2,0.563,27.5,0.5,0.0,mac mcclung
Jacob Gilyard,2023,1.0,41.0,7.3,0.5,5.1,-6.1,0.0,jacob gilyard
Kendall Brown,2023,6.0,40.0,9.1,0.571,10.4,-2.9,0.0,kendall brown
Jarrell Brantley,2023,4.0,39.0,18.5,0.739,18.1,3.5,0.1,jarrell brantley
Mfiondu Kabengele,2023,4.0,36.0,8.1,0.381,10.8,-8.9,-0.1,mfiondu kabengele
RaiQuan Gray,2023,1.0,35.0,15.5,0.621,21.4,-2.0,0.0,raiquan gray
Justin Champagnie,2023,5.0,34.0,10.3,0.367,19.2,-7.9,-0.1,justin champagnie
Tony Bradley,2023,12.0,33.0,21.7,0.69,19.8,4.9,0.1,tony bradley
Scotty Pippen Jr.,2023,6.0,32.0,9.6,0.439,23.7,-5.9,0.0,scotty pippen
Alize Johnson,2023,4.0,30.0,4.3,0.509,15.0,-9.1,-0.1,alize johnson
Jay Scrubb,2023,2.0,30.0,14.2,0.825,15.6,-1.9,0.0,jay scrubb
Neemias Queta,2023,5.0,29.0,17.0,0.607,16.1,-3.4,0.0,neemias queta
Louis King,2023,1.0,29.0,21.3,0.744,23.8,2.3,0.0,louis king
Vernon Carey Jr.,2023,11.0,28.0,10.8,0.338,16.9,-5.0,0.0,vernon carey
Trevor Hudgins,2023,5.0,28.0,4.2,0.436,16.8,-8.4,0.0,trevor hudgins
Kobi Simmons,2023,5.0,28.0,9.0,0.363,11.8,-0.9,0.0,kobi simmons
Darius Days,2023,4.0,25.0,18.3,0.582,21.4,3.5,0.0,darius days
Sterling Brown,2023,4.0,24.0,7.0,0.0,7.0,-3.3,0.0,sterling brown
Chance Comanche,2023,1.0,21.0,12.2,0.518,14.0,-7.5,0.0,chance comanche
Marko Simonovic,2023,7.0,20.0,-0.1,0.381,17.4,-14.4,-0.1,marko simonovic
Xavier Moon,2023,4.0,20.0,7.2,0.389,21.8,-5.1,0.0,xavier moon
Lester Quiñones,2023,4.0,18.0,8.6,0.654,29.4,-10.2,0.0,lester quinones
Dereon Seabron,2023,5.0,12.0,4.6,0.4,17.9,-11.3,0.0,dereon seabron
Dylan Windler,2023,3.0,10.0,19.0,0.833,17.9,6.7,0.0,dylan windler
Malcolm Hill,2023,5.0,9.0,15.4,0.625,19.7,2.4,0.0,malcolm hill
Braxton Key,2023,3.0,9.0,18.6,1.064,8.9,2.9,0.0,braxton key
Tyler Dorsey,2023,3.0,8.0,45.5,0.9,28.3,17.8,0.0,tyler dorsey
Trevor Keels,2023,3.0,8.0,3.7,0.375,21.4,-13.0,0.0,trevor keels
Chima Moneke,2023,2.0,8.0,-3.5,0.347,26.2,-20.7,0.0,chima moneke
Deonte Burton,2023,2.0,6.0,-12.6,0.0,14.3,-24.2,0.0,deonte burton
Jordan Schakel,2023,2.0,6.0,24.3,0.75,14.5,17.0,0.0,jordan schakel
Frank Jackson,2023,1.0,5.0,-6.8,0.0,25.1,-22.2,0.0,frank jackson
Alondes Williams,2023,1.0,5.0,-20.9,,17.7,-26.5,0.0,alondes williams
Donovan Williams,2023,2.0,4.0,14.5,0.4,52.5,-15.2,0.0,donovan williams
Chris Silva,2023,1.0,3.0,-2.2,1.0,30.1,-22.6,0.0,chris silva
Stanley Umude,2023,1.0,2.0,65.6,0.532,40.0,48.6,0.0,stanley umude
Michael Foster Jr.,2023,1.0,1.0,0.0,,0.0,-9.2,0.0,michael foster
DeMar DeRozan,2024,79.0,2989.0,19.7,0.584,25.8,1.8,2.8,demar derozan
Domantas Sabonis,2024,82.0,2928.0,23.2,0.637,22.2,6.5,6.2,domantas sabonis
Coby White,2024,79.0,2881.0,14.5,0.57,22.7,-0.7,0.9,coby white
Mikal Bridges,2024,82.0,2854.0,14.9,0.56,24.3,-0.4,1.2,mikal bridges
Paolo Banchero,2024,80.0,2799.0,17.3,0.546,29.7,1.3,2.3,paolo banchero
Kevin Durant,2024,75.0,2791.0,21.2,0.626,29.0,4.0,4.3,kevin durant
Dejounte Murray,2024,78.0,2783.0,17.7,0.555,26.6,1.7,2.6,dejounte murray
Anthony Edwards,2024,79.0,2770.0,19.7,0.575,32.3,3.3,3.7,anthony edwards
Nikola Jokić,2024,79.0,2737.0,31.0,0.65,29.3,13.2,10.6,nikola jokic
Jalen Brunson,2024,77.0,2726.0,23.4,0.592,32.5,5.8,5.4,jalen brunson
Josh Hart,2024,81.0,2707.0,11.8,0.522,13.5,0.0,1.4,josh hart
Anthony Davis,2024,76.0,2700.0,25.8,0.621,26.7,5.1,4.9,anthony davis
Fred VanVleet,2024,73.0,2684.0,16.7,0.568,19.7,3.4,3.6,fred vanvleet
De'Aaron Fox,2024,74.0,2659.0,20.1,0.567,31.0,2.7,3.2,de aaron fox
Pascal Siakam,2024,80.0,2657.0,19.7,0.601,25.3,1.9,2.7,pascal siakam
Jayson Tatum,2024,74.0,2645.0,22.3,0.604,30.2,5.1,4.7,jayson tatum
Austin Reaves,2024,82.0,2629.0,15.5,0.613,20.3,0.4,1.6,austin reaves
Tyrese Maxey,2024,70.0,2626.0,19.8,0.573,28.0,3.1,3.4,tyrese maxey
Luka Dončić,2024,70.0,2624.0,28.1,0.617,36.0,9.9,8.0,luka doncic
Nikola Vučević,2024,76.0,2610.0,17.7,0.54,23.3,0.1,1.4,nikola vucevic
Jalen Green,2024,82.0,2601.0,14.7,0.541,27.4,-0.5,1.0,jalen green
Rudy Gobert,2024,76.0,2593.0,19.3,0.675,15.4,1.8,2.5,rudy gobert
Keegan Murray,2024,77.0,2588.0,13.3,0.569,18.1,-0.9,0.8,keegan murray
Miles Bridges,2024,69.0,2581.0,15.4,0.556,24.7,-1.1,0.6,miles bridges
Damian Lillard,2024,73.0,2579.0,19.6,0.59,28.4,2.1,2.7,damian lillard
Giannis Antetokounmpo,2024,73.0,2567.0,29.9,0.649,33.0,9.0,7.2,giannis antetokounmpo
Michael Porter Jr.,2024,81.0,2565.0,15.5,0.601,20.7,0.1,1.3,michael porter
Shai Gilgeous-Alexander,2024,75.0,2553.0,29.3,0.636,32.8,9.0,7.1,shai gilgeous alexander
Grayson Allen,2024,75.0,2513.0,13.8,0.679,14.5,1.3,2.0,grayson allen
LeBron James,2024,71.0,2504.0,23.7,0.63,29.2,6.5,5.4,lebron james
Paul George,2024,74.0,2502.0,19.3,0.613,26.6,3.2,3.3,paul george
Dennis Schröder,2024,80.0,2486.0,13.3,0.55,20.3,-1.8,0.1,dennis schroder
D'Angelo Russell,2024,76.0,2484.0,16.0,0.588,23.0,0.9,1.8,d angelo russell
James Harden,2024,72.0,2470.0,18.6,0.612,20.6,4.1,3.8,james harden
Devin Booker,2024,68.0,2447.0,21.9,0.611,29.8,3.0,3.1,devin booker
Jarrett Allen,2024,77.0,2442.0,21.8,0.664,19.4,3.0,3.1,jarrett allen
Jabari Smith Jr.,2024,76.0,2424.0,13.8,0.571,17.6,-0.4,1.0,jabari smith
Stephen Curry,2024,74.0,2421.0,20.6,0.616,31.3,5.2,4.4,stephen curry
Bam Adebayo,2024,71.0,2416.0,19.8,0.576,24.9,2.4,2.7,bam adebayo
Chet Holmgren,2024,82.0,2413.0,20.4,0.632,21.6,3.4,3.3,chet holmgren
Brook Lopez,2024,79.0,2411.0,14.8,0.608,16.0,1.0,1.8,brook lopez
Kentavious Caldwell-Pope,2024,76.0,2402.0,10.7,0.602,12.9,-1.4,0.4,kentavious caldwell pope
Bogdan Bogdanović,2024,79.0,2401.0,14.7,0.569,22.3,0.2,1.4,bogdan bogdanovic
Brandon Miller,2024,74.0,2383.0,13.0,0.552,23.9,-2.6,-0.3,brandon miller
Harrison Barnes,2024,82.0,2381.0,11.9,0.611,15.7,-1.8,0.1,harrison barnes
Derrick White,2024,73.0,2381.0,16.9,0.611,18.6,3.8,3.5,derrick white
Tobias Harris,2024,70.0,2368.0,16.5,0.576,20.7,0.9,1.7,tobias harris
Donte DiVincenzo,2024,81.0,2360.0,16.0,0.597,21.3,3.4,3.2,donte divincenzo
Jordan Poole,2024,78.0,2346.0,12.1,0.529,26.4,-3.9,-1.2,jordan poole
Jaylen Brown,2024,70.0,2343.0,18.6,0.58,28.9,0.7,1.6,jaylen brown
Malik Beasley,2024,79.0,2337.0,10.3,0.603,14.6,-1.8,0.1,malik beasley
Franz Wagner,2024,72.0,2337.0,17.6,0.575,25.7,1.2,1.9,franz wagner
Kawhi Leonard,2024,68.0,2330.0,23.2,0.626,26.5,5.5,4.4,kawhi leonard
Herbert Jones,2024,76.0,2321.0,13.2,0.636,14.1,0.6,1.6,herbert jones
Aaron Gordon,2024,73.0,2297.0,16.8,0.607,17.8,1.3,1.9,aaron gordon
Klay Thompson,2024,77.0,2284.0,13.9,0.576,24.2,-0.4,0.9,klay thompson
Kyle Kuzma,2024,70.0,2281.0,15.7,0.547,29.7,-1.1,0.5,kyle kuzma
Jrue Holiday,2024,69.0,2263.0,14.4,0.597,16.3,2.1,2.4,jrue holiday
Deni Avdija,2024,75.0,2257.0,14.9,0.597,20.2,-0.9,0.6,deni avdija
Devin Vassell,2024,68.0,2248.0,15.7,0.578,23.5,0.0,1.1,devin vassell
Luguentz Dort,2024,79.0,2246.0,11.1,0.593,15.4,-1.6,0.2,luguentz dort
Max Strus,2024,70.0,2239.0,11.7,0.553,17.4,-0.6,0.8,max strus
Dillon Brooks,2024,72.0,2227.0,9.4,0.549,17.6,-3.6,-0.9,dillon brooks
Tyrese Haliburton,2024,69.0,2224.0,23.3,0.605,24.6,6.9,5.0,tyrese haliburton
Jalen Williams,2024,71.0,2223.0,19.1,0.621,23.7,2.3,2.4,jalen williams
P.J. Washington,2024,73.0,2221.0,12.2,0.537,19.1,-2.1,-0.1,p j washington
Jaden Ivey,2024,77.0,2217.0,12.4,0.536,24.9,-3.1,-0.6,jaden ivey
Ayo Dosunmu,2024,76.0,2212.0,13.4,0.604,17.2,-0.8,0.7,ayo dosunmu
Zion Williamson,2024,70.0,2207.0,22.8,0.61,29.7,3.8,3.3,zion williamson
Mike Conley,2024,76.0,2193.0,15.8,0.627,16.0,3.4,3.0,mike conley
Jeremy Sochan,2024,74.0,2193.0,11.4,0.513,18.8,-3.4,-0.8,jeremy sochan
Buddy Hield,2024,84.0,2160.0,13.3,0.578,19.2,0.4,1.3,buddy hield
CJ McCollum,2024,66.0,2159.0,17.9,0.592,24.7,3.1,2.8,cj mccollum
Spencer Dinwiddie,2024,76.0,2152.0,11.7,0.543,16.6,-1.9,0.1,spencer dinwiddie
Tre Jones,2024,77.0,2138.0,14.7,0.591,15.2,-0.4,0.9,tre jones
Grant Williams,2024,76.0,2130.0,10.6,0.588,15.9,-2.6,-0.3,grant williams
Jaren Jackson Jr.,2024,66.0,2124.0,17.4,0.552,30.4,0.4,1.3,jaren jackson
Tim Hardaway Jr.,2024,79.0,2120.0,12.1,0.542,22.6,-2.9,-0.5,tim hardaway
Nic Claxton,2024,71.0,2116.0,18.7,0.629,15.6,1.2,1.7,nic claxton
Jaime Jaquez Jr.,2024,75.0,2113.0,12.9,0.574,18.7,-1.9,0.1,jaime jaquez
Taurean Prince,2024,78.0,2108.0,8.8,0.579,13.8,-2.8,-0.4,taurean prince
Victor Wembanyama,2024,71.0,2106.0,23.1,0.565,32.2,5.2,3.8,victor wembanyama
Jaden McDaniels,2024,72.0,2105.0,9.4,0.571,15.7,-2.6,-0.3,jaden mcdaniels
Brandon Ingram,2024,64.0,2103.0,18.2,0.578,27.2,1.2,1.7,brandon ingram
Scottie Barnes,2024,60.0,2094.0,19.5,0.566,24.8,3.7,3.0,scottie barnes
Jusuf Nurkić,2024,76.0,2078.0,17.4,0.559,19.1,1.1,1.6,jusuf nurkic
Myles Turner,2024,77.0,2076.0,19.3,0.626,23.4,0.9,1.5,myles turner
Collin Sexton,2024,78.0,2075.0,19.9,0.607,27.5,1.9,2.0,collin sexton
Cam Thomas,2024,66.0,2075.0,16.1,0.554,30.5,-1.2,0.4,cam thomas
Cade Cunningham,2024,62.0,2074.0,17.1,0.546,30.8,0.3,1.2,cade cunningham
Corey Kispert,2024,80.0,2067.0,12.8,0.62,19.6,-2.1,-0.1,corey kispert
Saddiq Bey,2024,63.0,2062.0,13.1,0.549,17.0,-1.8,0.1,saddiq bey
Kelly Oubre Jr.,2024,68.0,2055.0,13.5,0.535,22.4,-2.3,-0.1,kelly oubre
Alperen Şengün,2024,63.0,2046.0,22.0,0.585,27.0,4.9,3.5,alperen sengun
Jimmy Butler,2024,60.0,2042.0,22.0,0.626,24.0,4.6,3.4,jimmy butler
Alex Caruso,2024,71.0,2040.0,14.5,0.613,14.7,2.5,2.3,alex caruso
Terry Rozier,2024,61.0,2040.0,17.3,0.555,25.9,1.5,1.8,terry rozier
Keldon Johnson,2024,69.0,2038.0,14.2,0.565,21.9,-1.7,0.2,keldon johnson
Kyrie Irving,2024,58.0,2030.0,21.9,0.608,28.1,4.9,3.6,kyrie irving
Karl-Anthony Towns,2024,62.0,2026.0,18.8,0.625,27.4,2.5,2.3,karl anthony towns
Jalen Suggs,2024,75.0,2025.0,14.1,0.602,19.7,1.0,1.5,jalen suggs
Keyonte George,2024,75.0,2023.0,10.4,0.533,22.8,-4.4,-1.2,keyonte george
Josh Giddey,2024,80.0,2011.0,16.6,0.547,23.1,1.5,1.8,josh giddey
Bobby Portis,2024,82.0,2008.0,17.5,0.581,22.9,-0.8,0.6,bobby portis
Aaron Nesmith,2024,72.0,1995.0,12.8,0.631,16.0,-0.5,0.8,aaron nesmith
Gary Trent Jr.,2024,71.0,1994.0,12.0,0.548,20.0,-2.6,-0.3,gary trent
Norman Powell,2024,76.0,1990.0,13.9,0.626,20.0,-0.8,0.6,norman powell
Immanuel Quickley,2024,68.0,1985.0,16.7,0.577,23.8,1.3,1.7,immanuel quickley
Brandin Podziemski,2024,74.0,1968.0,13.0,0.54,15.4,-0.1,0.9,brandin podziemski
Naz Reid,2024,81.0,1964.0,16.0,0.595,23.1,1.5,1.7,naz reid
Caris LeVert,2024,68.0,1958.0,14.6,0.524,23.1,0.2,1.1,caris levert
Royce O'Neale,2024,79.0,1954.0,11.1,0.548,13.9,0.0,1.0,royce o neale
Jonathan Kuminga,2024,74.0,1949.0,17.0,0.598,24.1,-0.4,0.8,jonathan kuminga
Donovan Mitchell,2024,55.0,1942.0,22.1,0.595,31.4,5.8,3.9,donovan mitchell
Trae Young,2024,54.0,1942.0,20.3,0.585,30.5,2.6,2.2,trae young
Dorian Finney-Smith,2024,68.0,1934.0,10.1,0.546,13.2,-2.0,0.0,dorian finney smith
Tyus Jones,2024,66.0,1933.0,16.5,0.578,16.3,0.7,1.3,tyus jones
Jonas Valančiūnas,2024,82.0,1925.0,19.8,0.619,20.8,1.2,1.6,jonas valanciunas
Nickeil Alexander-Walker,2024,82.0,1921.0,10.9,0.578,14.8,0.2,1.1,nickeil alexander walker
Andrew Wiggins,2024,71.0,1920.0,12.7,0.544,20.9,-2.5,-0.3,andrew wiggins
Duncan Robinson,2024,68.0,1905.0,12.2,0.612,19.0,-0.9,0.6,duncan robinson
John Collins,2024,68.0,1901.0,17.5,0.621,20.4,-0.9,0.5,john collins
Darius Garland,2024,57.0,1901.0,14.5,0.56,25.3,-1.0,0.5,darius garland
Isaiah Hartenstein,2024,75.0,1896.0,18.9,0.67,12.0,3.5,2.6,isaiah hartenstein
Eric Gordon,2024,68.0,1893.0,10.8,0.58,16.5,-1.7,0.1,eric gordon
Jalen Johnson,2024,56.0,1889.0,16.3,0.584,19.1,1.2,1.5,jalen johnson
Isaac Okoro,2024,69.0,1887.0,11.4,0.599,13.9,-1.1,0.4,isaac okoro
Clint Capela,2024,73.0,1883.0,20.7,0.59,17.3,0.1,1.0,clint capela
Terance Mann,2024,75.0,1873.0,12.0,0.615,13.6,-1.5,0.2,terance mann
Malik Monk,2024,72.0,1872.0,16.0,0.564,25.9,0.6,1.2,malik monk
Bruce Brown,2024,67.0,1866.0,11.6,0.563,16.5,-3.3,-0.6,bruce brown
Jamal Murray,2024,59.0,1861.0,20.7,0.586,27.9,4.1,2.9,jamal murray
RJ Barrett,2024,58.0,1838.0,16.4,0.58,26.5,-0.8,0.6,rj barrett
Georges Niang,2024,82.0,1831.0,9.9,0.583,17.6,-2.9,-0.4,georges niang
Jerami Grant,2024,54.0,1830.0,15.4,0.573,25.7,-0.1,0.9,jerami grant
Rui Hachimura,2024,68.0,1826.0,15.0,0.628,18.5,-0.9,0.5,rui hachimura
Payton Pritchard,2024,82.0,1825.0,15.3,0.597,17.2,1.0,1.4,payton pritchard
Lauri Markkanen,2024,55.0,1820.0,21.5,0.631,25.0,3.6,2.6,lauri markkanen
Reggie Jackson,2024,82.0,1817.0,11.7,0.521,21.7,-3.2,-0.6,reggie jackson
Cole Anthony,2024,81.0,1817.0,14.6,0.545,23.7,0.1,1.0,cole anthony
Daniel Gafford,2024,74.0,1815.0,21.7,0.731,14.7,2.6,2.1,daniel gafford
Ivica Zubac,2024,68.0,1794.0,19.3,0.671,16.4,0.8,1.3,ivica zubac
Deandre Ayton,2024,55.0,1784.0,18.9,0.587,21.1,0.3,1.0,deandre ayton
Derrick Jones Jr.,2024,76.0,1783.0,11.7,0.592,14.9,-1.5,0.2,derrick jones
Kyle Anderson,2024,79.0,1782.0,12.7,0.513,14.5,1.1,1.4,kyle anderson
Jalen Duren,2024,61.0,1777.0,18.7,0.653,18.5,-0.1,0.9,jalen duren
Bradley Beal,2024,53.0,1767.0,16.3,0.607,22.7,0.4,1.1,bradley beal
Scoot Henderson,2024,62.0,1765.0,9.5,0.489,26.5,-5.8,-1.7,scoot henderson
Nick Richards,2024,67.0,1759.0,16.7,0.717,13.3,-2.3,-0.1,nick richards
Kelly Olynyk,2024,78.0,1759.0,17.4,0.661,17.5,1.8,1.7,kelly olynyk
Caleb Martin,2024,64.0,1756.0,10.8,0.531,17.3,-2.0,0.0,caleb martin
Sam Hauser,2024,79.0,1741.0,13.0,0.629,15.0,1.2,1.4,sam hauser
Al Horford,2024,65.0,1740.0,15.0,0.65,12.0,3.6,2.5,al horford
Toumani Camara,2024,70.0,1739.0,10.6,0.547,13.8,-3.1,-0.5,toumani camara
Obi Toppin,2024,82.0,1730.0,16.5,0.677,16.8,1.5,1.5,obi toppin
Bilal Coulibaly,2024,63.0,1715.0,8.9,0.543,14.2,-4.2,-0.9,bilal coulibaly
OG Anunoby,2024,50.0,1702.0,12.8,0.595,17.6,-0.6,0.6,og anunoby
Jabari Walker,2024,72.0,1700.0,13.0,0.546,16.3,-3.3,-0.6,jabari walker
Andrew Nembhard,2024,68.0,1697.0,11.3,0.573,16.0,-2.2,-0.1,andrew nembhard
Cason Wallace,2024,82.0,1692.0,12.0,0.612,12.9,0.1,0.9,cason wallace
Trey Murphy III,2024,57.0,1690.0,16.3,0.612,18.6,2.5,1.9,trey murphy
Kristaps Porziņģis,2024,57.0,1690.0,23.2,0.647,25.1,5.1,3.0,kristaps porzingis
Kyle Lowry,2024,60.0,1690.0,10.9,0.594,12.9,-1.0,0.4,kyle lowry
Jordan Clarkson,2024,55.0,1682.0,12.7,0.521,26.1,-4.5,-1.1,jordan clarkson
De'Andre Hunter,2024,57.0,1681.0,12.7,0.595,20.6,-2.4,-0.2,de andre hunter
Pat Connaughton,2024,76.0,1676.0,9.6,0.574,10.9,-1.6,0.2,pat connaughton
Christian Braun,2024,82.0,1655.0,12.1,0.554,15.7,-1.9,0.0,christian braun
Simone Fontecchio,2024,66.0,1644.0,12.1,0.6,16.5,-1.0,0.4,simone fontecchio
Ochai Agbaji,2024,78.0,1641.0,7.7,0.497,13.4,-4.4,-1.0,ochai agbaji
Julius Randle,2024,46.0,1630.0,18.9,0.569,29.9,1.9,1.6,julius randle
Precious Achiuwa,2024,74.0,1624.0,14.6,0.545,15.9,-1.4,0.2,precious achiuwa
Santi Aldama,2024,61.0,1618.0,13.1,0.539,17.9,-0.2,0.7,santi aldama
Cameron Johnson,2024,58.0,1599.0,14.5,0.582,19.6,0.4,1.0,cameron johnson
Malaki Branham,2024,75.0,1594.0,8.7,0.526,19.8,-5.6,-1.5,malaki branham
Paul Reed,2024,82.0,1590.0,17.4,0.58,15.9,0.4,0.9,paul reed
Ausar Thompson,2024,63.0,1583.0,12.8,0.522,16.6,-2.2,-0.1,ausar thompson
Anfernee Simons,2024,46.0,1582.0,15.9,0.568,28.0,0.2,0.8,anfernee simons
Kevin Huerter,2024,64.0,1562.0,12.4,0.564,17.3,-0.8,0.5,kevin huerter
Bennedict Mathurin,2024,59.0,1538.0,13.0,0.562,23.4,-3.4,-0.6,bennedict mathurin
Evan Mobley,2024,50.0,1532.0,20.1,0.626,20.6,2.9,1.9,evan mobley
Chris Paul,2024,58.0,1531.0,14.7,0.544,15.6,1.0,1.2,chris paul
Russell Westbrook,2024,68.0,1529.0,16.2,0.514,25.2,0.5,1.0,russell westbrook
Nicolas Batum,2024,60.0,1529.0,10.2,0.603,8.6,-0.4,0.6,nicolas batum
Zach Collins,2024,69.0,1526.0,14.3,0.565,22.7,-2.0,0.0,zach collins
Josh Green,2024,57.0,1505.0,9.9,0.588,13.1,-2.7,-0.3,josh green
Walker Kessler,2024,64.0,1493.0,18.0,0.663,12.8,0.9,1.1,walker kessler
Draymond Green,2024,55.0,1490.0,14.5,0.587,15.3,2.4,1.6,draymond green
Peyton Watson,2024,80.0,1488.0,11.8,0.539,16.2,-2.2,-0.1,peyton watson
Matisse Thybulle,2024,65.0,1487.0,10.4,0.537,10.6,0.6,0.9,matisse thybulle
Khris Middleton,2024,55.0,1487.0,17.0,0.595,23.9,1.1,1.2,khris middleton
Bojan Bogdanović,2024,57.0,1478.0,12.6,0.581,24.6,-3.2,-0.4,bojan bogdanovic
Julian Champagnie,2024,74.0,1468.0,10.6,0.57,14.4,-1.9,0.0,julian champagnie
Patrick Beverley,2024,73.0,1462.0,11.6,0.539,14.3,-1.1,0.3,patrick beverley
Amir Coffey,2024,70.0,1460.0,10.0,0.604,12.5,-2.2,-0.1,amir coffey
Isaiah Joe,2024,78.0,1445.0,13.4,0.626,16.6,0.9,1.0,isaiah joe
Desmond Bane,2024,42.0,1443.0,18.5,0.589,28.5,2.8,1.7,desmond bane
Vince Williams Jr.,2024,52.0,1436.0,12.8,0.597,15.8,-0.7,0.5,vince williams
Isaiah Stewart,2024,46.0,1423.0,11.3,0.6,14.5,-2.3,-0.1,isaiah stewart
Moritz Wagner,2024,80.0,1415.0,20.6,0.676,22.8,2.0,1.4,moritz wagner
Tyler Herro,2024,42.0,1407.0,15.7,0.558,27.8,0.8,1.0,tyler herro
Wendell Carter Jr.,2024,55.0,1406.0,15.9,0.623,17.2,0.9,1.0,wendell carter
Onyeka Okongwu,2024,55.0,1405.0,16.9,0.674,13.7,-0.4,0.5,onyeka okongwu
Amen Thompson,2024,62.0,1388.0,18.2,0.576,18.5,1.8,1.3,amen thompson
Haywood Highsmith,2024,66.0,1366.0,11.1,0.587,12.4,-0.7,0.5,haywood highsmith
Dyson Daniels,2024,61.0,1358.0,12.0,0.529,12.6,0.6,0.9,dyson daniels
Andre Drummond,2024,79.0,1351.0,23.0,0.576,21.3,0.1,0.7,andre drummond
Marcus Sasser,2024,71.0,1351.0,11.8,0.542,19.9,-2.6,-0.2,marcus sasser
Kris Murray,2024,62.0,1348.0,9.0,0.481,14.1,-3.6,-0.6,kris murray
Miles McBride,2024,68.0,1328.0,13.1,0.59,16.4,-0.1,0.6,miles mcbride
Jakob Poeltl,2024,50.0,1319.0,18.9,0.653,16.2,0.7,0.9,jakob poeltl
Joel Embiid,2024,39.0,1309.0,34.1,0.644,39.6,11.6,4.5,joel embiid
Jeff Green,2024,78.0,1307.0,11.3,0.59,15.5,-2.1,0.0,jeff green
Cameron Payne,2024,78.0,1304.0,12.8,0.566,19.1,-1.1,0.3,cameron payne
Gary Harris,2024,54.0,1297.0,9.4,0.587,11.7,-1.2,0.3,gary harris
Dereck Lively II,2024,55.0,1294.0,18.1,0.728,12.6,0.5,0.8,dereck lively
T.J. McConnell,2024,71.0,1291.0,20.9,0.586,23.7,3.0,1.6,t j mcconnell
Aaron Holiday,2024,78.0,1269.0,11.5,0.578,16.7,-1.5,0.2,aaron holiday
Cedi Osman,2024,72.0,1269.0,11.2,0.601,15.1,-2.1,0.0,cedi osman
Gradey Dick,2024,60.0,1268.0,8.9,0.546,17.4,-5.4,-1.1,gradey dick
Naji Marshall,2024,66.0,1257.0,12.7,0.576,16.3,-0.7,0.4,naji marshall
Kris Dunn,2024,66.0,1249.0,12.8,0.546,13.6,-0.1,0.6,kris dunn
Gordon Hayward,2024,51.0,1245.0,12.8,0.548,18.4,-2.1,0.0,gordon hayward
GG Jackson II,2024,48.0,1233.0,13.7,0.554,24.2,-2.0,0.0,gg jackson
Aaron Wiggins,2024,78.0,1228.0,15.6,0.664,16.4,0.7,0.8,aaron wiggins
Larry Nance Jr.,2024,61.0,1216.0,14.9,0.653,11.3,2.0,1.2,larry nance
Duop Reath,2024,68.0,1214.0,15.1,0.571,20.7,-0.9,0.3,duop reath
Alec Burks,2024,66.0,1212.0,12.9,0.536,24.4,-2.3,-0.1,alec burks
Kevon Looney,2024,74.0,1195.0,15.1,0.62,11.3,0.6,0.8,kevon looney
David Roddy,2024,65.0,1177.0,8.7,0.484,18.1,-5.0,-0.9,david roddy
Vasilije Micić,2024,60.0,1176.0,10.7,0.524,18.8,-4.6,-0.8,vasilije micic
Patrick Williams,2024,43.0,1174.0,11.0,0.553,16.6,-2.3,-0.1,patrick williams
John Konchar,2024,55.0,1173.0,11.4,0.537,9.7,-0.4,0.5,john konchar
Drew Eubanks,2024,75.0,1169.0,14.4,0.645,13.2,-1.2,0.2,drew eubanks
Joe Ingles,2024,68.0,1169.0,10.6,0.612,11.6,-0.5,0.5,joe ingles
Anthony Black,2024,69.0,1164.0,8.4,0.56,12.7,-3.0,-0.3,anthony black
Jordan Hawkins,2024,67.0,1160.0,10.2,0.533,19.9,-3.1,-0.3,jordan hawkins
Trey Lyles,2024,58.0,1158.0,11.9,0.596,14.4,-1.1,0.3,trey lyles
Moses Moody,2024,66.0,1156.0,13.7,0.578,18.4,-0.1,0.6,moses moody
Jae Crowder,2024,50.0,1156.0,8.9,0.546,11.5,-2.6,-0.2,jae crowder
Trayce Jackson-Davis,2024,68.0,1130.0,21.6,0.692,16.4,2.8,1.4,trayce jackson davis
Malcolm Brogdon,2024,39.0,1121.0,17.0,0.56,23.0,2.0,1.1,malcolm brogdon
Dean Wade,2024,54.0,1108.0,10.2,0.598,10.5,0.1,0.6,dean wade
Josh Richardson,2024,43.0,1103.0,11.4,0.573,16.5,-1.3,0.2,josh richardson
Davion Mitchell,2024,72.0,1101.0,9.3,0.555,14.9,-3.4,-0.4,davion mitchell
Dario Šarić,2024,64.0,1098.0,15.3,0.6,19.5,1.0,0.9,dario saric
James Wiseman,2024,63.0,1091.0,14.8,0.637,16.3,-3.5,-0.4,james wiseman
Danté Exum,2024,55.0,1088.0,13.7,0.645,15.0,-0.6,0.4,dante exum
Sam Merrill,2024,61.0,1069.0,13.1,0.598,17.5,0.5,0.7,sam merrill
Dennis Smith Jr.,2024,56.0,1059.0,13.4,0.508,17.7,-0.8,0.3,dennis smith
Shaedon Sharpe,2024,32.0,1059.0,11.4,0.524,22.4,-2.8,-0.2,shaedon sharpe
Jordan Goodwin,2024,57.0,1055.0,12.6,0.451,19.0,-1.0,0.3,jordan goodwin
Marvin Bagley III,2024,50.0,1053.0,19.4,0.629,21.0,-0.4,0.4,marvin bagley
Torrey Craig,2024,53.0,1049.0,10.8,0.568,12.5,-2.0,0.0,torrey craig
Jalen Smith,2024,61.0,1047.0,20.7,0.682,19.4,2.4,1.2,jalen smith
Dalano Banton,2024,54.0,1047.0,13.3,0.504,25.7,-1.3,0.2,dalano banton
Ziaire Williams,2024,51.0,1038.0,9.3,0.511,19.7,-4.5,-0.6,ziaire williams
Jae'Sean Tate,2024,65.0,1031.0,9.3,0.538,11.7,-2.3,-0.1,jae sean tate
Kenrich Williams,2024,69.0,1029.0,11.9,0.568,13.4,-0.8,0.3,kenrich williams
Jose Alvarado,2024,56.0,1028.0,12.5,0.54,17.3,-0.1,0.5,jose alvarado
Quentin Grimes,2024,51.0,1025.0,8.9,0.516,15.8,-2.2,-0.1,quentin grimes
De'Anthony Melton,2024,38.0,1023.0,13.4,0.533,18.3,0.5,0.7,de anthony melton
Daniel Theis,2024,60.0,1015.0,14.4,0.597,15.4,-1.6,0.1,daniel theis
Lonnie Walker IV,2024,58.0,1011.0,13.1,0.545,24.4,-1.4,0.2,lonnie walker
Talen Horton-Tucker,2024,51.0,1009.0,13.4,0.503,24.0,-1.2,0.2,talen horton tucker
Killian Hayes,2024,42.0,1008.0,10.5,0.474,15.1,-2.7,-0.2,killian hayes
Jevon Carter,2024,72.0,1004.0,8.5,0.485,17.7,-4.0,-0.5,jevon carter
Luke Kennard,2024,39.0,999.0,13.1,0.641,16.7,-0.3,0.4,luke kennard
Garrison Mathews,2024,66.0,992.0,8.9,0.665,11.1,-3.0,-0.2,garrison mathews
Jaden Hardy,2024,73.0,989.0,11.2,0.517,24.9,-4.1,-0.5,jaden hardy
Tre Mann,2024,41.0,987.0,13.7,0.559,18.2,-1.3,0.2,tre mann
Cam Reddish,2024,48.0,984.0,7.7,0.504,12.7,-3.2,-0.3,cam reddish
Luke Kornet,2024,63.0,983.0,19.8,0.736,11.0,3.4,1.3,luke kornet
Keon Ellis,2024,57.0,978.0,12.0,0.627,12.4,1.2,0.8,keon ellis
Xavier Tillman Sr.,2024,54.0,974.0,12.2,0.472,14.8,-1.2,0.2,xavier tillman
Josh Okogie,2024,60.0,960.0,12.0,0.552,13.0,-0.5,0.4,josh okogie
Goga Bitadze,2024,62.0,957.0,17.8,0.629,13.3,2.1,1.0,goga bitadze
Max Christie,2024,67.0,944.0,8.4,0.544,13.6,-3.6,-0.4,max christie
Kevin Love,2024,55.0,924.0,18.5,0.597,21.9,3.6,1.3,kevin love
Day'Ron Sharpe,2024,61.0,921.0,20.0,0.596,19.7,0.0,0.5,day ron sharpe
Jonathan Isaac,2024,58.0,914.0,19.2,0.61,16.7,3.8,1.4,jonathan isaac
Markelle Fultz,2024,43.0,910.0,12.6,0.492,18.8,-1.4,0.1,markelle fultz
Doug McDermott,2024,64.0,904.0,9.1,0.6,14.9,-3.4,-0.3,doug mcdermott
Jaylin Williams,2024,69.0,897.0,12.7,0.561,13.5,1.1,0.7,jaylin williams
Nikola Jović,2024,46.0,896.0,12.8,0.583,17.1,0.3,0.5,nikola jovic
Bryce McGowens,2024,59.0,882.0,9.3,0.565,14.9,-4.9,-0.6,bryce mcgowens
Cam Whitmore,2024,47.0,880.0,16.6,0.561,27.1,0.1,0.5,cam whitmore
Jaxson Hayes,2024,70.0,877.0,14.0,0.718,12.5,-1.9,0.0,jaxson hayes
Blake Wesley,2024,61.0,876.0,10.1,0.537,14.7,-4.0,-0.4,blake wesley
Malachi Flynn,2024,69.0,876.0,11.9,0.533,20.4,-2.2,0.0,malachi flynn
Christian Wood,2024,50.0,872.0,12.3,0.568,17.6,-2.8,-0.2,christian wood
Zach LaVine,2024,25.0,872.0,15.1,0.578,23.8,0.1,0.5,zach lavine
Maxi Kleber,2024,43.0,871.0,8.8,0.573,9.6,-1.3,0.2,maxi kleber
Justin Holiday,2024,58.0,862.0,9.7,0.598,10.6,-1.6,0.1,justin holiday
Chimezie Metu,2024,51.0,859.0,13.3,0.61,16.2,-1.3,0.2,chimezie metu
Trendon Watford,2024,63.0,856.0,15.7,0.611,21.1,-0.5,0.3,trendon watford
Taylor Hendricks,2024,40.0,856.0,11.8,0.578,13.7,-1.6,0.1,taylor hendricks
Dwight Powell,2024,63.0,836.0,14.5,0.716,9.1,-0.3,0.4,dwight powell
Troy Brown Jr.,2024,59.0,827.0,8.8,0.51,14.3,-2.6,-0.1,troy brown
Marcus Morris,2024,49.0,817.0,9.9,0.558,16.6,-3.8,-0.4,marcus morris
Caleb Houstan,2024,59.0,815.0,8.3,0.582,12.5,-1.9,0.0,caleb houstan
Ben Sheppard,2024,57.0,814.0,8.1,0.524,13.2,-3.4,-0.3,ben sheppard
Jake LaRavia,2024,35.0,806.0,12.6,0.54,21.1,-2.5,-0.1,jake laravia
Bismack Biyombo,2024,40.0,791.0,9.9,0.562,10.7,-3.4,-0.3,bismack biyombo
JT Thor,2024,63.0,781.0,9.1,0.519,11.7,-4.5,-0.5,jt thor
Isaiah Jackson,2024,59.0,771.0,21.5,0.689,17.2,1.7,0.7,isaiah jackson
Mitchell Robinson,2024,31.0,768.0,16.1,0.554,10.2,0.0,0.4,mitchell robinson
Jock Landale,2024,56.0,763.0,15.6,0.584,14.8,-0.1,0.4,jock landale
Cody Martin,2024,28.0,753.0,9.2,0.46,16.1,-3.5,-0.3,cody martin
KJ Martin,2024,60.0,746.0,9.9,0.563,13.4,-4.1,-0.4,kj martin
Delon Wright,2024,47.0,742.0,13.6,0.505,12.8,0.4,0.5,delon wright
Ish Smith,2024,43.0,741.0,6.8,0.435,12.3,-6.8,-0.9,ish smith
Mo Bamba,2024,57.0,740.0,15.4,0.575,15.1,-1.0,0.2,mo bamba
Nick Smith Jr.,2024,51.0,729.0,8.1,0.511,20.3,-5.9,-0.7,nick smith
Landry Shamet,2024,46.0,726.0,10.5,0.556,18.8,-4.0,-0.4,landry shamet
Chris Duarte,2024,59.0,719.0,8.4,0.512,14.9,-3.4,-0.2,chris duarte
Jordan Nwora,2024,52.0,712.0,13.7,0.565,22.4,-2.5,-0.1,jordan nwora
LaMelo Ball,2024,22.0,711.0,20.8,0.561,34.3,3.3,1.0,lamelo ball
Chris Boucher,2024,50.0,705.0,16.0,0.625,17.3,-1.7,0.1,chris boucher
Jacob Gilyard,2024,41.0,699.0,11.1,0.573,11.1,-1.4,0.1,jacob gilyard
Bruno Fernando,2024,45.0,682.0,15.2,0.615,16.7,-2.3,-0.1,bruno fernando
Dalen Terry,2024,59.0,681.0,10.2,0.512,13.4,-2.3,0.0,dalen terry
Gary Payton II,2024,44.0,680.0,13.9,0.621,13.6,0.9,0.5,gary payton
Mason Plumlee,2024,46.0,674.0,15.8,0.621,15.1,-0.8,0.2,mason plumlee
Dāvis Bertāns,2024,43.0,674.0,11.6,0.583,17.4,-1.4,0.1,davis bertans
Keita Bates-Diop,2024,53.0,665.0,11.5,0.534,13.0,-1.0,0.2,keita bates diop
Jalen Wilson,2024,43.0,664.0,10.8,0.537,14.3,-2.9,-0.2,jalen wilson
Craig Porter Jr.,2024,51.0,649.0,15.4,0.564,20.2,0.5,0.4,craig porter
Rayan Rupert,2024,39.0,633.0,5.8,0.451,13.6,-6.7,-0.8,rayan rupert
Oshae Brissett,2024,55.0,630.0,12.8,0.53,14.5,-1.8,0.0,oshae brissett
Danilo Gallinari,2024,49.0,630.0,13.4,0.601,17.2,-1.9,0.0,danilo gallinari
Jordan McLaughlin,2024,56.0,626.0,15.5,0.638,12.1,4.2,1.0,jordan mclaughlin
Seth Curry,2024,44.0,616.0,9.9,0.519,16.8,-3.3,-0.2,seth curry
A.J. Green,2024,56.0,614.0,10.5,0.617,15.2,-2.1,0.0,a j green
Johnny Davis,2024,50.0,613.0,6.2,0.462,12.2,-6.6,-0.7,johnny davis
MarJon Beauchamp,2024,48.0,608.0,9.7,0.592,14.6,-3.2,-0.2,marjon beauchamp
Marcus Smart,2024,20.0,605.0,11.8,0.552,22.9,-2.4,0.0,marcus smart
Mike Muscala,2024,53.0,600.0,7.5,0.47,13.4,-5.3,-0.5,mike muscala
Jericho Sims,2024,45.0,585.0,10.9,0.702,6.0,-1.8,0.0,jericho sims
Brice Sensabaugh,2024,32.0,584.0,8.6,0.511,20.3,-5.5,-0.5,brice sensabaugh
Jarred Vanderbilt,2024,29.0,581.0,11.6,0.578,11.7,-1.6,0.0,jarred vanderbilt
Shake Milton,2024,48.0,581.0,9.2,0.499,18.7,-3.7,-0.3,shake milton
Evan Fournier,2024,32.0,580.0,8.5,0.464,19.0,-4.3,-0.3,evan fournier
Zeke Nnaji,2024,58.0,576.0,12.4,0.528,15.4,-3.7,-0.2,zeke nnaji
Trey Jemison,2024,25.0,573.0,11.8,0.582,13.5,-5.1,-0.5,trey jemison
Andre Jackson Jr.,2024,57.0,572.0,8.5,0.596,10.0,-3.6,-0.2,andre jackson
Jared Butler,2024,40.0,566.0,14.1,0.579,19.9,-2.1,0.0,jared butler
Kevin Knox,2024,31.0,560.0,9.9,0.57,16.6,-4.6,-0.4,kevin knox
Lamar Stevens,2024,38.0,559.0,14.6,0.516,22.2,-2.2,0.0,lamar stevens
Richaun Holmes,2024,40.0,555.0,14.5,0.593,14.7,-3.3,-0.2,richaun holmes
Tristan Thompson,2024,49.0,549.0,13.9,0.563,13.8,-1.4,0.1,tristan thompson
Julian Strawther,2024,50.0,545.0,8.2,0.482,20.7,-6.0,-0.6,julian strawther
Omer Yurtseven,2024,48.0,545.0,15.0,0.565,17.9,-3.0,-0.1,omer yurtseven
Vít Krejčí,2024,22.0,541.0,8.4,0.633,9.8,-3.7,-0.2,vit krejci
Bones Hyland,2024,37.0,540.0,10.8,0.49,24.8,-3.6,-0.2,bones hyland
Jalen McDaniels,2024,50.0,538.0,5.0,0.412,18.7,-9.0,-1.0,jalen mcdaniels
Scotty Pippen Jr.,2024,21.0,527.0,16.4,0.596,23.0,1.3,0.4,scotty pippen
Sasha Vezenkov,2024,42.0,511.0,13.3,0.569,17.5,-0.9,0.1,sasha vezenkov
Danuel House Jr.,2024,34.0,509.0,8.5,0.575,12.2,-4.0,-0.3,danuel house
Mark Williams,2024,19.0,508.0,22.5,0.675,17.1,0.8,0.3,mark williams
Jaden Springer,2024,49.0,507.0,10.7,0.49,17.1,-3.4,-0.2,jaden springer
Patrick Baldwin Jr.,2024,38.0,493.0,9.7,0.502,15.9,-4.6,-0.3,patrick baldwin
Robert Covington,2024,29.0,488.0,13.6,0.58,10.7,2.2,0.5,robert covington
P.J. Tucker,2024,31.0,486.0,5.9,0.507,5.3,-3.6,-0.2,p j tucker
Tari Eason,2024,22.0,480.0,17.1,0.528,19.8,1.6,0.4,tari eason
Monte Morris,2024,33.0,476.0,13.2,0.508,15.5,0.7,0.3,monte morris
Bol Bol,2024,43.0,469.0,18.7,0.7,16.5,2.1,0.5,bol bol
Isaiah Livers,2024,23.0,469.0,5.1,0.46,12.7,-6.5,-0.5,isaiah livers
Anthony Gill,2024,50.0,466.0,12.1,0.537,18.0,-4.1,-0.3,anthony gill
Yuta Watanabe,2024,34.0,464.0,4.7,0.474,13.3,-6.4,-0.5,yuta watanabe
Nassir Little,2024,45.0,458.0,9.9,0.572,13.9,-3.0,-0.1,nassir little
Sandro Mamukelashvili,2024,46.0,451.0,15.8,0.559,17.7,-0.5,0.2,sandro mamukelashvili
Alex Len,2024,48.0,444.0,14.7,0.625,11.8,0.2,0.2,alex len
Thomas Bryant,2024,38.0,441.0,19.0,0.639,19.3,-0.4,0.2,thomas bryant
Thaddeus Young,2024,33.0,439.0,15.9,0.598,12.6,0.3,0.2,thaddeus young
Skylar Mays,2024,38.0,433.0,12.0,0.466,18.4,-2.0,0.0,skylar mays
Chuma Okeke,2024,47.0,432.0,6.9,0.465,13.3,-3.4,-0.2,chuma okeke
Dominick Barlow,2024,33.0,420.0,14.6,0.548,14.1,-1.7,0.0,dominick barlow
Reggie Bullock,2024,44.0,417.0,7.7,0.582,9.4,-2.4,0.0,reggie bullock
Patty Mills,2024,32.0,415.0,7.2,0.467,15.9,-4.6,-0.3,patty mills
Trent Forrest,2024,38.0,414.0,8.9,0.426,11.8,-4.4,-0.3,trent forrest
Svi Mykhailiuk,2024,41.0,413.0,11.7,0.575,16.1,-1.8,0.0,svi mykhailiuk
Wesley Matthews,2024,36.0,413.0,8.2,0.511,11.7,-2.8,-0.1,wesley matthews
Aleksej Pokusevski,2024,28.0,405.0,12.7,0.525,17.2,-1.9,0.0,aleksej pokusevski
Luka Šamanić,2024,43.0,404.0,8.9,0.485,21.8,-7.8,-0.6,luka samanic
Javon Freeman-Liberty,2024,22.0,403.0,10.7,0.547,17.5,-5.2,-0.3,javon freeman liberty
Derrick Rose,2024,24.0,399.0,13.1,0.54,22.3,-2.8,-0.1,derrick rose
DeAndre Jordan,2024,36.0,396.0,16.0,0.61,15.4,-1.7,0.0,deandre jordan
Kobe Brown,2024,44.0,394.0,7.6,0.49,11.1,-3.8,-0.2,kobe brown
Lester Quiñones,2024,37.0,394.0,10.3,0.533,18.3,-3.3,-0.1,lester quinones
Eugene Omoruyi,2024,43.0,393.0,16.0,0.549,22.5,-2.3,0.0,eugene omoruyi
Matt Ryan,2024,28.0,390.0,9.0,0.638,15.4,-2.7,-0.1,matt ryan
Justin Minaya,2024,34.0,381.0,5.8,0.391,9.7,-5.6,-0.3,justin minaya
Johnny Juzang,2024,20.0,372.0,9.6,0.62,14.5,-3.7,-0.2,johnny juzang
Noah Clowney,2024,23.0,370.0,14.2,0.626,14.2,-0.7,0.1,noah clowney
Tosan Evbuomwan,2024,17.0,367.0,9.9,0.616,10.6,-3.0,-0.1,tosan evbuomwan
Ousmane Dieng,2024,33.0,365.0,10.1,0.54,16.9,-3.0,-0.1,ousmane dieng
Jontay Porter,2024,26.0,360.0,14.9,0.514,15.8,1.7,0.3,jontay porter
Ben Simmons,2024,15.0,359.0,16.3,0.571,13.0,2.4,0.4,ben simmons
Brandon Boston Jr.,2024,32.0,345.0,8.7,0.476,25.4,-9.0,-0.6,brandon boston
Jarace Walker,2024,33.0,340.0,11.8,0.527,16.1,0.2,0.2,jarace walker
JaVale McGee,2024,46.0,339.0,19.0,0.609,23.4,-1.3,0.1,javale mcgee
Olivier-Maxence Prosper,2024,40.0,336.0,11.6,0.496,16.6,-2.9,-0.1,olivier maxence prosper
Jeremiah Robinson-Earl,2024,39.0,334.0,11.8,0.564,15.4,-2.2,0.0,jeremiah robinson earl
Neemias Queta,2024,28.0,333.0,22.9,0.662,16.9,1.5,0.3,neemias queta
Julian Phillips,2024,40.0,323.0,7.0,0.521,13.0,-5.3,-0.3,julian phillips
Cody Zeller,2024,43.0,320.0,12.8,0.483,12.9,-2.6,0.0,cody zeller
Ja Morant,2024,9.0,318.0,20.6,0.57,30.4,3.1,0.4,ja morant
Ashton Hagans,2024,19.0,316.0,8.5,0.51,14.6,-3.5,-0.1,ashton hagans
Devonte' Graham,2024,23.0,313.0,9.4,0.495,17.8,-3.9,-0.1,devonte graham
A.J. Lawson,2024,42.0,311.0,11.2,0.519,20.0,-4.6,-0.2,a j lawson
Nathan Mensah,2024,25.0,307.0,5.0,0.496,6.8,-8.8,-0.5,nathan mensah
Stanley Umude,2024,24.0,307.0,11.4,0.647,15.6,-1.6,0.0,stanley umude
Orlando Robinson,2024,36.0,304.0,14.0,0.596,14.8,-1.1,0.1,orlando robinson
Furkan Korkmaz,2024,35.0,300.0,9.2,0.519,13.6,-2.7,-0.1,furkan korkmaz
Cory Joseph,2024,26.0,296.0,6.2,0.47,11.3,-4.7,-0.2,cory joseph
Ricky Council IV,2024,32.0,289.0,18.6,0.604,22.1,1.3,0.2,ricky council
Garrett Temple,2024,27.0,289.0,9.5,0.502,15.0,-4.7,-0.2,garrett temple
Leaky Black,2024,26.0,284.0,11.5,0.589,10.1,-2.4,0.0,leaky black
Lindy Waters III,2024,38.0,280.0,15.3,0.653,17.3,1.9,0.3,lindy waters
Kessler Edwards,2024,54.0,275.0,10.3,0.541,14.0,-1.5,0.0,kessler edwards
Damian Jones,2024,39.0,270.0,15.8,0.659,15.4,-0.5,0.1,damian jones
Onuralp Bitim,2024,23.0,268.0,5.0,0.464,15.8,-7.4,-0.4,onuralp bitim
Kira Lewis Jr.,2024,28.0,265.0,8.6,0.441,18.5,-5.8,-0.3,kira lewis
Jamal Cain,2024,26.0,259.0,11.5,0.544,16.7,-2.3,0.0,jamal cain
Jared Rhoden,2024,17.0,245.0,10.3,0.597,13.3,-2.5,0.0,jared rhoden
Justin Champagnie,2024,15.0,235.0,13.6,0.526,17.0,-1.8,0.0,justin champagnie
Javonte Green,2024,9.0,230.0,20.2,0.681,16.7,2.0,0.2,javonte green
Ibou Badji,2024,22.0,226.0,8.1,0.623,8.0,-5.8,-0.2,ibou badji
Collin Gillespie,2024,24.0,225.0,11.0,0.586,17.1,-2.7,0.0,collin gillespie
Gabe Vincent,2024,11.0,218.0,3.1,0.341,10.9,-6.5,-0.2,gabe vincent
Markieff Morris,2024,26.0,216.0,6.6,0.467,16.4,-5.3,-0.2,markieff morris
Jaylen Nowell,2024,13.0,214.0,9.2,0.494,17.8,-5.4,-0.2,jaylen nowell
Théo Maledon,2024,17.0,213.0,3.2,0.385,19.6,-10.3,-0.5,theo maledon
Charles Bassey,2024,19.0,205.0,17.7,0.739,11.9,1.3,0.2,charles bassey
Taj Gibson,2024,20.0,204.0,5.9,0.449,9.0,-5.3,-0.2,taj gibson
Moses Brown,2024,22.0,200.0,14.5,0.477,19.1,-6.5,-0.2,moses brown
Kenneth Lofton Jr.,2024,21.0,199.0,14.7,0.537,22.1,-0.3,0.1,kenneth lofton
Kobe Bufkin,2024,17.0,196.0,9.1,0.424,22.4,-4.5,-0.1,kobe bufkin
Colby Jones,2024,30.0,192.0,8.9,0.422,19.1,-5.0,-0.1,colby jones
Gui Santos,2024,23.0,192.0,15.6,0.656,15.2,-0.5,0.1,gui santos
Terry Taylor,2024,31.0,188.0,10.1,0.558,11.3,-3.2,0.0,terry taylor
Micah Potter,2024,16.0,186.0,11.0,0.609,10.9,-2.3,0.0,micah potter
Saben Lee,2024,24.0,185.0,13.5,0.492,18.8,-1.4,0.0,saben lee
Otto Porter Jr.,2024,15.0,174.0,8.7,0.568,8.9,-3.2,-0.1,otto porter
AJ Griffin,2024,20.0,171.0,1.2,0.382,17.3,-9.6,-0.3,aj griffin
Joe Harris,2024,16.0,170.0,4.6,0.489,11.0,-5.9,-0.2,joe harris
Trevelin Queen,2024,14.0,165.0,8.3,0.462,13.3,-3.4,-0.1,trevelin queen
Zavier Simpson,2024,7.0,161.0,6.3,0.377,17.5,-5.9,-0.2,zavier simpson
Thanasis Antetokounmpo,2024,34.0,155.0,5.5,0.518,12.5,-6.4,-0.2,thanasis antetokounmpo
Tristan Vukcevic,2024,10.0,153.0,13.9,0.554,23.9,-3.6,-0.1,tristan vukcevic
Darius Bazley,2024,9.0,152.0,13.9,0.68,11.9,-0.4,0.1,darius bazley
DeJon Jarreau,2024,9.0,150.0,9.6,0.392,18.3,-4.0,-0.1,dejon jarreau
Jules Bernard,2024,19.0,149.0,12.7,0.544,21.5,-3.0,0.0,jules bernard
Jeff Dowtin Jr.,2024,12.0,142.0,18.2,0.689,13.0,3.3,0.2,jeff dowtin
Sidy Cissoko,2024,12.0,141.0,12.0,0.568,12.7,-2.7,0.0,sidy cissoko
Brandon Clarke,2024,6.0,134.0,18.9,0.548,20.8,1.0,0.1,brandon clarke
Emoni Bates,2024,15.0,133.0,2.6,0.404,19.5,-9.2,-0.2,emoni bates
Dru Smith,2024,9.0,131.0,12.8,0.576,13.2,1.4,0.1,dru smith
Nate Williams,2024,22.0,129.0,15.6,0.565,19.7,-1.6,0.0,nate williams
T.J. Warren,2024,11.0,125.0,9.2,0.479,16.5,-4.5,-0.1,t j warren
Timmy Allen,2024,5.0,125.0,0.8,0.272,8.9,-11.1,-0.3,timmy allen
Jalen Pickett,2024,27.0,122.0,9.7,0.571,16.4,-3.3,0.0,jalen pickett
Luka Garza,2024,25.0,122.0,21.8,0.576,33.3,-2.1,0.0,luka garza
Mãozinha Pereira,2024,7.0,122.0,15.7,0.609,15.6,-0.5,0.0,maozinha pereira
Jahmi'us Ramsey,2024,7.0,121.0,10.6,0.538,17.9,-4.4,-0.1,jahmi us ramsey
Marques Bolden,2024,11.0,121.0,16.0,0.691,10.9,-2.7,0.0,marques bolden
Mouhamadou Gueye,2024,11.0,120.0,4.6,0.31,19.2,-11.9,-0.3,mouhamadou gueye
Xavier Moon,2024,14.0,119.0,8.1,0.352,19.1,-6.1,-0.1,xavier moon
Robert Williams,2024,6.0,119.0,17.2,0.684,13.2,0.7,0.1,robert williams
Brandon Williams,2024,17.0,113.0,9.3,0.439,26.0,-5.5,-0.1,brandon williams
Udoka Azubuike,2024,16.0,113.0,12.3,0.609,12.6,-3.2,0.0,udoka azubuike
Matthew Hurt,2024,8.0,113.0,8.4,0.453,14.2,-3.7,-0.1,matthew hurt
Jalen Hood-Schifino,2024,21.0,109.0,-1.5,0.316,24.9,-16.1,-0.4,jalen hood schifino
Dylan Windler,2024,17.0,108.0,14.2,0.717,12.5,0.7,0.1,dylan windler
Malik Williams,2024,7.0,107.0,4.9,0.272,15.1,-11.5,-0.3,malik williams
Armoni Brooks,2024,10.0,104.0,8.3,0.448,20.8,-5.8,-0.1,armoni brooks
Maxwell Lewis,2024,34.0,103.0,-3.9,0.246,13.6,-13.5,-0.3,maxwell lewis
Harry Giles,2024,23.0,100.0,14.8,0.503,26.7,-4.8,-0.1,harry giles
Olivier Sarr,2024,15.0,98.0,14.8,0.664,12.7,-2.6,0.0,olivier sarr
Jamaree Bouyea,2024,9.0,95.0,1.5,0.375,16.5,-12.3,-0.2,jamaree bouyea
Josh Minott,2024,32.0,91.0,20.4,0.593,21.4,5.1,0.2,josh minott
Chris Livingston,2024,21.0,90.0,6.9,0.547,13.8,-8.0,-0.1,chris livingston
Cole Swider,2024,18.0,87.0,7.1,0.54,24.0,-4.5,-0.1,cole swider
Admiral Schofield,2024,23.0,84.0,6.0,0.484,16.6,-4.9,-0.1,admiral schofield
Terquavion Smith,2024,16.0,84.0,14.8,0.539,28.4,0.8,0.1,terquavion smith
Buddy Boeheim,2024,10.0,84.0,9.1,0.509,17.0,-3.5,0.0,buddy boeheim
Jordan Walsh,2024,9.0,83.0,8.4,0.472,9.9,-3.8,0.0,jordan walsh
Jerome Robinson,2024,22.0,81.0,5.7,0.41,20.7,-8.3,-0.1,jerome robinson
James Bouknight,2024,14.0,81.0,15.9,0.597,23.9,2.2,0.1,james bouknight
Wenyen Gabriel,2024,5.0,81.0,2.3,0.351,17.0,-12.5,-0.2,wenyen gabriel
Ryan Rollins,2024,13.0,78.0,22.0,0.638,23.0,5.7,0.2,ryan rollins
R.J. Hampton,2024,8.0,76.0,0.9,0.336,10.5,-9.5,-0.1,r j hampton
Wendell Moore Jr.,2024,25.0,75.0,8.6,0.5,13.0,-2.8,0.0,wendell moore
Nate Hinton,2024,15.0,75.0,17.6,0.585,17.7,3.6,0.1,nate hinton
Mouhamed Gueye,2024,6.0,73.0,15.0,0.468,15.2,-1.5,0.0,mouhamed gueye
Isaiah Mobley,2024,10.0,72.0,8.1,0.471,16.2,-6.6,-0.1,isaiah mobley
Boban Marjanović,2024,14.0,71.0,21.1,0.56,27.0,-0.3,0.0,boban marjanovic
Jason Preston,2024,7.0,71.0,10.5,0.316,12.4,-2.6,0.0,jason preston
Jett Howard,2024,18.0,67.0,8.6,0.457,22.7,-1.8,0.0,jett howard
Kobi Simmons,2024,4.0,67.0,14.5,0.476,14.0,-1.0,0.0,kobi simmons
Keyontae Johnson,2024,9.0,66.0,1.6,0.344,13.1,-9.8,-0.1,keyontae johnson
Adama Sanogo,2024,9.0,66.0,21.9,0.558,24.8,-6.7,-0.1,adama sanogo
Robin Lopez,2024,16.0,65.0,6.6,0.453,14.5,-6.1,-0.1,robin lopez
Amari Bailey,2024,10.0,65.0,9.7,0.425,21.1,-8.3,-0.1,amari bailey
Moussa Diabaté,2024,11.0,64.0,24.7,0.576,18.6,3.5,0.1,moussa diabate
Jack White,2024,4.0,64.0,1.1,0.188,12.1,-10.3,-0.1,jack white
Kendall Brown,2024,15.0,63.0,7.6,0.567,13.7,-6.8,-0.1,kendall brown
Ish Wainright,2024,11.0,62.0,8.9,0.462,18.5,-2.4,0.0,ish wainright
Keon Johnson,2024,5.0,61.0,13.1,0.59,22.2,-2.7,0.0,keon johnson
Braxton Key,2024,20.0,60.0,16.5,0.536,15.7,2.1,0.1,braxton key
Jermaine Samuels,2024,14.0,60.0,15.1,0.672,10.5,0.8,0.0,jermaine samuels
Colin Castleton,2024,16.0,59.0,13.0,0.644,15.8,-5.2,0.0,colin castleton
TyTy Washington Jr.,2024,11.0,56.0,4.6,0.35,17.0,-8.2,-0.1,tyty washington
Dereon Seabron,2024,6.0,55.0,9.2,0.448,12.4,-1.5,0.0,dereon seabron
Juan Toscano-Anderson,2024,11.0,53.0,2.5,0.292,11.3,-9.4,-0.1,juan toscano anderson
Leonard Miller,2024,17.0,52.0,27.0,0.694,18.6,9.6,0.2,leonard miller
Seth Lundy,2024,9.0,52.0,0.0,0.373,15.8,-12.7,-0.1,seth lundy
David Duke Jr.,2024,4.0,51.0,16.2,0.673,18.5,1.4,0.0,david duke
Daishen Nix,2024,15.0,50.0,12.3,0.507,28.0,-1.4,0.0,daishen nix
Jay Huff,2024,20.0,49.0,18.5,0.724,15.0,1.3,0.0,jay huff
Hunter Tyson,2024,18.0,48.0,6.0,0.5,20.0,-8.9,-0.1,hunter tyson
James Johnson,2024,9.0,47.0,5.0,0.368,14.2,-5.8,0.0,james johnson
DaQuan Jeffries,2024,17.0,46.0,3.1,0.391,19.6,-8.1,-0.1,daquan jeffries
Ryan Arcidiacono,2024,20.0,45.0,-2.0,0.0,7.7,-9.6,-0.1,ryan arcidiacono
Frank Ntilikina,2024,5.0,43.0,0.0,0.253,11.2,-13.4,-0.1,frank ntilikina
Oscar Tshiebwe,2024,8.0,42.0,24.8,0.553,23.5,2.2,0.0,oscar tshiebwe
D'Moi Hodge,2024,7.0,41.0,6.1,0.441,17.8,-6.3,0.0,d moi hodge
Greg Brown III,2024,6.0,40.0,10.5,0.501,20.3,-4.4,0.0,greg brown
Taze Moore,2024,4.0,40.0,11.8,0.453,24.3,-3.1,0.0,taze moore
Alex Fudge,2024,6.0,40.0,9.8,0.472,19.2,-5.2,0.0,alex fudge
JD Davison,2024,8.0,39.0,18.8,0.581,17.6,3.3,0.1,jd davison
RaiQuan Gray,2024,3.0,39.0,22.7,0.676,19.5,7.4,0.1,raiquan gray
Jacob Toppin,2024,9.0,38.0,14.3,0.658,12.4,-0.7,0.0,jacob toppin
Jalen Slawson,2024,12.0,37.0,6.6,0.667,9.2,-6.4,0.0,jalen slawson
Charlie Brown Jr.,2024,8.0,37.0,-3.2,0.3,14.0,-13.6,-0.1,charlie brown
D.J. Carton,2024,4.0,36.0,9.6,0.539,13.3,-5.3,0.0,d j carton
Dexter Dennis,2024,4.0,30.0,18.3,0.541,33.3,1.7,0.0,dexter dennis
Henri Drell,2024,4.0,30.0,10.7,0.506,18.8,-4.9,0.0,henri drell
Jordan Miller,2024,8.0,28.0,14.1,0.658,17.0,-3.8,0.0,jordan miller
Mason Jones,2024,5.0,28.0,5.8,0.394,16.6,-5.5,0.0,mason jones
Pete Nance,2024,8.0,27.0,-3.9,0.218,12.9,-15.2,-0.1,pete nance
Pat Spencer,2024,6.0,26.0,9.4,0.5,8.1,-6.4,0.0,pat spencer
Dariq Whitehead,2024,2.0,24.0,4.9,0.255,10.6,-7.9,0.0,dariq whitehead
Mamadi Diakite,2024,6.0,24.0,18.6,0.694,17.0,3.5,0.0,mamadi diakite
E.J. Liddell,2024,8.0,23.0,4.3,0.291,16.8,-4.7,0.0,e j liddell
Drew Peterson,2024,3.0,23.0,18.5,0.917,13.3,5.3,0.0,drew peterson
Jordan Ford,2024,6.0,22.0,16.8,0.761,17.3,2.2,0.0,jordan ford
Isaiah Thomas,2024,6.0,19.0,6.7,0.4,22.8,-6.9,0.0,isaiah thomas
Usman Garuba,2024,6.0,18.0,7.0,0.218,20.8,-10.9,0.0,usman garuba
Danny Green,2024,2.0,18.0,0.7,0.0,4.8,-6.6,0.0,danny green
Alondes Williams,2024,7.0,16.0,-7.9,0.296,29.1,-23.2,-0.1,alondes williams
Ty Jerome,2024,2.0,15.0,7.6,0.5,14.7,-4.9,0.0,ty jerome
D.J. Wilson,2024,2.0,15.0,31.6,0.833,17.3,22.4,0.1,d j wilson
Adam Flagler,2024,2.0,14.0,0.6,0.214,21.7,-10.6,0.0,adam flagler
Andrew Funk,2024,5.0,13.0,-5.0,0.0,13.5,-14.4,0.0,andrew funk
Quenton Jackson,2024,3.0,11.0,16.1,0.532,7.2,3.3,0.0,quenton jackson
Joshua Primo,2024,2.0,10.0,-12.8,0.333,30.7,-25.0,-0.1,joshua primo
Filip Petrušev,2024,3.0,10.0,5.1,0.521,12.3,-8.0,0.0,filip petrusev
Lindell Wigginton,2024,3.0,8.0,5.6,0.51,37.1,-23.9,0.0,lindell wigginton
Kaiser Gates,2024,1.0,7.0,-19.9,0.0,24.9,-28.8,-0.1,kaiser gates
Shaquille Harrison,2024,3.0,6.0,15.9,0.5,14.3,4.6,0.0,shaquille harrison
Kevon Harris,2024,2.0,6.0,11.1,0.667,29.1,-15.8,0.0,kevon harris
Hamidou Diallo,2024,2.0,5.0,33.2,0.5,25.3,18.7,0.0,hamidou diallo
Ron Harper Jr.,2024,1.0,4.0,0.0,,0.0,-8.8,0.0,ron harper
Markquis Nowell,2024,1.0,4.0,55.5,0.532,20.1,43.3,0.0,markquis nowell
Isaiah Wong,2024,1.0,4.0,-1.1,0.333,31.4,-19.0,0.0,isaiah wong
Izaiah Brockington,2024,1.0,3.0,26.6,0.4,72.5,-17.8,0.0,izaiah brockington
Malcolm Cazalon,2024,1.0,3.0,0.0,,0.0,-9.1,0.0,malcolm cazalon
Jalen Crutcher,2024,1.0,3.0,-12.6,0.0,14.5,-26.2,0.0,jalen crutcher
Dmytro Skapintsev,2024,2.0,2.0,-19.3,0.0,21.6,-25.9,0.0,dmytro skapintsev
Justin Jackson,2024,2.0,1.0,0.0,,0.0,-7.5,0.0,justin jackson
Javonte Smart,2024,1.0,1.0,0.0,,0.0,-8.3,0.0,javonte smart
