player_name,season,games,minutes,per,ts_pct,usg_pct,bpm,vorp
James Harden,2015,81.0,2981.0,26.7,0.605,31.3,8.8,8.1
Andrew Wiggins,2015,82.0,2969.0,13.9,0.517,22.6,-2.4,-0.3
Trevor Ariza,2015,82.0,2930.0,12.7,0.539,16.5,1.0,2.2
Damian Lillard,2015,82.0,2925.0,20.7,0.56,26.9,4.7,4.9
Chris Paul,2015,82.0,2857.0,26.0,0.596,23.7,8.0,7.2
John Wall,2015,79.0,2837.0,19.9,0.523,26.1,3.6,4.0
DeAndre Jordan,2015,82.0,2820.0,21.0,0.638,13.6,2.9,3.5
Eric Bledsoe,2015,81.0,2800.0,18.4,0.555,23.7,2.1,2.9
Joe Johnson,2015,80.0,2791.0,14.1,0.523,20.3,-0.1,1.3
Kyrie Irving,2015,75.0,2730.0,21.5,0.583,26.2,4.1,4.2
Monta Ellis,2015,80.0,2699.0,16.5,0.509,27.9,-0.1,1.3
Tyreke Evans,2015,79.0,2690.0,17.7,0.508,26.1,1.2,2.2
Marc Gasol,2015,81.0,2687.0,21.7,0.558,24.6,5.1,4.8
Pau Gasol,2015,78.0,2681.0,22.7,0.55,24.7,3.5,3.7
Ben McLemore,2015,82.0,2670.0,10.4,0.552,17.2,-2.2,-0.2
Ty Lawson,2015,75.0,2665.0,18.5,0.526,20.6,2.2,2.8
Goran Dragić,2015,78.0,2640.0,17.4,0.577,21.8,0.8,1.8
Goran Dragić,2015,52.0,1735.0,16.7,0.573,21.5,0.1,0.9
Goran Dragić,2015,26.0,905.0,18.8,0.586,22.2,2.1,0.9
Gordon Hayward,2015,76.0,2618.0,20.2,0.567,26.2,4.0,4.0
Stephen Curry,2015,80.0,2613.0,28.0,0.638,28.9,9.9,7.9
Kentavious Caldwell-Pope,2015,82.0,2587.0,11.2,0.501,19.5,-1.7,0.2
Markieff Morris,2015,82.0,2581.0,15.8,0.523,23.3,-0.3,1.1
Victor Oladipo,2015,72.0,2573.0,15.9,0.527,25.2,-0.4,1.1
Giannis Antetokounmpo,2015,81.0,2541.0,14.8,0.552,19.6,0.0,1.2
Kevin Love,2015,75.0,2532.0,18.8,0.562,21.7,2.7,3.0
Nikola Vučević,2015,74.0,2529.0,21.5,0.548,26.0,0.9,1.8
Jimmy Butler,2015,65.0,2513.0,21.3,0.583,21.6,4.6,4.2
LaMarcus Aldridge,2015,71.0,2512.0,22.8,0.528,30.2,2.9,3.1
Andre Drummond,2015,82.0,2502.0,21.4,0.504,22.0,-0.1,1.2
Arron Afflalo,2015,78.0,2502.0,10.7,0.533,19.0,-2.5,-0.3
Arron Afflalo,2015,53.0,1750.0,11.7,0.533,19.9,-1.9,0.1
Arron Afflalo,2015,25.0,752.0,8.2,0.533,16.7,-3.8,-0.4
LeBron James,2015,69.0,2493.0,25.9,0.577,32.3,7.1,5.7
Draymond Green,2015,79.0,2490.0,16.4,0.54,17.2,3.5,3.5
Elfrid Payton,2015,82.0,2489.0,13.8,0.456,18.3,-1.2,0.5
Wilson Chandler,2015,78.0,2471.0,13.2,0.523,20.1,-0.6,0.9
Klay Thompson,2015,77.0,2455.0,20.8,0.591,27.6,4.4,4.0
Anthony Davis,2015,68.0,2455.0,30.8,0.591,27.8,8.9,6.7
Jeff Green,2015,78.0,2454.0,14.4,0.534,21.9,-0.2,1.2
Jeff Green,2015,33.0,1093.0,14.6,0.539,23.8,-1.1,0.3
Jeff Green,2015,45.0,1361.0,14.2,0.53,20.5,0.6,0.9
Marcin Gortat,2015,82.0,2453.0,18.2,0.587,17.6,1.5,2.1
Thaddeus Young,2015,76.0,2434.0,15.7,0.507,21.5,-0.1,1.1
Thaddeus Young,2015,48.0,1605.0,15.0,0.491,21.2,-0.5,0.6
Thaddeus Young,2015,28.0,829.0,17.1,0.539,22.0,0.5,0.5
Avery Bradley,2015,77.0,2428.0,11.5,0.507,21.0,-2.2,-0.1
Luol Deng,2015,72.0,2421.0,15.5,0.561,19.5,0.0,1.2
Kyle Korver,2015,75.0,2418.0,14.8,0.699,14.4,2.8,3.0
Kyle Lowry,2015,70.0,2414.0,19.3,0.527,25.4,3.0,3.1
JJ Redick,2015,78.0,2409.0,16.2,0.622,21.0,1.3,2.0
Rudy Gay,2015,68.0,2408.0,19.7,0.556,27.0,2.7,2.9
Paul Millsap,2015,73.0,2390.0,20.0,0.565,23.8,3.4,3.3
P.J. Tucker,2015,78.0,2383.0,12.5,0.541,13.9,0.4,1.4
Solomon Hill,2015,82.0,2381.0,10.2,0.507,15.9,-1.5,0.3
Nicolas Batum,2015,71.0,2380.0,13.1,0.516,14.6,2.1,2.4
Khris Middleton,2015,79.0,2378.0,15.6,0.563,19.9,1.6,2.2
Tobias Harris,2015,68.0,2369.0,16.7,0.551,22.5,0.5,1.5
Mario Chalmers,2015,80.0,2368.0,11.7,0.521,18.9,-2.5,-0.3
Blake Griffin,2015,67.0,2356.0,22.8,0.551,28.4,4.0,3.6
Courtney Lee,2015,77.0,2354.0,11.5,0.555,15.2,-0.5,0.9
Harrison Barnes,2015,82.0,2318.0,13.4,0.573,14.9,0.1,1.2
Al Horford,2015,76.0,2318.0,21.4,0.563,22.2,4.1,3.6
Gerald Henderson,2015,80.0,2315.0,13.2,0.514,20.7,-1.4,0.4
Danny Green,2015,81.0,2312.0,16.5,0.596,17.5,4.6,3.8
Nerlens Noel,2015,75.0,2311.0,15.0,0.493,17.0,-0.3,1.0
Zach Randolph,2015,71.0,2304.0,19.5,0.538,24.3,1.3,1.9
Russell Westbrook,2015,67.0,2302.0,29.1,0.536,38.4,8.1,5.8
Josh Smith,2015,83.0,2300.0,14.9,0.467,24.8,0.7,1.6
Josh Smith,2015,28.0,896.0,14.3,0.417,25.3,1.5,0.8
Josh Smith,2015,55.0,1404.0,15.2,0.5,24.5,0.2,0.8
Trey Burke,2015,76.0,2288.0,12.6,0.455,23.9,-1.4,0.3
Tyson Chandler,2015,75.0,2286.0,20.1,0.697,12.8,2.6,2.7
Dirk Nowitzki,2015,77.0,2282.0,19.2,0.56,24.9,2.2,2.4
Derrick Favors,2015,74.0,2280.0,21.8,0.558,23.8,2.5,2.6
Matt Barnes,2015,76.0,2271.0,11.3,0.574,14.9,-0.3,1.0
Reggie Jackson,2015,77.0,2268.0,17.2,0.511,24.6,1.1,1.8
Reggie Jackson,2015,50.0,1398.0,15.6,0.511,22.1,0.7,0.9
Reggie Jackson,2015,27.0,870.0,19.8,0.511,28.6,1.9,0.9
Evan Turner,2015,82.0,2260.0,12.8,0.482,19.5,-1.0,0.6
Wesley Johnson,2015,76.0,2245.0,11.1,0.509,16.4,-1.9,0.1
Jarrett Jack,2015,80.0,2241.0,14.6,0.522,22.6,-1.1,0.5
Jeff Teague,2015,73.0,2228.0,20.6,0.566,25.3,2.9,2.8
Tim Duncan,2015,77.0,2227.0,22.6,0.56,22.2,5.1,4.0
Mike Conley,2015,70.0,2225.0,18.6,0.558,23.7,2.8,2.7
Dion Waiters,2015,80.0,2208.0,10.9,0.46,22.5,-3.3,-0.7
Dion Waiters,2015,33.0,786.0,12.2,0.468,24.0,-2.6,-0.1
Dion Waiters,2015,47.0,1422.0,10.1,0.455,21.7,-3.7,-0.6
Tristan Thompson,2015,82.0,2194.0,15.6,0.58,14.0,-1.2,0.4
Gorgui Dieng,2015,73.0,2193.0,17.2,0.573,15.0,0.2,1.2
DeMarre Carroll,2015,70.0,2189.0,15.9,0.603,16.9,1.7,2.0
Chandler Parsons,2015,66.0,2186.0,16.3,0.567,20.6,1.6,2.0
Rudy Gobert,2015,82.0,2158.0,21.6,0.627,14.0,4.2,3.4
Patrick Patterson,2015,81.0,2156.0,14.6,0.568,13.1,2.5,2.4
Michael Carter-Williams,2015,66.0,2149.0,14.1,0.461,26.7,-1.1,0.5
Michael Carter-Williams,2015,41.0,1391.0,12.8,0.444,27.1,-2.0,0.0
Michael Carter-Williams,2015,25.0,758.0,16.3,0.496,25.8,0.6,0.5
Greg Monroe,2015,69.0,2137.0,21.2,0.549,23.9,2.0,2.1
Enes Freedom,2015,75.0,2135.0,20.3,0.564,24.7,-0.9,0.6
Enes Freedom,2015,49.0,1326.0,17.5,0.535,25.1,-2.7,-0.2
Enes Freedom,2015,26.0,809.0,24.9,0.611,23.9,2.0,0.8
Kemba Walker,2015,62.0,2119.0,17.6,0.486,25.9,2.3,2.3
Serge Ibaka,2015,64.0,2116.0,16.6,0.549,18.9,0.9,1.6
Deron Williams,2015,68.0,2114.0,15.7,0.504,22.3,0.2,1.2
Bradley Beal,2015,63.0,2107.0,14.0,0.521,22.5,0.1,1.1
Brook Lopez,2015,72.0,2100.0,22.7,0.558,26.3,1.2,1.6
DeMar DeRozan,2015,60.0,2100.0,17.4,0.51,28.4,-0.9,0.6
Jonas Valančiūnas,2015,80.0,2096.0,20.6,0.623,19.1,0.5,1.3
Terrence Ross,2015,82.0,2092.0,11.2,0.519,18.3,-1.4,0.3
Corey Brewer,2015,80.0,2087.0,13.9,0.507,21.6,-1.0,0.5
Corey Brewer,2015,24.0,680.0,13.8,0.484,20.1,-0.8,0.2
Corey Brewer,2015,56.0,1407.0,14.0,0.516,22.4,-1.1,0.3
Kenneth Faried,2015,75.0,2086.0,18.4,0.548,20.3,-0.1,1.0
J.R. Smith,2015,70.0,2080.0,13.6,0.538,19.3,0.7,1.5
J.R. Smith,2015,24.0,619.0,11.5,0.487,23.3,-2.8,-0.1
J.R. Smith,2015,46.0,1461.0,14.5,0.565,17.6,2.2,1.6
Andre Iguodala,2015,77.0,2069.0,12.3,0.553,13.3,0.9,1.5
Joakim Noah,2015,67.0,2049.0,15.3,0.482,13.7,2.1,2.1
Marcus Morris,2015,81.0,2045.0,13.7,0.52,19.0,0.1,1.1
Timofey Mozgov,2015,81.0,2045.0,16.6,0.594,16.9,-0.7,0.7
Timofey Mozgov,2015,35.0,897.0,13.8,0.554,15.3,-1.9,0.0
Timofey Mozgov,2015,46.0,1148.0,18.7,0.621,18.1,0.3,0.7
Donatas Motiejūnas,2015,71.0,2037.0,14.4,0.553,19.1,-0.5,0.8
Marvin Williams,2015,78.0,2035.0,11.8,0.541,13.3,0.0,1.0
Brandon Knight,2015,63.0,2035.0,17.1,0.543,25.9,1.6,1.9
Brandon Knight,2015,52.0,1688.0,18.5,0.556,26.6,2.5,1.9
Brandon Knight,2015,11.0,347.0,10.5,0.472,22.6,-2.9,-0.1
Kawhi Leonard,2015,64.0,2033.0,22.0,0.567,23.0,5.9,4.1
Wesley Matthews,2015,60.0,2024.0,16.1,0.586,19.8,3.1,2.6
Eric Gordon,2015,61.0,2018.0,12.7,0.544,19.8,-1.0,0.5
Rajon Rondo,2015,68.0,2018.0,13.5,0.448,19.5,-0.8,0.6
Rajon Rondo,2015,22.0,699.0,15.4,0.422,18.2,0.4,0.4
Rajon Rondo,2015,46.0,1319.0,12.4,0.46,20.3,-1.5,0.2
Lou Williams,2015,80.0,2016.0,19.9,0.564,27.0,2.6,2.3
DeMarcus Cousins,2015,59.0,2013.0,25.2,0.545,34.1,4.3,3.2
Al Jefferson,2015,65.0,1992.0,19.7,0.5,26.3,1.6,1.8
Greivis Vásquez,2015,82.0,1991.0,12.6,0.514,19.8,-1.0,0.5
Jason Thompson,2015,81.0,1991.0,10.2,0.5,12.7,-2.8,-0.4
Boris Diaw,2015,81.0,1984.0,12.7,0.526,18.3,-0.4,0.8
Ömer Aşık,2015,76.0,1982.0,15.5,0.545,14.0,-1.2,0.4
Mo Williams,2015,68.0,1980.0,15.4,0.512,25.2,-0.8,0.6
Mo Williams,2015,41.0,1149.0,14.4,0.511,22.7,-2.2,-0.1
Mo Williams,2015,27.0,831.0,16.9,0.512,28.8,1.1,0.6
Amir Johnson,2015,75.0,1979.0,15.4,0.603,15.7,-0.1,0.9
Dwyane Wade,2015,62.0,1971.0,21.4,0.534,34.7,2.1,2.1
D.J. Augustin,2015,82.0,1964.0,13.9,0.527,19.8,-1.2,0.4
D.J. Augustin,2015,54.0,1287.0,15.8,0.536,22.2,-0.5,0.5
D.J. Augustin,2015,28.0,677.0,10.2,0.503,15.1,-2.3,-0.1
Robert Covington,2015,70.0,1956.0,14.7,0.554,21.8,0.7,1.3
Tony Parker,2015,68.0,1953.0,15.9,0.539,24.5,-1.3,0.3
Brandon Bass,2015,82.0,1929.0,16.3,0.557,19.5,0.0,1.0
Roy Hibbert,2015,76.0,1926.0,15.4,0.501,21.3,-1.2,0.4
Luc Mbah a Moute,2015,67.0,1916.0,10.6,0.466,18.3,-2.8,-0.4
Paul Pierce,2015,73.0,1914.0,15.2,0.58,19.9,1.5,1.7
Jeremy Lin,2015,74.0,1907.0,15.6,0.539,21.9,-0.4,0.8
Zach LaVine,2015,77.0,1902.0,11.3,0.515,22.0,-4.6,-1.3
David West,2015,66.0,1895.0,16.0,0.508,21.0,1.6,1.7
Aaron Brooks,2015,82.0,1885.0,14.4,0.534,25.0,-0.8,0.5
Rodney Stuckey,2015,71.0,1874.0,15.4,0.528,23.4,0.3,1.1
Jordan Hill,2015,70.0,1874.0,16.2,0.494,22.7,-2.2,-0.1
Channing Frye,2015,75.0,1870.0,9.5,0.546,14.1,-1.5,0.2
Shane Larkin,2015,76.0,1865.0,10.9,0.504,13.6,-2.8,-0.4
Bojan Bogdanović,2015,78.0,1854.0,11.6,0.562,17.2,-1.7,0.1
C.J. Miles,2015,70.0,1841.0,14.1,0.525,23.9,0.9,1.3
Ed Davis,2015,79.0,1840.0,20.0,0.594,14.8,1.5,1.6
Mike Dunleavy,2015,63.0,1838.0,11.6,0.573,14.2,0.0,0.9
Norris Cole,2015,75.0,1831.0,10.9,0.483,17.5,-2.8,-0.4
Norris Cole,2015,47.0,1148.0,9.9,0.452,15.7,-3.0,-0.3
Norris Cole,2015,28.0,683.0,12.6,0.52,20.6,-2.4,0.0
Danté Exum,2015,82.0,1817.0,5.7,0.457,13.8,-4.3,-1.1
Marcus Smart,2015,67.0,1808.0,11.0,0.491,15.1,-0.5,0.7
Anthony Morrow,2015,74.0,1806.0,14.8,0.604,16.5,1.8,1.7
Quincy Pondexter,2015,75.0,1793.0,9.9,0.55,13.8,-2.1,0.0
Quincy Pondexter,2015,30.0,540.0,7.1,0.452,13.4,-3.9,-0.3
Quincy Pondexter,2015,45.0,1253.0,11.1,0.592,13.9,-1.3,0.2
Jason Smith,2015,82.0,1785.0,12.0,0.497,19.7,-3.8,-0.8
Hollis Thompson,2015,71.0,1776.0,10.9,0.538,15.9,-1.8,0.1
Steven Adams,2015,70.0,1771.0,14.1,0.549,14.3,-1.3,0.3
Alan Anderson,2015,74.0,1744.0,10.6,0.563,14.2,-1.5,0.2
Mason Plumlee,2015,82.0,1743.0,18.0,0.57,19.2,0.1,0.9
Kyle Singler,2015,80.0,1743.0,8.5,0.512,13.2,-2.1,0.0
Kyle Singler,2015,54.0,1287.0,9.4,0.526,14.0,-1.7,0.1
Kyle Singler,2015,26.0,456.0,5.8,0.461,11.0,-3.2,-0.1
Tyler Zeller,2015,82.0,1731.0,18.9,0.594,19.6,0.9,1.3
Zaza Pachulia,2015,73.0,1730.0,15.6,0.506,19.1,0.4,1.0
Patrick Beverley,2015,56.0,1727.0,11.3,0.509,16.1,0.1,0.9
Isaiah Thomas,2015,67.0,1726.0,20.6,0.579,27.8,3.2,2.3
Isaiah Thomas,2015,46.0,1181.0,19.7,0.579,25.8,2.5,1.4
Isaiah Thomas,2015,21.0,545.0,22.3,0.579,32.1,4.6,0.9
Jerryd Bayless,2015,77.0,1717.0,11.1,0.519,18.6,-2.1,0.0
Jared Dudley,2015,72.0,1717.0,12.3,0.572,13.5,0.6,1.1
Jamal Crawford,2015,64.0,1703.0,16.6,0.532,27.6,0.7,1.2
O.J. Mayo,2015,71.0,1697.0,13.5,0.529,23.6,-0.6,0.6
Nenê,2015,67.0,1693.0,14.3,0.534,21.8,-0.8,0.5
Carlos Boozer,2015,71.0,1692.0,16.4,0.517,23.7,-1.7,0.1
Taj Gibson,2015,62.0,1692.0,16.1,0.545,17.6,-0.4,0.7
Devin Harris,2015,76.0,1685.0,14.8,0.559,18.0,1.4,1.4
Tim Hardaway Jr.,2015,70.0,1681.0,12.1,0.512,23.8,-2.8,-0.3
Wayne Ellington,2015,65.0,1675.0,11.6,0.504,18.5,-2.3,-0.1
Ryan Anderson,2015,61.0,1675.0,15.6,0.524,23.4,-0.3,0.7
Joe Ingles,2015,79.0,1673.0,9.6,0.533,12.9,-1.2,0.3
Evan Fournier,2015,58.0,1661.0,12.4,0.546,19.7,-1.8,0.1
Luis Scola,2015,81.0,1659.0,16.8,0.515,22.8,-0.3,0.7
Nikola Mirotić,2015,82.0,1654.0,17.9,0.556,22.8,2.3,1.8
Dante Cunningham,2015,66.0,1652.0,8.9,0.473,10.9,-2.5,-0.2
Tony Allen,2015,63.0,1648.0,14.6,0.528,16.6,1.6,1.5
Jae Crowder,2015,82.0,1647.0,13.9,0.517,17.5,0.5,1.0
Jae Crowder,2015,25.0,265.0,12.7,0.55,15.3,-0.1,0.1
Jae Crowder,2015,57.0,1382.0,14.1,0.512,17.9,0.6,0.9
Jason Terry,2015,77.0,1641.0,11.4,0.579,14.3,0.5,1.0
Robin Lopez,2015,59.0,1638.0,16.2,0.574,15.5,0.1,0.9
Caron Butler,2015,78.0,1623.0,9.3,0.544,12.9,-1.7,0.1
Kirk Hinrich,2015,66.0,1610.0,6.8,0.468,13.3,-3.8,-0.7
Manu Ginóbili,2015,70.0,1587.0,16.2,0.544,23.9,1.7,1.5
Michael Kidd-Gilchrist,2015,55.0,1587.0,15.1,0.519,18.4,-0.5,0.6
Andrew Bogut,2015,67.0,1583.0,15.8,0.565,13.2,2.4,1.8
Lance Stephenson,2015,61.0,1573.0,8.8,0.419,21.1,-4.5,-1.0
Jared Sullinger,2015,58.0,1566.0,17.9,0.503,23.6,1.1,1.2
Darren Collison,2015,45.0,1565.0,17.5,0.575,20.9,2.1,1.6
Trevor Booker,2015,79.0,1564.0,15.3,0.536,18.1,-0.2,0.7
Austin Rivers,2015,76.0,1563.0,10.3,0.481,17.9,-2.8,-0.3
Austin Rivers,2015,35.0,772.0,10.1,0.472,16.7,-3.0,-0.2
Austin Rivers,2015,41.0,791.0,10.6,0.488,19.0,-2.7,-0.1
Chris Bosh,2015,44.0,1556.0,19.8,0.548,28.4,1.3,1.3
Iman Shumpert,2015,62.0,1545.0,11.4,0.497,17.4,-0.9,0.4
Iman Shumpert,2015,24.0,625.0,11.9,0.484,20.1,-2.0,0.0
Iman Shumpert,2015,38.0,920.0,11.1,0.508,15.6,-0.1,0.4
Derrick Rose,2015,51.0,1530.0,15.9,0.493,31.7,-0.6,0.6
Steve Blake,2015,81.0,1529.0,9.5,0.507,13.2,-1.8,0.1
Alex Len,2015,69.0,1518.0,13.5,0.542,13.7,-1.8,0.1
Dennis Schröder,2015,77.0,1516.0,15.7,0.516,27.0,-1.3,0.2
Rasual Butler,2015,75.0,1505.0,11.4,0.531,17.9,-0.8,0.4
Beno Udrih,2015,79.0,1494.0,15.4,0.55,19.6,0.5,0.9
Lance Thomas,2015,62.0,1490.0,8.0,0.456,17.0,-5.6,-1.3
Lance Thomas,2015,22.0,450.0,6.6,0.402,15.1,-4.7,-0.3
Lance Thomas,2015,40.0,1040.0,8.6,0.478,17.8,-5.9,-1.0
Cody Zeller,2015,62.0,1487.0,14.1,0.53,15.6,-0.6,0.5
Jordan Clarkson,2015,59.0,1476.0,16.9,0.528,23.0,0.2,0.8
Shaun Livingston,2015,78.0,1468.0,12.9,0.529,15.9,-0.8,0.4
Derrick Williams,2015,74.0,1462.0,12.8,0.54,18.9,-2.0,0.0
Jodie Meeks,2015,60.0,1462.0,14.1,0.548,20.1,-0.5,0.5
Langston Galloway,2015,45.0,1457.0,12.3,0.489,19.2,-2.3,-0.1
Brandan Wright,2015,75.0,1449.0,20.4,0.66,13.6,3.7,2.1
Brandan Wright,2015,27.0,505.0,25.7,0.762,14.9,5.6,1.0
Brandan Wright,2015,8.0,86.0,15.0,0.571,14.1,1.0,0.1
Brandan Wright,2015,40.0,858.0,17.8,0.6,12.8,2.9,1.0
Gerald Green,2015,74.0,1446.0,15.4,0.532,28.4,-0.3,0.6
Cory Joseph,2015,79.0,1444.0,15.5,0.564,17.0,1.4,1.2
Ray McCallum,2015,68.0,1436.0,12.5,0.496,18.2,-2.0,0.0
Otto Porter Jr.,2015,74.0,1432.0,11.6,0.523,15.1,-0.5,0.6
Anthony Tolliver,2015,76.0,1432.0,11.1,0.569,14.7,-1.4,0.2
Anthony Tolliver,2015,24.0,272.0,7.8,0.522,14.2,-2.5,0.0
Anthony Tolliver,2015,52.0,1160.0,11.8,0.58,14.8,-1.1,0.3
Carmelo Anthony,2015,40.0,1428.0,21.5,0.531,32.2,3.0,1.8
Danilo Gallinari,2015,59.0,1426.0,16.8,0.563,21.5,2.4,1.6
Kelly Olynyk,2015,64.0,1423.0,15.9,0.558,21.1,0.4,0.8
C.J. Watson,2015,57.0,1422.0,15.4,0.581,18.8,1.3,1.2
Omri Casspi,2015,67.0,1416.0,14.4,0.58,18.7,-0.8,0.4
Tony Snell,2015,72.0,1412.0,10.2,0.55,14.1,-1.4,0.2
J.J. Hickson,2015,73.0,1411.0,14.3,0.504,19.7,-2.7,-0.2
Jameer Nelson,2015,63.0,1407.0,12.1,0.503,19.5,-1.0,0.4
Jameer Nelson,2015,23.0,584.0,9.9,0.501,15.7,-1.4,0.1
Jameer Nelson,2015,6.0,121.0,8.7,0.323,19.5,-3.9,-0.1
Jameer Nelson,2015,34.0,702.0,14.5,0.53,22.7,0.0,0.3
Henry Sims,2015,73.0,1399.0,14.5,0.521,20.6,-2.8,-0.3
Chris Kaman,2015,74.0,1398.0,17.3,0.537,22.5,-0.8,0.4
Tayshaun Prince,2015,58.0,1397.0,12.0,0.504,15.0,-0.6,0.5
Tayshaun Prince,2015,26.0,628.0,10.6,0.484,15.4,-1.6,0.1
Tayshaun Prince,2015,9.0,198.0,16.9,0.616,14.5,4.0,0.3
Tayshaun Prince,2015,23.0,571.0,11.8,0.486,14.7,-1.2,0.1
Marco Belinelli,2015,62.0,1388.0,12.4,0.553,18.8,-1.0,0.4
Matthew Dellavedova,2015,67.0,1380.0,8.5,0.493,12.6,-2.8,-0.3
Jerami Grant,2015,65.0,1377.0,8.7,0.47,16.5,-3.3,-0.5
James Johnson,2015,70.0,1370.0,17.9,0.617,17.4,2.4,1.5
Al-Farouq Aminu,2015,74.0,1366.0,14.4,0.504,15.2,0.7,1.0
J.J. Barea,2015,77.0,1362.0,15.1,0.502,21.2,-0.3,0.6
K.J. McDaniels,2015,62.0,1352.0,10.6,0.494,19.3,-2.8,-0.3
K.J. McDaniels,2015,52.0,1319.0,10.8,0.499,19.2,-2.6,-0.2
K.J. McDaniels,2015,10.0,33.0,4.6,0.346,22.2,-9.2,-0.1
Kosta Koufos,2015,81.0,1348.0,14.2,0.53,15.8,-1.2,0.2
Kris Humphries,2015,64.0,1345.0,15.4,0.512,18.3,-1.0,0.3
Brian Roberts,2015,72.0,1330.0,11.7,0.495,18.6,-1.7,0.1
Kent Bazemore,2015,75.0,1324.0,9.7,0.52,15.5,-2.1,0.0
Ersan İlyasova,2015,58.0,1319.0,16.8,0.554,22.1,1.1,1.0
Jrue Holiday,2015,40.0,1303.0,18.8,0.522,23.1,2.8,1.6
Kevin Martin,2015,39.0,1302.0,16.7,0.549,26.6,-0.7,0.4
Quincy Acy,2015,68.0,1287.0,11.9,0.533,15.5,-3.1,-0.3
Chase Budinger,2015,67.0,1286.0,12.2,0.537,16.3,-1.8,0.0
Andre Roberson,2015,67.0,1286.0,9.1,0.513,9.0,-0.7,0.4
Spencer Hawes,2015,73.0,1274.0,9.8,0.478,17.9,-2.3,-0.1
José Calderón,2015,42.0,1270.0,11.3,0.519,16.1,-3.0,-0.3
George Hill,2015,43.0,1267.0,21.5,0.579,23.8,5.3,2.3
Andre Miller,2015,81.0,1253.0,13.3,0.548,15.3,-2.1,0.0
Andre Miller,2015,51.0,631.0,14.3,0.575,14.8,-0.5,0.2
Andre Miller,2015,30.0,622.0,12.3,0.522,15.8,-3.6,-0.3
Amar'e Stoudemire,2015,59.0,1245.0,20.3,0.595,23.8,0.1,0.7
Amar'e Stoudemire,2015,36.0,865.0,19.5,0.589,22.9,-0.6,0.3
Amar'e Stoudemire,2015,23.0,380.0,22.3,0.605,25.8,1.9,0.4
Richard Jefferson,2015,74.0,1244.0,11.3,0.577,15.3,-0.8,0.4
Bismack Biyombo,2015,64.0,1243.0,15.2,0.578,11.6,-1.1,0.3
Kevin Séraphin,2015,79.0,1235.0,12.5,0.535,21.5,-3.8,-0.6
Ryan Kelly,2015,52.0,1233.0,8.6,0.473,14.0,-3.3,-0.4
Jonas Jerebko,2015,75.0,1230.0,15.0,0.549,16.2,0.9,0.9
Jonas Jerebko,2015,46.0,703.0,14.5,0.564,15.1,1.0,0.5
Jonas Jerebko,2015,29.0,527.0,15.5,0.533,17.6,0.6,0.4
John Henson,2015,67.0,1228.0,18.0,0.578,18.1,0.7,0.8
Dwight Howard,2015,41.0,1223.0,19.2,0.596,23.3,-0.4,0.5
Marreese Speights,2015,76.0,1207.0,19.5,0.546,29.1,-1.9,0.0
Kobe Bryant,2015,35.0,1207.0,17.6,0.477,34.9,0.3,0.7
Pablo Prigioni,2015,67.0,1197.0,12.2,0.557,11.6,0.0,0.6
Pablo Prigioni,2015,43.0,795.0,12.7,0.583,12.7,0.1,0.4
Pablo Prigioni,2015,24.0,402.0,11.4,0.496,9.6,-0.2,0.2
Tarik Black,2015,63.0,1196.0,14.7,0.583,13.8,-2.1,0.0
Tarik Black,2015,25.0,393.0,11.6,0.548,12.7,-3.9,-0.2
Tarik Black,2015,38.0,803.0,16.3,0.598,14.3,-1.3,0.2
Miles Plumlee,2015,73.0,1194.0,13.4,0.536,12.0,-0.6,0.4
Miles Plumlee,2015,54.0,1005.0,13.1,0.55,11.2,-0.7,0.3
Miles Plumlee,2015,19.0,189.0,15.0,0.488,16.3,0.1,0.1
Gary Neal,2015,54.0,1193.0,11.1,0.483,23.8,-3.4,-0.5
Gary Neal,2015,43.0,931.0,9.9,0.466,24.4,-4.3,-0.6
Gary Neal,2015,11.0,262.0,15.1,0.544,21.8,-0.5,0.1
Carl Landry,2015,70.0,1192.0,14.9,0.578,18.1,-2.3,-0.1
Ramon Sessions,2015,64.0,1188.0,11.1,0.49,18.7,-2.7,-0.2
Ramon Sessions,2015,36.0,642.0,8.1,0.442,18.7,-5.1,-0.5
Ramon Sessions,2015,28.0,546.0,14.7,0.547,18.6,0.1,0.3
Brandon Jennings,2015,41.0,1173.0,19.7,0.522,26.3,3.3,1.6
Kendrick Perkins,2015,68.0,1148.0,7.0,0.467,13.6,-5.4,-1.0
Kendrick Perkins,2015,51.0,981.0,7.4,0.461,12.9,-4.6,-0.7
Kendrick Perkins,2015,17.0,167.0,4.7,0.494,17.7,-9.7,-0.3
Ian Mahinmi,2015,61.0,1146.0,10.8,0.516,12.5,-2.5,-0.1
Hassan Whiteside,2015,48.0,1142.0,26.2,0.619,21.1,4.1,1.8
Robert Sacre,2015,67.0,1133.0,10.9,0.449,14.8,-3.5,-0.4
Chris Andersen,2015,60.0,1132.0,16.1,0.622,12.3,1.1,0.9
JaKarr Sampson,2015,74.0,1131.0,9.4,0.498,17.9,-4.2,-0.6
Nik Stauskas,2015,73.0,1127.0,7.5,0.492,14.2,-3.3,-0.4
Mike Scott,2015,68.0,1123.0,15.1,0.543,21.4,-0.5,0.4
Aron Baynes,2015,70.0,1122.0,15.9,0.618,17.8,-1.8,0.1
Donald Sloan,2015,53.0,1107.0,13.1,0.503,18.6,-0.1,0.5
Jusuf Nurkić,2015,62.0,1103.0,14.8,0.483,20.7,-2.8,-0.2
Nick Collison,2015,66.0,1101.0,11.2,0.485,12.8,-1.0,0.3
Shawn Marion,2015,57.0,1101.0,11.0,0.489,12.9,-1.0,0.3
Vince Carter,2015,66.0,1091.0,9.6,0.445,19.9,-1.7,0.1
Randy Foye,2015,50.0,1087.0,11.0,0.51,19.3,-1.2,0.2
Shawne Williams,2015,63.0,1087.0,10.5,0.537,14.9,-2.0,0.0
Shawne Williams,2015,44.0,924.0,11.2,0.574,14.1,-1.2,0.2
Shawne Williams,2015,19.0,163.0,6.7,0.388,19.1,-6.6,-0.2
Lavoy Allen,2015,63.0,1070.0,14.9,0.493,15.2,0.0,0.6
Rodney Hood,2015,50.0,1064.0,12.3,0.529,19.6,-0.7,0.3
Tyler Hansbrough,2015,74.0,1058.0,13.3,0.597,10.5,-1.3,0.2
James Ennis III,2015,62.0,1051.0,11.5,0.541,14.6,-1.5,0.1
Damjan Rudež,2015,68.0,1047.0,8.2,0.591,13.8,-2.3,-0.1
Pero Antić,2015,63.0,1037.0,9.5,0.508,17.6,-4.1,-0.6
Tiago Splitter,2015,52.0,1030.0,18.9,0.601,18.4,2.3,1.1
Shabazz Napier,2015,51.0,1012.0,9.3,0.517,15.5,-3.2,-0.3
Nick Young,2015,42.0,1000.0,14.2,0.52,26.0,-1.3,0.2
Udonis Haslem,2015,62.0,995.0,10.6,0.488,14.6,-3.7,-0.4
Darrell Arthur,2015,58.0,988.0,11.5,0.466,20.0,-1.7,0.1
Will Barton,2015,58.0,983.0,13.6,0.503,20.2,-0.2,0.4
Will Barton,2015,30.0,300.0,8.3,0.422,18.5,-3.3,-0.1
Will Barton,2015,28.0,683.0,15.9,0.533,21.0,1.2,0.5
Leandro Barbosa,2015,66.0,982.0,15.3,0.558,20.5,0.3,0.6
Ronnie Price,2015,43.0,982.0,10.2,0.455,13.4,-2.6,-0.1
Cole Aldrich,2015,61.0,976.0,18.1,0.513,18.3,0.3,0.6
Thabo Sefolosha,2015,52.0,976.0,13.8,0.506,14.6,1.0,0.8
CJ McCollum,2015,62.0,973.0,13.1,0.534,20.5,-0.6,0.4
Alexis Ajinça,2015,68.0,957.0,19.9,0.595,21.1,-0.3,0.4
Kevin Garnett,2015,47.0,952.0,15.2,0.496,17.8,0.7,0.7
Kevin Garnett,2015,42.0,854.0,14.8,0.486,18.1,0.3,0.5
Kevin Garnett,2015,5.0,98.0,19.3,0.58,15.2,4.3,0.2
Willie Green,2015,52.0,951.0,7.9,0.477,17.6,-4.2,-0.5
Isaiah Canaan,2015,47.0,938.0,12.4,0.534,21.6,-0.8,0.3
Isaiah Canaan,2015,25.0,369.0,11.8,0.549,19.2,-0.4,0.2
Isaiah Canaan,2015,22.0,569.0,12.8,0.526,23.2,-1.1,0.1
Lou Amundson,2015,53.0,937.0,11.8,0.442,17.4,-4.3,-0.5
Lou Amundson,2015,12.0,79.0,3.8,0.387,11.0,-8.2,-0.1
Lou Amundson,2015,41.0,858.0,12.5,0.444,18.0,-3.9,-0.4
Matt Bonner,2015,72.0,935.0,10.1,0.536,12.5,-0.7,0.3
Elijah Millsap,2015,47.0,924.0,7.9,0.45,17.0,-3.1,-0.3
Kevin Durant,2015,27.0,913.0,27.6,0.633,29.1,10.0,2.8
Glen Davis,2015,74.0,904.0,10.8,0.495,16.7,-3.1,-0.3
David Lee,2015,49.0,904.0,17.8,0.541,19.6,0.9,0.7
Alec Burks,2015,27.0,899.0,13.0,0.524,20.8,-1.7,0.1
Tony Wroten,2015,30.0,895.0,14.9,0.494,30.5,-1.2,0.2
Anthony Bennett,2015,57.0,894.0,11.4,0.458,17.8,-3.9,-0.4
Mirza Teletović,2015,40.0,892.0,10.7,0.5,20.1,-1.7,0.1
Terrence Jones,2015,33.0,889.0,18.3,0.567,18.4,1.2,0.7
Jason Maxiell,2015,61.0,878.0,10.4,0.455,13.1,-3.2,-0.3
Shabazz Muhammad,2015,38.0,866.0,19.9,0.556,25.3,0.7,0.6
Drew Gooden,2015,51.0,864.0,11.9,0.469,17.0,-1.4,0.1
Joey Dorsey,2015,69.0,854.0,11.1,0.507,11.3,-3.1,-0.2
Meyers Leonard,2015,55.0,847.0,14.8,0.631,15.8,0.6,0.6
Dewayne Dedmon,2015,59.0,845.0,13.3,0.568,13.0,-3.5,-0.3
Nick Calathes,2015,58.0,838.0,12.3,0.455,17.9,0.0,0.4
Shelvin Mack,2015,55.0,833.0,13.2,0.489,19.5,-1.7,0.1
Ish Smith,2015,55.0,832.0,12.3,0.431,24.6,-2.5,-0.1
Ish Smith,2015,30.0,155.0,9.0,0.378,16.1,-3.1,0.0
Ish Smith,2015,25.0,677.0,13.0,0.439,26.5,-2.4,-0.1
Luke Babbitt,2015,63.0,830.0,11.1,0.639,12.4,-0.4,0.3
Chris Copeland,2015,50.0,828.0,7.4,0.468,21.3,-3.7,-0.4
Jon Leuer,2015,63.0,824.0,11.9,0.478,18.6,-2.8,-0.1
Kyle O'Quinn,2015,51.0,824.0,14.8,0.55,17.7,-0.3,0.4
Nikola Peković,2015,31.0,815.0,16.6,0.502,23.1,-2.0,0.0
Patty Mills,2015,51.0,801.0,13.0,0.496,22.1,-0.3,0.4
Thomas Robinson,2015,54.0,798.0,15.3,0.502,20.2,-2.0,0.0
Thomas Robinson,2015,32.0,391.0,11.0,0.513,16.6,-3.3,-0.1
Thomas Robinson,2015,22.0,407.0,19.3,0.496,23.6,-0.7,0.1
Aaron Gordon,2015,47.0,797.0,11.4,0.517,15.5,-2.7,-0.2
Kostas Papanikolaou,2015,43.0,795.0,7.8,0.444,14.2,-2.0,0.0
Ben Gordon,2015,56.0,790.0,10.6,0.538,21.8,-4.2,-0.4
Andrea Bargnani,2015,29.0,785.0,16.6,0.527,26.4,-1.1,0.2
Markel Brown,2015,47.0,781.0,9.1,0.459,15.3,-2.6,-0.1
Alexey Shved,2015,42.0,767.0,19.5,0.541,26.3,2.9,0.9
Alexey Shved,2015,17.0,285.0,20.0,0.545,26.5,2.7,0.3
Alexey Shved,2015,9.0,59.0,9.3,0.503,24.9,-6.7,-0.1
Alexey Shved,2015,16.0,423.0,20.5,0.544,26.3,4.4,0.7
Reggie Evans,2015,47.0,764.0,11.7,0.49,13.0,-2.4,-0.1
Robbie Hummel,2015,45.0,742.0,9.7,0.536,12.1,-4.1,-0.4
Adreian Payne,2015,32.0,739.0,7.7,0.443,17.0,-6.9,-0.9
Adreian Payne,2015,3.0,19.0,2.9,0.317,19.0,-10.6,0.0
Adreian Payne,2015,29.0,720.0,7.8,0.448,16.9,-6.8,-0.9
Jabari Parker,2015,25.0,738.0,14.5,0.527,20.7,-0.5,0.3
Garrett Temple,2015,52.0,735.0,10.9,0.534,13.9,0.6,0.5
Marcus Thornton,2015,48.0,721.0,15.0,0.514,24.1,1.2,0.6
Marcus Thornton,2015,39.0,640.0,15.8,0.531,23.9,2.0,0.7
Marcus Thornton,2015,9.0,81.0,8.3,0.379,25.6,-4.9,-0.1
Gary Harris,2015,55.0,719.0,4.9,0.395,16.6,-5.3,-0.6
Justin Hamilton,2015,41.0,712.0,14.6,0.551,14.2,-0.8,0.2
Justin Hamilton,2015,24.0,289.0,9.7,0.485,12.4,-3.2,-0.1
Justin Hamilton,2015,17.0,423.0,18.0,0.586,15.5,0.7,0.3
Hedo Türkoğlu,2015,62.0,705.0,10.5,0.602,14.2,-0.2,0.3
Mike Miller,2015,52.0,701.0,4.6,0.471,8.9,-3.4,-0.2
Ricky Rubio,2015,22.0,692.0,15.2,0.452,20.0,-0.1,0.3
P.J. Hairston,2015,45.0,687.0,8.9,0.446,20.4,-2.9,-0.1
Allen Crabbe,2015,51.0,683.0,8.7,0.525,11.5,-0.8,0.2
Luke Ridnour,2015,47.0,683.0,10.0,0.507,14.8,-3.3,-0.2
Charlie Villanueva,2015,64.0,678.0,17.4,0.534,26.7,1.5,0.6
Maurice Harkless,2015,45.0,674.0,8.4,0.449,13.7,-3.6,-0.3
Travis Wear,2015,51.0,672.0,8.5,0.451,17.5,-5.5,-0.6
James Jones,2015,57.0,669.0,11.1,0.565,15.8,-0.7,0.2
Alonzo Gee,2015,54.0,662.0,13.0,0.548,16.7,-0.6,0.2
Alonzo Gee,2015,39.0,511.0,14.0,0.574,16.1,0.2,0.3
Alonzo Gee,2015,15.0,151.0,9.7,0.47,18.5,-3.2,0.0
Justin Holiday,2015,59.0,657.0,12.1,0.498,18.8,-1.4,0.1
Cleanthony Early,2015,39.0,647.0,8.4,0.447,19.6,-5.2,-0.5
Anderson Varejão,2015,26.0,636.0,17.7,0.58,18.1,0.6,0.4
Jeremy Lamb,2015,47.0,633.0,14.9,0.538,20.5,1.6,0.6
Perry Jones,2015,43.0,631.0,6.9,0.459,15.3,-4.4,-0.4
Henry Walker,2015,24.0,628.0,8.0,0.497,15.0,-2.0,0.0
Joel Freeland,2015,48.0,617.0,12.2,0.522,13.4,-2.6,-0.1
T.J. Warren,2015,40.0,614.0,14.0,0.551,17.8,-0.9,0.2
Danny Granger,2015,30.0,613.0,8.6,0.527,15.5,-3.9,-0.3
Tyler Johnson,2015,32.0,603.0,12.0,0.506,17.0,-0.9,0.2
Phil Pressey,2015,50.0,600.0,11.8,0.453,17.3,-1.2,0.1
Dorell Wright,2015,48.0,592.0,13.4,0.525,17.1,1.8,0.6
Nate Robinson,2015,42.0,591.0,10.6,0.432,22.5,-3.0,-0.1
Nate Robinson,2015,33.0,465.0,10.6,0.433,22.6,-3.1,-0.1
Nate Robinson,2015,9.0,126.0,10.4,0.429,22.1,-2.7,0.0
Larry Sanders,2015,27.0,586.0,15.2,0.507,17.0,-1.0,0.2
Jabari Brown,2015,19.0,568.0,11.0,0.547,18.8,-4.3,-0.3
Sergey Karasev,2015,33.0,555.0,10.5,0.508,14.4,-1.7,0.0
Lorenzo Brown,2015,29.0,549.0,11.0,0.468,12.9,-2.5,-0.1
Samuel Dalembert,2015,32.0,544.0,11.8,0.461,15.0,-3.1,-0.1
Furkan Aldemir,2015,41.0,540.0,12.0,0.517,8.6,-3.6,-0.2
Archie Goodwin,2015,41.0,535.0,11.2,0.486,23.4,-3.4,-0.2
Cory Jefferson,2015,50.0,531.0,13.2,0.48,18.1,-3.0,-0.1
Jordan Farmar,2015,36.0,529.0,9.9,0.513,16.6,-1.4,0.1
Chris Johnson,2015,29.0,526.0,10.2,0.515,15.0,-1.7,0.0
Chris Johnson,2015,9.0,187.0,6.0,0.425,16.9,-5.2,-0.2
Chris Johnson,2015,12.0,211.0,14.2,0.608,15.8,0.5,0.1
Chris Johnson,2015,8.0,128.0,9.7,0.502,10.9,-0.1,0.1
Jimmer Fredette,2015,50.0,509.0,9.8,0.479,19.6,-4.7,-0.4
Michael Beasley,2015,24.0,505.0,10.6,0.474,24.2,-4.5,-0.3
E'Twaun Moore,2015,56.0,504.0,10.3,0.504,14.4,-1.5,0.1
Festus Ezeli,2015,46.0,504.0,16.2,0.58,17.7,-1.8,0.0
Mike Muscala,2015,40.0,502.0,18.0,0.608,16.7,0.1,0.3
Joe Harris,2015,51.0,493.0,5.6,0.537,14.1,-5.6,-0.4
Andrew Nicholson,2015,40.0,492.0,10.3,0.483,20.8,-4.9,-0.4
Elton Brand,2015,36.0,486.0,9.4,0.457,11.6,-3.0,-0.1
Mitch McGary,2015,32.0,485.0,16.6,0.55,19.0,-1.9,0.0
Spencer Dinwiddie,2015,34.0,455.0,10.2,0.394,21.1,-2.8,-0.1
Ryan Hollins,2015,46.0,441.0,13.1,0.648,13.1,-2.3,0.0
Jeff Taylor,2015,29.0,430.0,8.2,0.481,16.0,-4.9,-0.3
Brandon Davies,2015,27.0,423.0,10.5,0.463,18.9,-4.5,-0.3
Brandon Davies,2015,20.0,379.0,10.7,0.472,18.2,-4.1,-0.2
Brandon Davies,2015,7.0,44.0,8.5,0.405,24.6,-7.4,-0.1
Kendall Marshall,2015,28.0,417.0,12.4,0.562,15.1,-0.8,0.1
Jason Richardson,2015,19.0,416.0,11.7,0.458,21.3,-1.3,0.1
Tyler Ennis,2015,33.0,411.0,7.3,0.411,20.6,-4.3,-0.2
Tyler Ennis,2015,8.0,58.0,12.0,0.503,22.6,-1.8,0.0
Tyler Ennis,2015,25.0,353.0,6.6,0.395,20.3,-4.8,-0.2
Erick Green,2015,43.0,410.0,8.9,0.436,19.1,-4.3,-0.2
Joel Anthony,2015,49.0,406.0,14.7,0.607,9.1,0.2,0.2
Troy Daniels,2015,47.0,397.0,9.6,0.515,21.3,-3.2,-0.1
Troy Daniels,2015,17.0,108.0,4.5,0.472,21.6,-6.4,-0.1
Troy Daniels,2015,19.0,154.0,7.4,0.443,19.4,-5.8,-0.1
Troy Daniels,2015,11.0,135.0,16.1,0.62,23.3,2.2,0.1
Jeff Ayres,2015,51.0,383.0,14.4,0.618,16.3,-2.2,0.0
Jerome Jordan,2015,44.0,383.0,16.8,0.609,16.1,-1.2,0.1
Johnny O'Bryant,2015,34.0,368.0,3.8,0.379,19.2,-9.5,-0.7
Greg Smith,2015,42.0,363.0,10.2,0.605,9.5,-2.6,-0.1
Kyle Anderson,2015,33.0,358.0,8.2,0.389,13.4,-1.4,0.1
Martell Webster,2015,32.0,352.0,5.9,0.445,18.2,-5.6,-0.3
Austin Daye,2015,34.0,344.0,8.2,0.449,22.1,-4.2,-0.2
Austin Daye,2015,26.0,268.0,7.1,0.441,22.9,-5.2,-0.2
Austin Daye,2015,8.0,76.0,12.1,0.484,19.2,-0.5,0.0
Reggie Bullock,2015,36.0,338.0,6.2,0.466,10.9,-3.2,-0.1
Reggie Bullock,2015,25.0,263.0,8.8,0.578,10.7,-1.2,0.1
Reggie Bullock,2015,11.0,75.0,-3.1,0.113,11.6,-10.2,-0.2
James Young,2015,31.0,332.0,8.5,0.457,15.8,-3.4,-0.1
Sebastian Telfair,2015,16.0,327.0,11.4,0.479,20.8,-1.4,0.1
A.J. Price,2015,26.0,324.0,12.0,0.451,22.5,-1.4,0.0
A.J. Price,2015,10.0,193.0,17.1,0.542,25.1,3.0,0.2
A.J. Price,2015,11.0,87.0,7.7,0.3,20.6,-5.9,-0.1
A.J. Price,2015,5.0,44.0,-1.6,0.214,15.0,-11.8,-0.1
Doug McDermott,2015,36.0,321.0,6.1,0.48,18.3,-6.0,-0.3
Darius Morris,2015,38.0,299.0,6.7,0.377,20.0,-6.4,-0.3
John Jenkins,2015,24.0,297.0,15.9,0.629,17.8,0.3,0.2
Josh McRoberts,2015,17.0,296.0,10.2,0.613,12.8,-2.8,-0.1
Gerald Wallace,2015,32.0,286.0,6.2,0.431,9.0,-3.1,-0.1
Raymond Felton,2015,29.0,281.0,12.4,0.48,20.7,-1.4,0.0
John Lucas III,2015,21.0,272.0,13.0,0.461,19.9,-2.2,0.0
Brandon Rush,2015,33.0,271.0,0.8,0.255,11.2,-7.3,-0.4
John Salmons,2015,21.0,270.0,5.1,0.422,9.3,-3.3,-0.1
Joffrey Lauvergne,2015,24.0,268.0,10.5,0.459,19.9,-5.6,-0.2
Jeremy Evans,2015,38.0,266.0,20.5,0.636,13.1,4.2,0.4
Nick Johnson,2015,28.0,262.0,4.8,0.43,17.4,-6.5,-0.3
Glenn Robinson III,2015,35.0,261.0,8.5,0.471,14.9,-5.4,-0.2
Glenn Robinson III,2015,25.0,108.0,8.2,0.467,13.9,-5.4,-0.1
Glenn Robinson III,2015,10.0,153.0,8.6,0.473,15.5,-5.4,-0.1
Jeff Withey,2015,37.0,259.0,17.6,0.57,17.3,-0.5,0.1
Noah Vonleh,2015,25.0,259.0,13.2,0.475,17.3,-3.1,-0.1
JaVale McGee,2015,23.0,256.0,14.4,0.567,18.9,-2.8,-0.1
JaVale McGee,2015,17.0,195.0,16.7,0.597,19.2,-1.2,0.0
JaVale McGee,2015,6.0,61.0,6.8,0.455,17.7,-7.7,-0.1
Chuck Hayes,2015,29.0,255.0,10.4,0.492,10.4,-1.0,0.1
Jordan Adams,2015,30.0,248.0,12.8,0.489,20.4,1.4,0.2
Nate Wolters,2015,21.0,247.0,4.6,0.352,13.3,-5.8,-0.2
Nate Wolters,2015,11.0,142.0,5.4,0.382,11.3,-4.6,-0.1
Nate Wolters,2015,10.0,105.0,3.5,0.316,16.0,-7.5,-0.1
Ricky Ledo,2015,17.0,244.0,6.3,0.426,24.8,-8.1,-0.4
Ricky Ledo,2015,5.0,11.0,-22.5,0.073,36.0,-31.4,-0.1
Ricky Ledo,2015,12.0,233.0,7.6,0.45,24.3,-7.0,-0.3
Tim Frazier,2015,11.0,239.0,8.1,0.406,17.5,-5.2,-0.2
Tim Frazier,2015,6.0,171.0,5.9,0.343,17.2,-6.9,-0.2
Tim Frazier,2015,5.0,68.0,13.7,0.557,18.2,-0.8,0.0
Dwight Powell,2015,29.0,236.0,13.8,0.552,17.5,-1.0,0.1
Dwight Powell,2015,5.0,9.0,34.9,0.765,38.3,12.9,0.0
Dwight Powell,2015,24.0,227.0,13.0,0.535,16.6,-1.6,0.0
Larry Drew II,2015,12.0,219.0,4.5,0.388,16.8,-9.9,-0.4
Landry Fields,2015,26.0,216.0,10.8,0.527,10.8,-0.1,0.1
Jeff Adrien,2015,17.0,215.0,14.2,0.494,14.3,-2.4,0.0
Gigi Datome,2015,21.0,209.0,15.1,0.587,20.7,1.2,0.2
Gigi Datome,2015,3.0,17.0,16.7,0.458,36.5,0.3,0.0
Gigi Datome,2015,18.0,192.0,14.9,0.607,19.3,1.3,0.2
Devyn Marble,2015,16.0,208.0,5.9,0.362,13.1,-4.8,-0.1
Francisco García,2015,14.0,200.0,3.6,0.347,16.2,-4.2,-0.1
Cartier Martin,2015,23.0,198.0,1.6,0.34,13.0,-7.2,-0.3
Steve Novak,2015,35.0,197.0,8.6,0.554,14.1,-1.9,0.0
Steve Novak,2015,22.0,109.0,14.5,0.669,16.4,2.4,0.1
Steve Novak,2015,13.0,88.0,1.3,0.357,11.3,-7.2,-0.1
Malcolm Thomas,2015,17.0,194.0,8.2,0.492,13.2,-7.0,-0.2
Ian Clark,2015,30.0,192.0,8.8,0.483,16.0,-3.0,0.0
Ian Clark,2015,23.0,161.0,8.3,0.476,15.1,-2.6,0.0
Ian Clark,2015,7.0,31.0,11.6,0.509,20.6,-5.0,0.0
DeJuan Blair,2015,29.0,180.0,7.7,0.469,18.3,-8.4,-0.3
Toney Douglas,2015,12.0,177.0,11.2,0.45,17.2,-1.7,0.0
Jorge Gutiérrez,2015,20.0,175.0,11.0,0.567,15.2,-3.5,-0.1
Jorge Gutiérrez,2015,10.0,44.0,10.9,0.522,19.0,-3.7,0.0
Jorge Gutiérrez,2015,10.0,131.0,11.1,0.589,13.9,-3.4,0.0
JaMychal Green,2015,24.0,164.0,14.9,0.603,18.3,-1.3,0.0
JaMychal Green,2015,4.0,25.0,9.9,0.571,16.4,-4.2,0.0
JaMychal Green,2015,20.0,139.0,15.8,0.608,18.6,-0.7,0.0
Bryce Cotton,2015,15.0,159.0,14.5,0.52,25.6,-2.2,0.0
Bernard James,2015,16.0,158.0,16.0,0.593,12.2,0.8,0.1
Earl Barron,2015,16.0,143.0,5.0,0.361,15.1,-7.4,-0.2
James Michael McAdoo,2015,15.0,137.0,17.7,0.564,19.4,-2.3,0.0
Ekpe Udoh,2015,33.0,128.0,11.6,0.519,12.3,-1.2,0.0
Nazr Mohammed,2015,23.0,128.0,8.7,0.431,13.4,-4.5,-0.1
Jarnell Stokes,2015,19.0,126.0,18.6,0.578,20.5,-1.1,0.0
Shavlik Randolph,2015,21.0,126.0,7.2,0.298,15.1,-5.7,-0.1
Shavlik Randolph,2015,16.0,101.0,6.1,0.289,13.7,-6.0,-0.1
Shavlik Randolph,2015,5.0,25.0,11.4,0.322,20.8,-4.4,0.0
Dahntay Jones,2015,33.0,123.0,1.9,0.406,9.8,-8.3,-0.2
Dwight Buycks,2015,6.0,123.0,13.1,0.586,20.4,-2.6,0.0
Jordan Hamilton,2015,14.0,122.0,8.3,0.543,14.4,-2.4,0.0
Brendan Haywood,2015,22.0,119.0,9.1,0.49,17.3,-6.3,-0.1
Elliot Williams,2015,13.0,119.0,8.7,0.477,16.4,-2.8,0.0
Elliot Williams,2015,5.0,42.0,14.4,0.648,19.5,3.6,0.1
Elliot Williams,2015,8.0,77.0,5.6,0.382,14.7,-6.4,-0.1
Quincy Miller,2015,10.0,119.0,7.4,0.338,17.8,-3.8,-0.1
Quincy Miller,2015,6.0,61.0,11.1,0.372,18.7,-0.1,0.0
Quincy Miller,2015,4.0,58.0,3.6,0.3,16.8,-7.7,-0.1
Shayne Whittington,2015,20.0,108.0,20.0,0.547,23.9,0.4,0.1
Reggie Williams,2015,20.0,105.0,10.5,0.454,18.5,-3.0,0.0
Kenyon Martin,2015,11.0,104.0,10.0,0.437,11.2,-2.2,0.0
Chris Douglas-Roberts,2015,12.0,103.0,3.3,0.387,10.7,-6.8,-0.1
C.J. Wilcox,2015,21.0,101.0,8.5,0.527,21.8,-4.9,-0.1
Earl Clark,2015,10.0,93.0,6.7,0.425,18.5,-6.5,-0.1
Paul George,2015,6.0,91.0,13.0,0.492,32.8,-2.2,0.0
Clint Capela,2015,12.0,90.0,12.1,0.409,21.3,-5.4,-0.1
Jared Cunningham,2015,19.0,89.0,7.3,0.452,23.2,-8.1,-0.1
Shannon Brown,2015,5.0,89.0,4.4,0.482,13.1,-6.8,-0.1
Jack Cooley,2015,16.0,87.0,11.4,0.432,18.0,-5.7,-0.1
Xavier Henry,2015,9.0,86.0,4.9,0.424,13.7,-7.2,-0.1
Victor Claver,2015,10.0,76.0,9.2,0.6,14.1,-3.2,0.0
Zoran Dragić,2015,16.0,75.0,8.2,0.435,22.9,-7.7,-0.1
Zoran Dragić,2015,6.0,13.0,9.1,0.322,31.5,-9.9,0.0
Zoran Dragić,2015,10.0,62.0,8.0,0.481,21.1,-7.2,-0.1
Vander Blue,2015,2.0,74.0,4.0,0.342,23.0,-9.8,-0.1
Jannero Pargo,2015,9.0,73.0,14.9,0.571,24.3,1.8,0.1
Ognjen Kuzmić,2015,16.0,72.0,12.9,0.727,11.3,-1.4,0.0
Sean Kilpatrick,2015,4.0,72.0,10.0,0.506,14.6,-2.2,0.0
Drew Gordon,2015,9.0,71.0,3.7,0.428,17.1,-9.5,-0.1
Will Cherry,2015,8.0,69.0,5.8,0.347,16.8,-6.0,-0.1
Arinze Onuaku,2015,6.0,68.0,22.8,0.771,12.7,1.4,0.1
Will Bynum,2015,7.0,67.0,4.8,0.336,27.6,-13.0,-0.2
Greg Stiemsma,2015,17.0,66.0,7.8,0.717,11.5,-6.0,-0.1
Russ Smith,2015,12.0,65.0,5.2,0.488,30.1,-8.8,-0.1
Russ Smith,2015,6.0,29.0,-16.6,0.25,26.7,-25.2,-0.2
Russ Smith,2015,6.0,36.0,22.7,0.603,32.8,4.4,0.1
Cameron Bairstow,2015,18.0,64.0,2.1,0.309,13.5,-9.0,-0.1
Lester Hudson,2015,5.0,56.0,16.0,0.571,15.1,4.1,0.1
Grant Jerrett,2015,8.0,51.0,1.5,0.303,25.4,-10.8,-0.1
Grant Jerrett,2015,5.0,25.0,-11.0,0.206,32.7,-20.4,-0.1
Grant Jerrett,2015,3.0,26.0,13.6,0.477,18.4,-1.6,0.0
Darius Miller,2015,5.0,43.0,-5.1,0.143,8.5,-11.3,-0.1
Glen Rice Jr.,2015,5.0,43.0,-3.6,0.312,20.7,-15.9,-0.1
Gal Mekel,2015,4.0,43.0,0.5,0.15,23.3,-11.3,-0.1
Andrei Kirilenko,2015,7.0,36.0,2.8,0.222,9.8,-5.7,0.0
Jerel McNeal,2015,6.0,36.0,1.2,0.379,20.6,-9.1,-0.1
David Stockton,2015,3.0,33.0,10.8,0.463,16.9,-3.9,0.0
Patrick Christopher,2015,4.0,29.0,-2.6,0.25,20.6,-15.0,-0.1
Bruno Caboclo,2015,8.0,23.0,-1.8,0.417,31.5,-18.2,-0.1
Lucas Nogueira,2015,6.0,23.0,5.2,0.307,23.1,-10.5,0.0
Miroslav Raduljica,2015,5.0,23.0,3.3,0.45,20.9,-15.0,-0.1
Andre Dawkins,2015,4.0,22.0,-5.0,0.25,15.0,-12.8,-0.1
Ronny Turiaf,2015,2.0,19.0,4.3,,0.0,-3.2,0.0
Toure' Murry,2015,5.0,18.0,1.1,0.51,24.9,-11.9,0.0
Toure' Murry,2015,1.0,1.0,-41.7,0.0,45.8,-56.3,0.0
Toure' Murry,2015,4.0,17.0,3.6,0.615,23.7,-9.3,0.0
Alex Kirk,2015,5.0,14.0,8.5,0.41,15.7,-6.0,0.0
Julius Randle,2015,1.0,14.0,-7.5,0.258,15.5,-15.1,0.0
Jamaal Franklin,2015,3.0,13.0,4.9,0.75,16.6,-5.6,0.0
Seth Curry,2015,2.0,8.0,-11.4,0.0,16.5,-23.1,0.0
Tyrus Thomas,2015,2.0,7.0,31.4,1.064,12.3,18.5,0.0
David Wear,2015,2.0,7.0,2.4,0.0,12.6,-9.4,0.0
Kalin Lucas,2015,1.0,6.0,-0.7,0.0,7.6,-4.7,0.0
Sim Bhullar,2015,3.0,3.0,44.3,0.5,29.4,32.5,0.0
Jerrelle Benimon,2015,2.0,3.0,4.7,,15.3,-13.0,0.0
Eric Moreland,2015,3.0,2.0,40.8,1.0,22.0,17.2,0.0
Malcolm Lee,2015,1.0,2.0,-19.7,0.0,21.8,-27.6,0.0
League Average,2015,,,,0.534,19.9,,
James Harden,2016,82.0,3125.0,25.3,0.598,32.5,6.6,6.8
Gordon Hayward,2016,80.0,2893.0,18.3,0.559,25.7,2.6,3.3
Kemba Walker,2016,81.0,2885.0,20.8,0.554,26.5,4.0,4.3
Trevor Ariza,2016,81.0,2859.0,12.9,0.551,15.7,0.4,1.7
Marcus Morris,2016,80.0,2856.0,12.7,0.531,18.4,-0.2,1.3
Khris Middleton,2016,79.0,2852.0,16.8,0.56,23.0,0.6,1.9
Kyle Lowry,2016,77.0,2851.0,22.2,0.578,26.1,5.8,5.7
Andrew Wiggins,2016,81.0,2845.0,16.5,0.543,27.2,-1.3,0.5
Giannis Antetokounmpo,2016,80.0,2823.0,18.8,0.566,22.3,2.1,2.9
Paul George,2016,81.0,2819.0,20.9,0.557,30.4,4.9,4.9
Draymond Green,2016,81.0,2808.0,19.3,0.587,18.8,5.5,5.3
DeMar DeRozan,2016,78.0,2804.0,21.5,0.55,29.8,2.5,3.2
Kentavious Caldwell-Pope,2016,76.0,2789.0,12.4,0.521,18.2,-0.3,1.2
John Wall,2016,77.0,2784.0,19.8,0.51,28.6,3.5,3.9
CJ McCollum,2016,80.0,2780.0,17.7,0.544,27.1,1.3,2.3
Russell Westbrook,2016,80.0,2750.0,27.6,0.554,31.6,7.8,6.8
Monta Ellis,2016,81.0,2734.0,13.7,0.504,21.2,0.1,1.5
LeBron James,2016,76.0,2709.0,27.5,0.588,31.4,9.0,7.5
Joe Johnson,2016,81.0,2703.0,12.0,0.538,17.9,-1.9,0.1
Joe Johnson,2016,57.0,1934.0,10.7,0.512,17.8,-2.6,-0.3
Joe Johnson,2016,24.0,769.0,15.2,0.603,18.4,-0.1,0.4
Stephen Curry,2016,79.0,2700.0,31.5,0.669,32.6,11.9,9.5
Damian Lillard,2016,75.0,2676.0,22.2,0.56,31.3,4.4,4.3
Andre Drummond,2016,81.0,2666.0,21.2,0.499,24.1,1.1,2.0
Klay Thompson,2016,80.0,2666.0,18.6,0.597,26.3,1.8,2.5
Paul Millsap,2016,81.0,2647.0,21.3,0.556,24.3,4.2,4.1
Isaiah Thomas,2016,82.0,2644.0,21.5,0.562,29.6,4.3,4.2
Wesley Matthews,2016,78.0,2644.0,10.9,0.532,17.2,-1.0,0.6
Al Horford,2016,82.0,2631.0,19.4,0.565,20.6,3.8,3.9
Karl-Anthony Towns,2016,82.0,2627.0,22.5,0.59,24.9,2.2,2.7
DeAndre Jordan,2016,77.0,2598.0,20.6,0.628,15.4,2.8,3.2
Kevin Durant,2016,72.0,2578.0,28.2,0.634,30.6,9.9,7.8
Evan Fournier,2016,79.0,2566.0,14.6,0.587,20.1,-0.3,1.1
Jordan Clarkson,2016,79.0,2552.0,14.3,0.516,22.8,-1.6,0.2
Rodney Hood,2016,79.0,2541.0,14.1,0.542,21.5,0.7,1.7
P.J. Tucker,2016,82.0,2540.0,10.8,0.506,12.7,-1.2,0.5
Rajon Rondo,2016,72.0,2537.0,16.9,0.506,18.8,1.0,1.9
Avery Bradley,2016,76.0,2536.0,13.2,0.538,19.8,-0.1,1.2
Carmelo Anthony,2016,72.0,2530.0,20.3,0.53,29.7,3.3,3.4
George Hill,2016,74.0,2524.0,13.2,0.555,15.8,0.7,1.7
Tobias Harris,2016,76.0,2513.0,16.2,0.56,19.3,1.5,2.2
Tobias Harris,2016,49.0,1610.0,15.0,0.55,18.9,0.6,1.0
Tobias Harris,2016,27.0,903.0,18.2,0.577,20.2,3.1,1.2
Serge Ibaka,2016,78.0,2500.0,13.9,0.533,17.6,-0.6,0.8
Jimmy Butler,2016,67.0,2474.0,21.3,0.562,24.4,4.4,3.9
Brook Lopez,2016,73.0,2457.0,21.7,0.562,27.3,1.3,2.1
Nicolas Batum,2016,70.0,2448.0,15.6,0.546,21.4,1.2,2.0
Gary Harris,2016,76.0,2439.0,12.7,0.566,16.5,-0.9,0.7
Reggie Jackson,2016,79.0,2424.0,19.6,0.535,29.1,2.7,2.8
Kevin Love,2016,77.0,2424.0,19.0,0.553,23.4,3.3,3.3
Chris Paul,2016,74.0,2420.0,26.2,0.575,27.1,7.9,6.0
Jabari Parker,2016,76.0,2408.0,14.8,0.535,20.9,-2.0,0.0
Thaddeus Young,2016,73.0,2407.0,17.5,0.533,21.6,0.0,1.2
Kyle Korver,2016,80.0,2401.0,9.7,0.578,13.7,-1.0,0.6
Luol Deng,2016,74.0,2394.0,15.0,0.549,17.4,0.8,1.7
Kawhi Leonard,2016,72.0,2380.0,26.0,0.616,25.8,9.1,6.7
Victor Oladipo,2016,72.0,2379.0,16.7,0.534,22.9,1.7,2.3
Rudy Gay,2016,70.0,2379.0,15.5,0.538,22.4,-0.3,1.0
Arron Afflalo,2016,71.0,2371.0,10.9,0.531,17.9,-2.9,-0.5
Dirk Nowitzki,2016,75.0,2364.0,19.0,0.555,25.5,2.5,2.7
Goran Dragić,2016,72.0,2363.0,15.5,0.537,21.9,-0.4,1.0
J.R. Smith,2016,77.0,2362.0,12.4,0.542,18.0,0.5,1.5
Will Barton,2016,82.0,2353.0,16.0,0.535,23.0,0.8,1.7
Al-Farouq Aminu,2016,82.0,2341.0,12.7,0.533,16.9,0.1,1.2
Marvin Williams,2016,81.0,2338.0,16.9,0.585,16.8,2.7,2.7
Courtney Lee,2016,79.0,2334.0,11.5,0.551,14.7,-1.0,0.6
Courtney Lee,2016,51.0,1489.0,11.7,0.556,15.3,-0.9,0.4
Courtney Lee,2016,28.0,845.0,11.2,0.54,13.6,-1.0,0.2
Ricky Rubio,2016,76.0,2323.0,17.6,0.529,17.7,1.8,2.3
Greg Monroe,2016,79.0,2314.0,21.8,0.562,23.5,2.1,2.4
Jae Crowder,2016,73.0,2308.0,15.8,0.565,18.5,2.2,2.5
Zach LaVine,2016,82.0,2294.0,14.3,0.548,23.5,-1.5,0.3
Pau Gasol,2016,72.0,2291.0,21.7,0.529,24.6,4.9,4.0
Julius Randle,2016,81.0,2286.0,13.9,0.482,21.2,-3.2,-0.7
Dwight Howard,2016,71.0,2280.0,18.9,0.604,18.4,0.1,1.2
Otto Porter Jr.,2016,75.0,2276.0,14.5,0.564,16.2,1.1,1.8
Evan Turner,2016,81.0,2271.0,13.6,0.513,18.8,0.0,1.1
Tristan Thompson,2016,82.0,2269.0,15.9,0.611,11.7,0.2,1.2
LaMarcus Aldridge,2016,74.0,2261.0,22.4,0.565,25.9,2.3,2.5
D'Angelo Russell,2016,80.0,2259.0,13.2,0.507,24.1,-2.3,-0.1
Dwyane Wade,2016,74.0,2258.0,20.3,0.517,31.6,1.9,2.2
Marcin Gortat,2016,75.0,2256.0,19.0,0.592,18.9,0.6,1.5
Jeff Teague,2016,79.0,2255.0,17.9,0.551,26.6,1.3,1.9
Jeff Green,2016,80.0,2253.0,13.0,0.51,20.2,-1.8,0.1
Jeff Green,2016,53.0,1544.0,13.4,0.517,20.2,-1.4,0.2
Jeff Green,2016,27.0,709.0,12.0,0.496,20.4,-2.5,-0.1
DeMarcus Cousins,2016,65.0,2246.0,23.6,0.538,35.4,3.3,3.0
Ish Smith,2016,77.0,2239.0,14.9,0.465,23.9,-1.6,0.2
Ish Smith,2016,27.0,617.0,16.3,0.484,20.9,0.3,0.4
Ish Smith,2016,50.0,1622.0,14.4,0.46,25.0,-2.3,-0.1
Justise Winslow,2016,78.0,2232.0,8.4,0.489,12.5,-2.6,-0.3
Gorgui Dieng,2016,82.0,2220.0,17.1,0.601,16.7,0.8,1.5
Robin Lopez,2016,82.0,2219.0,17.6,0.574,17.7,-0.2,1.0
Darren Collison,2016,74.0,2219.0,15.9,0.591,19.2,0.1,1.2
Raymond Felton,2016,80.0,2192.0,11.9,0.502,18.4,-1.6,0.2
Matt Barnes,2016,76.0,2190.0,11.7,0.503,17.9,-0.9,0.6
Anthony Davis,2016,61.0,2164.0,25.0,0.559,29.6,3.9,3.2
Hollis Thompson,2016,77.0,2154.0,9.2,0.525,16.2,-3.4,-0.7
Dion Waiters,2016,78.0,2152.0,9.4,0.492,17.7,-2.8,-0.4
Elfrid Payton,2016,73.0,2145.0,13.9,0.478,20.4,-1.2,0.4
Jamal Crawford,2016,79.0,2126.0,14.0,0.529,24.9,-1.4,0.3
Hassan Whiteside,2016,73.0,2125.0,25.6,0.629,20.7,4.1,3.3
Bojan Bogdanović,2016,79.0,2115.0,10.7,0.55,19.4,-3.5,-0.8
Devin Booker,2016,76.0,2108.0,11.9,0.535,23.0,-2.8,-0.5
Deron Williams,2016,65.0,2106.0,14.6,0.53,22.0,-0.3,0.9
Allen Crabbe,2016,81.0,2105.0,12.2,0.572,16.4,-1.0,0.5
Jared Dudley,2016,81.0,2098.0,11.7,0.602,12.7,-0.1,1.0
JJ Redick,2016,75.0,2097.0,17.5,0.632,22.6,2.2,2.2
Derrick Rose,2016,66.0,2097.0,13.4,0.479,27.3,-2.5,-0.3
Mason Plumlee,2016,82.0,2084.0,17.2,0.564,17.1,1.5,1.9
Kent Bazemore,2016,75.0,2083.0,13.4,0.551,20.0,0.3,1.2
Emmanuel Mudiay,2016,68.0,2068.0,9.9,0.437,25.7,-4.2,-1.2
Jerami Grant,2016,77.0,2066.0,12.6,0.506,18.0,-1.7,0.1
Danny Green,2016,79.0,2062.0,10.5,0.492,14.6,1.1,1.6
Jeremy Lin,2016,78.0,2048.0,13.8,0.534,22.2,-0.9,0.5
Kristaps Porziņģis,2016,72.0,2047.0,17.7,0.518,24.6,0.9,1.5
Cory Joseph,2016,80.0,2046.0,12.4,0.512,17.0,-1.2,0.4
Harrison Barnes,2016,66.0,2042.0,12.3,0.559,15.9,-1.3,0.3
Patrick Beverley,2016,71.0,2041.0,13.0,0.553,15.3,0.2,1.1
Nikola Vučević,2016,65.0,2037.0,21.1,0.531,26.8,1.9,2.0
Langston Galloway,2016,82.0,2033.0,11.7,0.49,15.6,-1.0,0.5
José Calderón,2016,72.0,2024.0,12.3,0.571,12.6,-0.6,0.7
Patrick Patterson,2016,79.0,2020.0,10.6,0.534,12.9,-0.1,1.0
Zach Randolph,2016,68.0,2016.0,18.3,0.519,24.6,-0.3,0.9
Steven Adams,2016,80.0,2014.0,15.5,0.621,12.6,0.2,1.1
Ryan Anderson,2016,66.0,2008.0,17.2,0.546,24.7,-0.2,0.9
Zaza Pachulia,2016,76.0,2004.0,16.2,0.55,16.2,-0.2,0.9
Derrick Favors,2016,62.0,1983.0,21.6,0.551,23.9,3.3,2.6
Tony Parker,2016,72.0,1980.0,16.2,0.546,21.2,0.4,1.2
Dante Cunningham,2016,80.0,1971.0,8.6,0.54,11.0,-2.8,-0.4
Isaiah Canaan,2016,77.0,1966.0,11.1,0.528,19.9,-2.4,-0.2
Nerlens Noel,2016,67.0,1965.0,16.2,0.544,18.8,-0.2,0.9
Garrett Temple,2016,80.0,1951.0,9.3,0.52,14.0,-2.1,0.0
Taj Gibson,2016,73.0,1936.0,15.7,0.556,14.6,0.0,1.0
Rudy Gobert,2016,61.0,1932.0,17.5,0.582,14.2,2.2,2.0
Jared Sullinger,2016,81.0,1915.0,16.7,0.476,21.8,0.6,1.3
Lou Williams,2016,67.0,1907.0,17.7,0.584,22.8,1.3,1.6
Robert Covington,2016,67.0,1903.0,13.2,0.543,21.5,-0.9,0.5
Ersan İlyasova,2016,74.0,1881.0,14.2,0.526,18.6,-0.2,0.9
Ersan İlyasova,2016,52.0,1434.0,14.1,0.53,18.7,0.5,0.9
Ersan İlyasova,2016,22.0,447.0,14.7,0.515,18.3,-2.4,0.0
Omri Casspi,2016,69.0,1880.0,13.9,0.587,17.8,0.1,1.0
Roy Hibbert,2016,81.0,1878.0,11.2,0.507,12.9,-3.2,-0.6
Brandon Knight,2016,52.0,1870.0,14.7,0.522,26.2,-0.6,0.6
Matthew Dellavedova,2016,76.0,1867.0,11.3,0.527,15.9,-1.2,0.4
Aaron Gordon,2016,78.0,1863.0,17.0,0.541,17.3,1.0,1.4
Kobe Bryant,2016,66.0,1863.0,14.9,0.469,32.2,-1.6,0.2
Doug McDermott,2016,81.0,1861.0,10.9,0.561,17.3,-2.9,-0.4
Danilo Gallinari,2016,53.0,1839.0,19.0,0.582,23.0,2.7,2.2
Jrue Holiday,2016,65.0,1831.0,19.7,0.529,28.9,2.1,1.9
Alex Len,2016,78.0,1821.0,12.4,0.482,20.4,-4.3,-1.0
Ian Mahinmi,2016,71.0,1816.0,16.6,0.603,15.7,0.9,1.4
Nik Stauskas,2016,73.0,1809.0,9.2,0.517,16.7,-3.8,-0.8
Bismack Biyombo,2016,82.0,1808.0,14.9,0.586,11.5,-0.2,0.8
Amir Johnson,2016,79.0,1800.0,16.0,0.602,13.6,1.2,1.4
Chandler Parsons,2016,61.0,1799.0,16.2,0.589,20.5,2.0,1.8
Marc Gasol,2016,52.0,1791.0,17.7,0.528,23.4,1.7,1.7
Chris Bosh,2016,53.0,1778.0,20.2,0.571,24.7,4.0,2.7
Cody Zeller,2016,73.0,1774.0,16.1,0.592,15.4,-0.1,0.9
Mike Conley,2016,56.0,1761.0,19.4,0.538,22.4,3.0,2.2
Thabo Sefolosha,2016,75.0,1758.0,12.4,0.578,12.3,0.8,1.3
Shane Larkin,2016,78.0,1751.0,13.3,0.515,17.7,-2.0,0.0
Terrence Ross,2016,73.0,1747.0,12.9,0.551,18.2,0.3,1.0
Nikola Jokić,2016,80.0,1733.0,21.5,0.582,19.9,3.9,2.6
Andre Iguodala,2016,65.0,1732.0,12.2,0.565,12.1,1.1,1.4
Enes Freedom,2016,82.0,1721.0,24.0,0.626,23.4,1.2,1.4
Frank Kaminsky,2016,81.0,1708.0,12.5,0.513,17.1,-0.8,0.5
Bradley Beal,2016,55.0,1708.0,15.5,0.547,25.3,0.3,1.0
Kenneth Faried,2016,67.0,1694.0,21.0,0.577,21.0,0.3,1.0
Stanley Johnson,2016,73.0,1687.0,8.7,0.46,19.6,-3.3,-0.5
Mirza Teletović,2016,79.0,1686.0,16.2,0.571,23.4,1.3,1.4
Ed Davis,2016,81.0,1684.0,18.7,0.616,12.7,1.9,1.6
Shabazz Muhammad,2016,82.0,1682.0,15.2,0.548,22.8,-2.5,-0.2
Marco Belinelli,2016,68.0,1672.0,9.4,0.5,19.7,-3.8,-0.8
Corey Brewer,2016,82.0,1669.0,9.9,0.481,17.8,-2.9,-0.4
Ramon Sessions,2016,82.0,1667.0,15.9,0.565,21.8,-0.3,0.7
J.J. Barea,2016,74.0,1667.0,15.4,0.536,23.8,0.0,0.9
Marcus Smart,2016,61.0,1667.0,11.3,0.463,17.4,-1.0,0.4
Kyrie Irving,2016,53.0,1667.0,19.9,0.54,29.5,2.3,1.8
Wesley Johnson,2016,80.0,1666.0,11.0,0.513,16.0,-0.2,0.8
Patty Mills,2016,81.0,1662.0,14.6,0.541,19.7,1.5,1.5
Michael Carter-Williams,2016,54.0,1649.0,13.9,0.497,21.3,-0.7,0.5
Nikola Mirotić,2016,66.0,1646.0,15.6,0.564,21.1,1.5,1.5
Randy Foye,2016,81.0,1642.0,7.6,0.461,15.9,-3.3,-0.5
Randy Foye,2016,54.0,1070.0,7.8,0.457,16.8,-3.7,-0.5
Randy Foye,2016,27.0,572.0,7.1,0.469,14.1,-2.3,0.0
Luis Scola,2016,76.0,1636.0,13.6,0.523,19.5,-1.1,0.4
Trevor Booker,2016,79.0,1632.0,14.4,0.533,14.6,0.0,0.8
Alonzo Gee,2016,73.0,1632.0,8.4,0.572,9.2,-2.6,-0.2
Markieff Morris,2016,64.0,1629.0,12.2,0.489,24.2,-2.4,-0.2
Markieff Morris,2016,37.0,917.0,10.8,0.456,26.0,-3.7,-0.4
Markieff Morris,2016,27.0,712.0,14.0,0.538,21.9,-0.9,0.2
Dennis Schröder,2016,80.0,1621.0,15.5,0.51,28.8,-0.8,0.5
Tony Allen,2016,64.0,1620.0,12.9,0.505,16.8,-1.0,0.4
Tyson Chandler,2016,66.0,1618.0,14.7,0.606,12.7,-1.1,0.4
Wayne Ellington,2016,76.0,1615.0,10.1,0.498,17.5,-2.8,-0.3
T.J. McConnell,2016,81.0,1606.0,14.5,0.511,17.0,-1.2,0.3
Lavoy Allen,2016,79.0,1599.0,12.4,0.532,13.0,-1.6,0.2
Jahlil Okafor,2016,53.0,1591.0,17.1,0.536,27.3,-2.3,-0.1
Gerald Green,2016,69.0,1557.0,10.1,0.491,19.8,-3.1,-0.4
Jonas Valančiūnas,2016,60.0,1557.0,22.6,0.61,20.9,1.7,1.4
Andre Roberson,2016,70.0,1553.0,10.2,0.566,9.1,0.5,1.0
Tim Duncan,2016,61.0,1536.0,16.9,0.523,17.6,3.0,2.0
Shaun Livingston,2016,78.0,1520.0,13.8,0.581,14.2,0.3,0.9
Darrell Arthur,2016,70.0,1516.0,12.5,0.514,16.7,-0.8,0.4
Jordan Hill,2016,73.0,1513.0,16.4,0.534,20.3,-0.7,0.5
Jerryd Bayless,2016,52.0,1505.0,12.4,0.568,16.4,-0.8,0.4
Raul Neto,2016,81.0,1499.0,10.2,0.53,17.2,-2.0,0.0
Kosta Koufos,2016,78.0,1482.0,15.1,0.54,15.4,-2.0,0.0
Eric Gordon,2016,45.0,1481.0,13.5,0.565,20.3,-0.1,0.7
Clint Capela,2016,77.0,1471.0,18.3,0.553,16.1,-0.4,0.6
Austin Rivers,2016,67.0,1464.0,11.1,0.523,19.4,-2.7,-0.2
C.J. Miles,2016,64.0,1464.0,14.0,0.547,22.8,0.5,0.9
Tayshaun Prince,2016,77.0,1462.0,6.3,0.466,8.1,-3.0,-0.4
Maurice Harkless,2016,78.0,1457.0,13.3,0.541,15.6,-0.5,0.5
Andrew Bogut,2016,70.0,1451.0,15.9,0.623,11.4,2.4,1.6
JaMychal Green,2016,78.0,1446.0,14.6,0.52,19.8,-2.5,-0.2
Ben McLemore,2016,68.0,1443.0,8.6,0.531,17.6,-3.8,-0.7
Derrick Williams,2016,80.0,1435.0,17.2,0.55,23.3,0.3,0.8
Gerald Henderson,2016,72.0,1431.0,12.9,0.526,20.2,-1.8,0.1
Mario Hezonja,2016,79.0,1413.0,9.4,0.541,16.9,-3.1,-0.4
Willie Cauley-Stein,2016,66.0,1412.0,15.3,0.588,13.2,-0.8,0.4
Ty Lawson,2016,66.0,1411.0,9.7,0.476,14.9,-3.6,-0.6
Ty Lawson,2016,53.0,1176.0,8.9,0.48,14.8,-4.1,-0.6
Ty Lawson,2016,13.0,235.0,13.7,0.46,15.5,-1.2,0.0
David West,2016,78.0,1404.0,17.6,0.573,18.0,2.9,1.7
Kelly Olynyk,2016,69.0,1395.0,16.3,0.561,20.9,1.9,1.4
Boris Diaw,2016,76.0,1386.0,14.0,0.582,17.0,0.8,1.0
Trey Lyles,2016,80.0,1382.0,11.6,0.517,17.9,-1.8,0.1
Mario Chalmers,2016,61.0,1373.0,17.3,0.561,21.9,1.3,1.2
Mario Chalmers,2016,6.0,120.0,9.5,0.437,17.8,-2.0,0.0
Mario Chalmers,2016,55.0,1253.0,18.0,0.57,22.3,1.7,1.2
Lance Stephenson,2016,69.0,1372.0,13.5,0.548,20.2,-1.2,0.3
Lance Stephenson,2016,43.0,680.0,9.8,0.569,15.1,-1.9,0.0
Lance Stephenson,2016,26.0,692.0,17.1,0.537,25.3,-0.5,0.3
Myles Turner,2016,60.0,1367.0,15.4,0.531,20.9,-1.6,0.1
Trey Burke,2016,64.0,1366.0,14.0,0.507,25.3,-0.5,0.5
Brandon Bass,2016,66.0,1342.0,17.3,0.619,13.9,0.6,0.9
Anthony Tolliver,2016,72.0,1341.0,10.2,0.543,12.4,0.4,0.8
Meyers Leonard,2016,61.0,1333.0,11.3,0.561,17.4,-1.7,0.1
Timofey Mozgov,2016,76.0,1326.0,14.6,0.593,16.1,-1.4,0.2
Richard Jefferson,2016,74.0,1326.0,9.7,0.585,13.4,-1.2,0.3
Donald Sloan,2016,61.0,1318.0,13.9,0.536,16.1,-1.7,0.1
Iman Shumpert,2016,54.0,1316.0,8.4,0.475,13.2,-1.5,0.1
Lance Thomas,2016,59.0,1313.0,10.4,0.557,16.9,-3.2,-0.4
P.J. Hairston,2016,66.0,1313.0,6.9,0.47,16.4,-4.5,-0.8
P.J. Hairston,2016,48.0,938.0,7.4,0.486,15.3,-3.5,-0.4
P.J. Hairston,2016,18.0,375.0,5.7,0.438,19.0,-7.0,-0.5
Tony Snell,2016,64.0,1301.0,6.4,0.478,13.7,-4.0,-0.6
Devin Harris,2016,64.0,1280.0,13.1,0.559,17.9,0.1,0.7
Rodney Stuckey,2016,58.0,1275.0,12.6,0.504,20.3,-1.4,0.2
Luc Mbah a Moute,2016,75.0,1274.0,7.3,0.498,9.4,-2.6,-0.2
Larry Nance Jr.,2016,63.0,1266.0,13.4,0.544,12.6,-1.5,0.2
Jerian Grant,2016,76.0,1265.0,11.2,0.479,19.0,-3.1,-0.3
E'Twaun Moore,2016,59.0,1263.0,11.4,0.548,15.9,-1.9,0.0
Toney Douglas,2016,61.0,1262.0,14.7,0.543,19.4,0.0,0.6
Jason Terry,2016,72.0,1258.0,10.2,0.54,15.0,-1.6,0.1
Jon Leuer,2016,67.0,1255.0,16.2,0.555,19.8,0.0,0.6
Kyle Anderson,2016,78.0,1245.0,12.9,0.528,14.4,1.4,1.1
Joe Ingles,2016,81.0,1241.0,10.3,0.572,13.5,0.2,0.7
Aron Baynes,2016,81.0,1233.0,17.8,0.563,18.5,-0.2,0.6
Paul Pierce,2016,68.0,1231.0,8.2,0.489,17.8,-3.3,-0.4
Jeremy Lamb,2016,66.0,1227.0,15.9,0.529,22.0,0.8,0.9
Ronnie Price,2016,62.0,1211.0,9.6,0.517,13.7,-1.8,0.1
Channing Frye,2016,70.0,1200.0,12.9,0.586,15.1,0.8,0.8
Channing Frye,2016,44.0,754.0,11.8,0.586,13.2,0.7,0.5
Channing Frye,2016,26.0,446.0,14.9,0.586,18.3,1.0,0.3
Norris Cole,2016,45.0,1198.0,10.8,0.465,21.7,-3.8,-0.5
Jason Smith,2016,76.0,1181.0,14.6,0.513,22.1,-2.2,-0.1
Ömer Aşık,2016,68.0,1178.0,11.0,0.551,11.4,-3.8,-0.5
D.J. Augustin,2016,62.0,1178.0,13.9,0.575,18.0,-0.4,0.4
D.J. Augustin,2016,34.0,519.0,8.7,0.522,13.6,-2.4,-0.1
D.J. Augustin,2016,28.0,659.0,18.0,0.601,21.5,1.1,0.5
Jonas Jerebko,2016,78.0,1176.0,10.3,0.531,13.5,-2.0,0.0
Noah Vonleh,2016,78.0,1174.0,8.6,0.471,13.0,-4.2,-0.6
Blake Griffin,2016,35.0,1170.0,22.1,0.544,29.8,4.5,1.9
JaKarr Sampson,2016,73.0,1160.0,8.3,0.504,16.6,-5.4,-1.0
JaKarr Sampson,2016,47.0,691.0,7.7,0.49,18.7,-6.7,-0.8
JaKarr Sampson,2016,26.0,469.0,9.3,0.532,13.5,-3.6,-0.2
Mike Scott,2016,75.0,1146.0,14.0,0.575,17.4,-0.1,0.6
Manu Ginóbili,2016,58.0,1134.0,17.8,0.573,23.6,3.6,1.6
Archie Goodwin,2016,57.0,1114.0,11.1,0.498,23.2,-3.7,-0.5
Marcus Thornton,2016,61.0,1109.0,14.7,0.511,24.4,-0.5,0.4
Marcus Thornton,2016,47.0,885.0,14.6,0.512,24.3,-0.8,0.2
Marcus Thornton,2016,14.0,224.0,15.5,0.508,24.8,0.8,0.2
Aaron Brooks,2016,69.0,1108.0,11.8,0.494,22.9,-2.6,-0.2
Josh Richardson,2016,52.0,1107.0,11.4,0.569,13.8,-0.4,0.5
Bobby Portis,2016,62.0,1102.0,13.8,0.469,20.7,-3.3,-0.4
Al Jefferson,2016,47.0,1096.0,18.2,0.507,24.2,-0.5,0.4
Kevin Martin,2016,55.0,1095.0,11.5,0.52,22.6,-3.2,-0.4
Kevin Martin,2016,39.0,834.0,11.9,0.523,23.5,-3.2,-0.3
Kevin Martin,2016,16.0,261.0,10.1,0.504,19.5,-3.4,-0.1
Nenê,2016,57.0,1094.0,16.8,0.564,21.6,0.4,0.6
O.J. Mayo,2016,41.0,1090.0,7.7,0.474,17.0,-4.0,-0.6
Leandro Barbosa,2016,68.0,1079.0,11.7,0.545,18.1,-2.0,0.0
Nemanja Bjelica,2016,60.0,1075.0,11.2,0.594,12.8,-0.7,0.3
T.J. Warren,2016,47.0,1070.0,15.7,0.549,19.9,-0.5,0.4
Eric Bledsoe,2016,31.0,1059.0,20.0,0.557,27.2,3.3,1.4
Shelvin Mack,2016,52.0,1058.0,13.6,0.507,23.3,-1.6,0.1
Shelvin Mack,2016,24.0,179.0,15.4,0.464,28.5,-2.9,0.0
Shelvin Mack,2016,28.0,879.0,13.2,0.52,22.2,-1.3,0.2
Brandon Rush,2016,72.0,1055.0,10.1,0.56,12.5,-0.8,0.3
Terrence Jones,2016,50.0,1044.0,13.5,0.519,19.3,-2.1,0.0
Joffrey Lauvergne,2016,59.0,1041.0,15.7,0.567,19.5,-1.6,0.1
Jameer Nelson,2016,39.0,1036.0,9.5,0.464,16.4,-3.0,-0.3
Spencer Hawes,2016,57.0,1035.0,12.4,0.508,17.1,-0.6,0.3
Nick Young,2016,54.0,1033.0,9.1,0.483,18.5,-3.7,-0.5
Jarrett Jack,2016,32.0,1027.0,14.5,0.505,21.7,-0.7,0.3
Vince Carter,2016,60.0,1005.0,12.7,0.52,18.5,-1.0,0.3
Rashad Vaughn,2016,70.0,1001.0,4.2,0.398,13.5,-5.7,-0.9
Dwight Powell,2016,69.0,992.0,16.8,0.557,18.4,0.1,0.5
Steve Blake,2016,58.0,986.0,9.8,0.51,14.6,-2.4,-0.1
Markel Brown,2016,62.0,982.0,11.3,0.5,18.9,-3.0,-0.3
Kyle Singler,2016,68.0,977.0,6.6,0.481,11.9,-3.2,-0.3
John Henson,2016,57.0,960.0,18.6,0.58,19.1,0.2,0.5
Chase Budinger,2016,66.0,929.0,10.7,0.514,14.5,-1.3,0.2
Chase Budinger,2016,49.0,729.0,11.1,0.502,14.9,-0.7,0.2
Chase Budinger,2016,17.0,200.0,9.2,0.567,13.1,-3.4,-0.1
Anthony Morrow,2016,68.0,926.0,10.7,0.543,16.9,-1.1,0.2
James Johnson,2016,57.0,926.0,11.4,0.532,15.9,-1.0,0.2
Thomas Robinson,2016,71.0,917.0,14.5,0.453,19.8,-3.8,-0.4
Sasha Vujačić,2016,61.0,908.0,11.1,0.503,16.8,-1.2,0.2
David Lee,2016,55.0,903.0,19.6,0.568,21.5,1.3,0.7
David Lee,2016,30.0,470.0,15.5,0.499,22.9,0.0,0.2
David Lee,2016,25.0,433.0,24.0,0.66,20.0,2.8,0.5
Josh Smith,2016,55.0,880.0,10.6,0.439,22.9,-3.1,-0.2
Josh Smith,2016,32.0,459.0,13.2,0.456,23.6,-0.5,0.2
Josh Smith,2016,23.0,421.0,7.7,0.419,22.1,-5.9,-0.4
Quincy Acy,2016,59.0,876.0,14.7,0.629,13.1,-0.1,0.4
Miles Plumlee,2016,61.0,870.0,17.4,0.606,15.5,-1.5,0.1
Marcelo Huertas,2016,53.0,869.0,10.4,0.488,16.3,-5.0,-0.7
Brandon Jennings,2016,48.0,868.0,13.7,0.491,20.0,-0.4,0.3
Brandon Jennings,2016,23.0,416.0,13.1,0.491,19.0,0.0,0.2
Brandon Jennings,2016,25.0,452.0,14.3,0.49,20.9,-0.8,0.1
Solomon Hill,2016,59.0,866.0,12.2,0.543,13.2,0.1,0.5
Tim Hardaway Jr.,2016,51.0,864.0,11.7,0.563,16.2,-0.9,0.2
Tyler Johnson,2016,36.0,863.0,13.8,0.579,16.8,0.7,0.6
Alexis Ajinça,2016,59.0,861.0,13.8,0.514,20.4,-4.0,-0.4
Chris Johnson,2016,70.0,857.0,8.2,0.482,13.6,-2.0,0.0
Johnny O'Bryant,2016,66.0,857.0,7.4,0.441,13.5,-5.9,-0.8
Luke Babbitt,2016,47.0,845.0,11.6,0.526,17.5,-2.5,-0.1
Kris Humphries,2016,53.0,835.0,13.1,0.517,19.5,-2.0,0.0
Kris Humphries,2016,28.0,466.0,11.8,0.524,18.0,-2.3,0.0
Kris Humphries,2016,4.0,74.0,13.5,0.367,25.0,-2.7,0.0
Kris Humphries,2016,21.0,295.0,14.9,0.555,20.4,-1.4,0.0
Marreese Speights,2016,72.0,832.0,17.1,0.506,29.7,-3.7,-0.4
Pablo Prigioni,2016,59.0,823.0,10.2,0.482,11.0,-0.4,0.3
Andrew Nicholson,2016,56.0,823.0,14.8,0.567,20.4,-1.1,0.2
Jonathon Simmons,2016,55.0,813.0,11.9,0.586,18.9,-2.7,-0.2
Gary Neal,2016,40.0,807.0,13.5,0.558,20.5,-1.5,0.1
Cole Aldrich,2016,60.0,800.0,21.3,0.626,18.4,2.4,0.9
Alec Burks,2016,31.0,797.0,14.3,0.52,25.9,-0.4,0.3
DeMarre Carroll,2016,26.0,786.0,11.9,0.49,18.5,0.3,0.5
Justin Holiday,2016,53.0,773.0,9.4,0.489,16.2,-3.1,-0.2
Justin Holiday,2016,26.0,263.0,4.7,0.407,15.4,-5.6,-0.2
Justin Holiday,2016,27.0,510.0,11.8,0.527,16.6,-1.9,0.0
Festus Ezeli,2016,46.0,770.0,17.7,0.559,18.2,-0.1,0.4
Tyreke Evans,2016,25.0,765.0,17.9,0.534,24.7,1.7,0.7
Kyle O'Quinn,2016,65.0,764.0,17.5,0.52,21.2,0.4,0.5
Amar'e Stoudemire,2016,52.0,762.0,17.3,0.599,17.8,-0.6,0.3
Mo Williams,2016,41.0,748.0,12.4,0.527,22.8,-1.5,0.1
Tim Frazier,2016,51.0,741.0,13.9,0.499,19.4,-2.0,0.0
Tim Frazier,2016,35.0,272.0,4.7,0.383,15.0,-6.8,-0.3
Tim Frazier,2016,16.0,469.0,19.1,0.539,22.0,0.8,0.3
Norman Powell,2016,49.0,725.0,13.3,0.541,17.8,-0.3,0.3
James Anderson,2016,51.0,721.0,6.0,0.469,13.7,-4.5,-0.5
Tyler Zeller,2016,60.0,710.0,15.4,0.539,23.0,-3.3,-0.2
Beno Udrih,2016,44.0,707.0,9.5,0.496,16.7,-3.6,-0.3
Beno Udrih,2016,8.0,120.0,12.6,0.497,21.8,-1.9,0.0
Beno Udrih,2016,36.0,587.0,8.9,0.495,15.7,-4.0,-0.3
Dewayne Dedmon,2016,58.0,705.0,17.0,0.606,15.2,-0.9,0.2
Mike Dunleavy,2016,31.0,703.0,9.1,0.543,14.4,-3.5,-0.3
Richaun Holmes,2016,51.0,702.0,15.9,0.564,17.9,-1.5,0.1
Nick Collison,2016,59.0,699.0,7.7,0.498,10.6,-3.1,-0.2
Cameron Payne,2016,57.0,698.0,12.9,0.49,20.3,-0.7,0.2
Seth Curry,2016,44.0,692.0,13.8,0.603,17.4,-0.2,0.3
Kelly Oubre Jr.,2016,63.0,671.0,8.2,0.507,17.4,-5.1,-0.5
Charlie Villanueva,2016,62.0,665.0,11.9,0.473,25.3,-2.7,-0.1
Jeff Withey,2016,51.0,658.0,17.7,0.577,15.1,1.0,0.5
C.J. Watson,2016,33.0,656.0,8.6,0.461,12.1,-3.0,-0.2
Tyler Ennis,2016,46.0,654.0,10.7,0.51,17.1,-4.3,-0.4
Justin Anderson,2016,55.0,647.0,12.3,0.522,15.8,0.3,0.4
Joakim Noah,2016,29.0,635.0,14.1,0.406,14.2,1.6,0.6
Andrea Bargnani,2016,46.0,634.0,11.8,0.5,23.2,-5.1,-0.5
Kirk Hinrich,2016,46.0,631.0,7.2,0.504,11.6,-3.5,-0.2
Kirk Hinrich,2016,35.0,555.0,7.3,0.528,12.0,-3.6,-0.2
Kirk Hinrich,2016,11.0,76.0,6.2,0.227,8.2,-2.5,0.0
Sean Kilpatrick,2016,31.0,616.0,15.6,0.576,23.8,-2.2,0.0
Sean Kilpatrick,2016,8.0,82.0,8.0,0.551,15.2,-3.8,0.0
Sean Kilpatrick,2016,23.0,534.0,16.7,0.578,25.2,-1.9,0.0
Rondae Hollis-Jefferson,2016,29.0,615.0,14.2,0.519,13.5,0.8,0.4
Shabazz Napier,2016,55.0,600.0,9.6,0.46,19.7,-3.0,-0.2
Anthony Brown,2016,29.0,599.0,4.9,0.427,11.0,-5.5,-0.5
Josh McRoberts,2016,42.0,595.0,9.9,0.453,15.0,-1.6,0.1
Metta World Peace,2016,35.0,590.0,8.3,0.435,16.2,-3.5,-0.2
Tiago Splitter,2016,36.0,579.0,13.7,0.571,15.5,-1.7,0.0
Ian Clark,2016,66.0,578.0,11.5,0.544,19.5,-1.9,0.0
Tyus Jones,2016,37.0,573.0,11.2,0.45,16.1,-2.4,-0.1
Carl Landry,2016,36.0,569.0,22.4,0.605,24.0,1.2,0.5
Mike Muscala,2016,60.0,565.0,13.6,0.576,15.5,-0.9,0.2
Kevin Garnett,2016,38.0,556.0,12.3,0.491,11.3,1.5,0.5
Donatas Motiejūnas,2016,37.0,547.0,11.3,0.504,21.4,-4.5,-0.3
Jusuf Nurkić,2016,32.0,547.0,15.9,0.46,27.2,-2.9,-0.1
Kendrick Perkins,2016,37.0,542.0,6.0,0.529,10.4,-5.0,-0.4
Kevin Séraphin,2016,48.0,526.0,10.8,0.435,22.2,-3.8,-0.2
Boban Marjanović,2016,54.0,508.0,27.7,0.662,22.8,4.3,0.8
Glenn Robinson III,2016,45.0,508.0,11.4,0.508,16.1,-1.1,0.1
Sonny Weems,2016,43.0,499.0,3.7,0.459,13.5,-7.3,-0.7
Sonny Weems,2016,36.0,421.0,4.3,0.475,13.3,-6.7,-0.5
Sonny Weems,2016,7.0,78.0,0.8,0.388,14.5,-10.2,-0.2
Tarik Black,2016,39.0,496.0,12.3,0.537,12.9,-3.3,-0.2
Anderson Varejão,2016,53.0,496.0,11.1,0.473,15.0,-2.9,-0.1
Anderson Varejão,2016,31.0,310.0,11.2,0.469,14.8,-2.4,0.0
Anderson Varejão,2016,22.0,186.0,11.0,0.477,15.5,-3.6,-0.1
Adreian Payne,2016,52.0,486.0,5.6,0.422,17.7,-6.2,-0.5
John Jenkins,2016,43.0,480.0,10.0,0.522,18.1,-2.9,-0.1
John Jenkins,2016,21.0,193.0,7.2,0.466,20.1,-5.7,-0.2
John Jenkins,2016,22.0,287.0,11.9,0.564,16.7,-1.1,0.1
Troy Daniels,2016,43.0,476.0,14.9,0.634,20.4,0.7,0.3
Ray McCallum,2016,41.0,475.0,9.1,0.449,16.8,-3.1,-0.1
Ray McCallum,2016,31.0,256.0,10.3,0.476,14.7,-1.7,0.0
Ray McCallum,2016,10.0,219.0,7.7,0.425,19.3,-4.7,-0.1
Jason Thompson,2016,47.0,471.0,14.2,0.558,13.9,-0.8,0.1
Jason Thompson,2016,28.0,179.0,13.3,0.535,15.2,-1.3,0.0
Jason Thompson,2016,19.0,292.0,14.7,0.575,13.0,-0.6,0.1
Ryan Kelly,2016,36.0,470.0,10.3,0.44,17.9,-3.5,-0.2
Brian Roberts,2016,51.0,470.0,13.8,0.552,19.8,-1.6,0.0
Brian Roberts,2016,30.0,333.0,13.9,0.552,19.9,-1.4,0.0
Brian Roberts,2016,21.0,137.0,13.7,0.551,19.6,-2.2,0.0
James Jones,2016,48.0,463.0,11.6,0.58,16.2,-0.3,0.2
Andre Miller,2016,39.0,461.0,13.4,0.6,15.4,-1.9,0.0
Andre Miller,2016,26.0,280.0,13.7,0.663,14.6,-2.2,0.0
Andre Miller,2016,13.0,181.0,12.9,0.521,16.6,-1.3,0.0
Greivis Vásquez,2016,23.0,460.0,7.4,0.435,18.5,-6.2,-0.5
Ryan Hollins,2016,37.0,460.0,12.3,0.636,11.8,-3.7,-0.2
Ryan Hollins,2016,5.0,48.0,7.2,0.571,9.1,-6.1,-0.1
Ryan Hollins,2016,32.0,412.0,12.9,0.641,12.1,-3.5,-0.2
J.J. Hickson,2016,35.0,436.0,16.8,0.514,22.6,-1.1,0.1
J.J. Hickson,2016,20.0,305.0,15.8,0.508,21.6,-1.1,0.1
J.J. Hickson,2016,15.0,131.0,18.9,0.528,24.8,-1.0,0.0
Rasual Butler,2016,46.0,432.0,13.4,0.558,12.6,2.9,0.5
Reggie Bullock,2016,37.0,429.0,12.0,0.583,11.4,0.8,0.3
Willie Reed,2016,39.0,426.0,19.2,0.579,18.1,-0.5,0.2
Jared Cunningham,2016,44.0,410.0,5.9,0.464,16.5,-5.7,-0.4
Jared Cunningham,2016,40.0,355.0,5.9,0.464,16.6,-5.6,-0.3
Jared Cunningham,2016,4.0,55.0,5.8,0.468,16.4,-6.8,-0.1
Chris Andersen,2016,27.0,402.0,15.3,0.598,10.8,0.7,0.3
Chris Andersen,2016,7.0,36.0,17.6,0.553,17.5,4.5,0.1
Chris Andersen,2016,20.0,366.0,15.1,0.605,10.2,0.4,0.2
Kendall Marshall,2016,30.0,400.0,6.7,0.449,18.3,-7.3,-0.5
Sergey Karasev,2016,40.0,399.0,8.5,0.562,12.1,-3.8,-0.2
Salah Mejri,2016,34.0,397.0,16.8,0.636,14.0,0.2,0.2
Lamar Patterson,2016,35.0,395.0,5.1,0.468,12.8,-5.1,-0.3
Joe Young,2016,41.0,384.0,9.9,0.428,24.4,-4.7,-0.3
Darrun Hilliard,2016,38.0,383.0,10.7,0.511,19.1,-2.5,0.0
Jarell Martin,2016,27.0,380.0,14.0,0.534,19.2,-3.7,-0.2
Montrezl Harrell,2016,39.0,379.0,14.6,0.635,14.5,-0.6,0.1
Mike Miller,2016,47.0,373.0,6.5,0.508,9.3,-2.6,0.0
JaVale McGee,2016,34.0,370.0,19.9,0.574,21.1,-0.3,0.1
Michael Beasley,2016,20.0,363.0,22.5,0.563,29.7,0.9,0.3
Chris McCullough,2016,24.0,362.0,12.2,0.47,16.5,-2.4,0.0
Tyler Hansbrough,2016,44.0,343.0,12.5,0.522,14.7,-3.8,-0.1
James Ennis III,2016,22.0,329.0,17.8,0.621,19.8,1.5,0.3
James Ennis III,2016,3.0,7.0,2.4,,0.0,-1.8,0.0
James Ennis III,2016,10.0,40.0,18.3,0.46,21.8,4.4,0.1
James Ennis III,2016,9.0,282.0,18.1,0.647,20.0,1.2,0.2
Cristiano Felício,2016,31.0,321.0,17.6,0.601,13.7,0.3,0.2
Robert Sacre,2016,25.0,320.0,10.4,0.474,14.3,-4.6,-0.2
R.J. Hunter,2016,36.0,315.0,7.7,0.48,15.1,-2.1,0.0
Terry Rozier,2016,39.0,311.0,5.0,0.326,17.7,-6.1,-0.3
Drew Gooden,2016,30.0,305.0,7.5,0.376,17.5,-6.3,-0.3
Axel Toupane,2016,21.0,305.0,7.1,0.49,12.0,-4.7,-0.2
Jordan Hamilton,2016,11.0,304.0,12.4,0.499,20.7,-3.3,-0.1
Kostas Papanikolaou,2016,26.0,294.0,6.0,0.464,13.9,-4.5,-0.2
Jordan Farmar,2016,12.0,291.0,13.2,0.527,18.9,-0.7,0.1
Phil Pressey,2016,23.0,283.0,10.6,0.433,18.7,-3.2,-0.1
Phil Pressey,2016,14.0,170.0,11.8,0.437,21.1,-2.6,0.0
Phil Pressey,2016,9.0,113.0,8.6,0.422,15.1,-3.9,-0.1
Bryce Dejean-Jones,2016,14.0,279.0,9.6,0.505,14.1,-2.5,0.0
Damjan Rudež,2016,33.0,277.0,5.5,0.572,12.7,-4.8,-0.2
Henry Sims,2016,14.0,263.0,13.9,0.504,17.3,-4.3,-0.2
James Michael McAdoo,2016,41.0,262.0,15.9,0.554,20.1,-1.8,0.0
Udonis Haslem,2016,37.0,260.0,9.1,0.434,12.8,-2.6,0.0
Jeremy Evans,2016,30.0,251.0,12.6,0.62,11.7,-0.4,0.1
Devyn Marble,2016,28.0,249.0,5.2,0.368,15.7,-6.2,-0.3
Xavier Munford,2016,14.0,244.0,9.9,0.481,18.0,-2.5,0.0
K.J. McDaniels,2016,37.0,235.0,10.6,0.522,18.7,-3.9,-0.1
Delon Wright,2016,27.0,229.0,17.8,0.54,22.1,0.9,0.2
Lucas Nogueira,2016,29.0,225.0,15.6,0.642,12.4,0.0,0.1
Elton Brand,2016,17.0,225.0,11.4,0.461,16.9,-3.4,-0.1
DeJuan Blair,2016,29.0,218.0,5.4,0.414,17.8,-8.9,-0.4
Brandan Wright,2016,12.0,212.0,18.3,0.663,15.4,0.7,0.1
Matt Bonner,2016,30.0,206.0,14.1,0.647,13.7,2.2,0.2
Michael Kidd-Gilchrist,2016,7.0,205.0,16.9,0.603,18.0,0.0,0.1
Lou Amundson,2016,29.0,204.0,6.7,0.401,17.7,-6.9,-0.3
James Young,2016,29.0,199.0,3.6,0.384,9.1,-4.5,-0.1
Jordan McRae,2016,22.0,195.0,14.2,0.548,23.9,-1.8,0.0
Jordan McRae,2016,7.0,82.0,14.2,0.567,20.0,-1.1,0.0
Jordan McRae,2016,15.0,113.0,14.2,0.537,26.7,-2.4,0.0
Greg Smith,2016,18.0,192.0,7.9,0.545,10.8,-5.5,-0.2
Alan Anderson,2016,13.0,192.0,9.2,0.495,15.4,-2.3,0.0
Caron Butler,2016,17.0,176.0,11.3,0.49,16.2,-1.8,0.0
Elijah Millsap,2016,20.0,173.0,6.5,0.384,14.9,-3.8,-0.1
Briante Weber,2016,7.0,169.0,8.9,0.38,13.2,-3.7,-0.1
Briante Weber,2016,6.0,166.0,8.3,0.365,13.2,-4.0,-0.1
Briante Weber,2016,1.0,3.0,39.3,1.0,15.2,12.9,0.0
C.J. Wilcox,2016,23.0,167.0,12.9,0.491,19.8,-1.5,0.0
Spencer Dinwiddie,2016,12.0,159.0,8.9,0.423,20.7,-5.2,-0.1
Chris Copeland,2016,24.0,156.0,5.4,0.462,17.3,-6.4,-0.2
Damien Inglis,2016,20.0,156.0,6.7,0.444,14.9,-5.6,-0.1
Nikola Peković,2016,12.0,156.0,6.5,0.459,19.5,-7.9,-0.2
Cleanthony Early,2016,17.0,154.0,2.2,0.371,14.9,-8.6,-0.3
Jarell Eddie,2016,26.0,147.0,11.0,0.46,20.7,-1.5,0.0
Christian Wood,2016,17.0,145.0,16.4,0.49,19.4,-0.2,0.1
Tony Wroten,2016,8.0,144.0,1.8,0.412,33.5,-13.4,-0.4
Pat Connaughton,2016,34.0,143.0,4.6,0.352,18.7,-8.0,-0.2
Chris Kaman,2016,16.0,112.0,11.1,0.496,20.4,-3.6,0.0
Jeff Ayres,2016,17.0,107.0,8.3,0.585,13.4,-6.1,-0.1
Cameron Bairstow,2016,18.0,103.0,6.8,0.391,20.3,-7.5,-0.1
Orlando Johnson,2016,7.0,101.0,3.6,0.346,17.8,-8.3,-0.2
Orlando Johnson,2016,2.0,47.0,10.1,0.407,18.7,-2.4,0.0
Orlando Johnson,2016,5.0,54.0,-2.1,0.28,17.1,-13.4,-0.2
Joel Anthony,2016,19.0,96.0,14.1,0.666,7.0,0.4,0.1
Sasha Kaun,2016,25.0,95.0,12.5,0.527,13.7,-2.8,0.0
Aaron Harrison,2016,21.0,93.0,4.3,0.371,13.7,-6.3,-0.1
Anthony Bennett,2016,19.0,84.0,10.4,0.446,19.2,-3.9,0.0
Tibor Pleiß,2016,12.0,82.0,3.5,0.464,19.1,-11.6,-0.2
Edy Tavares,2016,11.0,73.0,14.4,0.555,16.9,-1.8,0.0
Alex Stepheson,2016,8.0,73.0,14.8,0.341,19.8,-2.4,0.0
Alex Stepheson,2016,4.0,12.0,8.9,0.532,7.1,-2.6,0.0
Alex Stepheson,2016,4.0,61.0,16.0,0.329,22.4,-2.4,0.0
Mitch McGary,2016,20.0,72.0,7.4,0.474,20.4,-7.3,-0.1
Alan Williams,2016,10.0,68.0,21.1,0.481,22.6,-0.2,0.0
Russ Smith,2016,15.0,66.0,10.5,0.415,23.6,-1.4,0.0
Jorge Gutiérrez,2016,12.0,63.0,19.2,0.694,15.6,0.6,0.0
Lorenzo Brown,2016,8.0,61.0,4.4,0.374,24.9,-8.4,-0.1
Jordan Mickey,2016,16.0,57.0,15.3,0.398,20.5,-1.5,0.0
Josh Huestis,2016,5.0,55.0,6.7,0.509,13.0,-2.8,0.0
Andrew Goudelock,2016,8.0,50.0,12.3,0.506,24.8,-3.6,0.0
Cory Jefferson,2016,8.0,50.0,12.7,0.446,21.0,-6.4,-0.1
Eric Moreland,2016,8.0,48.0,7.4,0.515,9.5,-4.5,0.0
Elliot Williams,2016,5.0,45.0,3.3,0.34,12.7,-7.9,-0.1
Steve Novak,2016,10.0,44.0,14.4,0.651,19.2,1.2,0.0
Steve Novak,2016,7.0,24.0,20.8,0.708,23.1,5.2,0.0
Steve Novak,2016,3.0,20.0,6.7,0.543,14.5,-3.6,0.0
Bruno Caboclo,2016,6.0,43.0,-7.7,0.125,16.9,-17.6,-0.2
Jodie Meeks,2016,3.0,43.0,13.5,0.506,23.1,-2.9,0.0
Luis Montero,2016,12.0,42.0,-2.7,0.337,25.7,-15.5,-0.1
Dahntay Jones,2016,1.0,42.0,10.3,0.464,15.1,-3.0,0.0
Erick Green,2016,9.0,42.0,12.4,0.468,15.2,-1.9,0.0
Erick Green,2016,3.0,7.0,0.9,0.0,6.2,-8.5,0.0
Erick Green,2016,6.0,35.0,14.7,0.505,17.0,-0.6,0.0
Shayne Whittington,2016,7.0,41.0,7.4,0.463,18.1,-7.5,-0.1
Bryce Cotton,2016,8.0,39.0,1.7,0.4,16.5,-8.8,-0.1
Bryce Cotton,2016,3.0,33.0,-3.3,0.25,16.8,-11.4,-0.1
Bryce Cotton,2016,5.0,6.0,29.1,1.0,15.0,5.8,0.0
Cliff Alexander,2016,8.0,36.0,11.6,0.5,13.3,0.0,0.0
Justin Harper,2016,5.0,35.0,6.9,0.597,16.0,-4.2,0.0
Branden Dawson,2016,6.0,29.0,7.1,0.46,8.5,-5.7,0.0
Keith Appling,2016,5.0,27.0,-4.8,0.338,19.5,-15.1,-0.1
Chuck Hayes,2016,2.0,24.0,1.6,0.694,10.5,-8.1,0.0
Duje Dukan,2016,1.0,24.0,4.2,0.3,17.7,-7.0,0.0
Nate Robinson,2016,2.0,23.0,2.6,0.0,1.9,-4.6,0.0
Kevon Looney,2016,5.0,21.0,18.6,0.643,16.5,-2.5,0.0
Nazr Mohammed,2016,5.0,19.0,6.0,0.68,19.9,-11.7,0.0
Jarnell Stokes,2016,7.0,18.0,20.0,0.595,14.9,2.0,0.0
Jarnell Stokes,2016,2.0,4.0,13.6,,0.0,-3.9,0.0
Jarnell Stokes,2016,5.0,14.0,21.8,0.595,19.2,3.7,0.0
Jimmer Fredette,2016,6.0,18.0,12.0,0.625,22.8,-2.6,0.0
Jimmer Fredette,2016,4.0,13.0,-1.6,0.25,17.0,-12.3,0.0
Jimmer Fredette,2016,2.0,5.0,47.4,1.094,38.0,22.6,0.0
Joe Harris,2016,5.0,15.0,3.4,0.375,15.1,-5.9,0.0
Jordan Adams,2016,2.0,15.0,17.3,0.427,30.5,6.9,0.0
Coty Clarke,2016,3.0,6.0,23.9,0.75,35.5,16.5,0.0
Sam Dekker,2016,3.0,6.0,10.8,,0.0,2.2,0.0
Thanasis Antetokounmpo,2016,2.0,6.0,32.9,0.75,30.2,5.9,0.0
J.J. O'Brien,2016,2.0,6.0,1.3,0.0,7.7,-6.2,0.0
Rakeem Christmas,2016,1.0,6.0,32.0,1.0,14.7,6.5,0.0
League Average,2016,,,,0.541,19.9,,
Andrew Wiggins,2017,82.0,3048.0,16.5,0.534,29.0,-1.7,0.2
Karl-Anthony Towns,2017,82.0,3030.0,25.9,0.618,27.5,4.7,5.2
James Harden,2017,81.0,2947.0,27.4,0.613,34.2,8.7,8.0
Giannis Antetokounmpo,2017,80.0,2845.0,26.1,0.599,28.3,7.3,6.7
John Wall,2017,78.0,2836.0,23.2,0.541,30.6,4.7,4.8
Jimmy Butler,2017,76.0,2809.0,25.1,0.586,26.5,7.3,6.6
Harrison Barnes,2017,79.0,2803.0,16.3,0.541,25.3,-0.8,0.8
Russell Westbrook,2017,81.0,2802.0,30.6,0.554,41.7,11.1,9.3
CJ McCollum,2017,80.0,2796.0,19.9,0.585,27.5,2.0,2.8
LeBron James,2017,74.0,2794.0,27.0,0.619,30.0,7.6,6.7
Trevor Ariza,2017,80.0,2773.0,12.3,0.548,14.1,1.0,2.1
Rudy Gobert,2017,81.0,2744.0,23.3,0.681,16.7,4.4,4.4
Kemba Walker,2017,79.0,2739.0,21.3,0.569,29.2,4.1,4.2
Devin Booker,2017,78.0,2730.0,14.6,0.531,28.6,-1.9,0.1
Anthony Davis,2017,75.0,2708.0,27.5,0.58,32.6,5.9,5.4
Damian Lillard,2017,75.0,2694.0,24.1,0.586,31.5,5.0,4.8
Paul George,2017,75.0,2689.0,20.2,0.587,28.9,3.1,3.4
Bradley Beal,2017,77.0,2684.0,20.1,0.604,26.5,3.3,3.5
Jeff Teague,2017,82.0,2657.0,19.2,0.574,22.1,2.2,2.8
Gorgui Dieng,2017,82.0,2653.0,14.2,0.555,14.0,-0.1,1.3
Klay Thompson,2017,78.0,2649.0,17.4,0.592,26.1,0.8,1.9
Stephen Curry,2017,79.0,2638.0,24.6,0.624,30.1,6.9,5.9
DeMar DeRozan,2017,74.0,2620.0,24.0,0.552,34.3,3.0,3.3
Nicolas Batum,2017,77.0,2617.0,15.8,0.529,22.3,0.8,1.9
Otto Porter Jr.,2017,80.0,2605.0,17.3,0.628,15.1,3.3,3.5
DeAndre Jordan,2017,81.0,2570.0,21.8,0.673,15.3,3.3,3.5
Isaiah Thomas,2017,76.0,2569.0,26.5,0.625,34.0,6.7,5.6
Tobias Harris,2017,82.0,2567.0,16.9,0.568,21.7,1.6,2.3
Marcus Morris,2017,79.0,2565.0,12.4,0.508,20.3,-1.1,0.6
Marcin Gortat,2017,82.0,2556.0,15.4,0.593,14.7,-0.8,0.8
Myles Turner,2017,81.0,2541.0,18.5,0.585,19.5,1.1,2.0
Carmelo Anthony,2017,74.0,2538.0,17.9,0.535,29.1,0.7,1.7
Marc Gasol,2017,74.0,2531.0,20.3,0.554,26.4,5.2,4.6
Kentavious Caldwell-Pope,2017,76.0,2529.0,12.8,0.519,19.2,-0.2,1.1
Kyrie Irving,2017,72.0,2525.0,23.0,0.58,30.8,3.4,3.4
Gordon Hayward,2017,73.0,2516.0,22.2,0.595,27.6,5.0,4.5
Hassan Whiteside,2017,77.0,2513.0,22.6,0.579,22.7,1.5,2.2
Wesley Matthews,2017,73.0,2495.0,11.9,0.533,19.4,-0.8,0.8
Dennis Schröder,2017,79.0,2485.0,16.1,0.533,27.8,0.0,1.3
Kawhi Leonard,2017,74.0,2474.0,27.6,0.61,31.1,9.4,7.1
Draymond Green,2017,76.0,2471.0,16.5,0.522,16.2,4.9,4.3
Ricky Rubio,2017,75.0,2469.0,16.8,0.539,17.4,0.9,1.8
DeMarcus Cousins,2017,72.0,2465.0,25.8,0.562,36.5,6.8,5.5
DeMarcus Cousins,2017,55.0,1891.0,26.5,0.562,37.5,7.2,4.4
DeMarcus Cousins,2017,17.0,574.0,23.2,0.564,33.1,5.5,1.1
Courtney Lee,2017,77.0,2459.0,12.2,0.559,14.4,-0.9,0.7
Goran Dragić,2017,73.0,2459.0,19.8,0.575,27.1,2.6,2.9
Serge Ibaka,2017,79.0,2422.0,16.4,0.566,20.9,0.1,1.2
Serge Ibaka,2017,56.0,1710.0,17.5,0.569,20.8,0.7,1.2
Serge Ibaka,2017,23.0,712.0,13.8,0.556,20.9,-1.5,0.1
Elfrid Payton,2017,82.0,2412.0,17.2,0.52,21.6,0.8,1.7
Andre Drummond,2017,81.0,2409.0,20.9,0.518,22.4,1.0,1.8
Marcus Smart,2017,79.0,2399.0,12.0,0.486,18.8,-1.3,0.4
Jordan Clarkson,2017,82.0,2397.0,13.2,0.526,23.3,-2.5,-0.3
Steven Adams,2017,80.0,2389.0,16.5,0.589,16.2,-0.2,1.1
Andre Roberson,2017,79.0,2376.0,9.6,0.51,10.1,-1.0,0.6
Solomon Hill,2017,80.0,2374.0,8.0,0.527,11.5,-2.7,-0.4
Markieff Morris,2017,76.0,2374.0,13.7,0.54,20.5,-1.5,0.3
Michael Kidd-Gilchrist,2017,81.0,2349.0,14.3,0.528,14.6,-0.7,0.7
Paul Millsap,2017,69.0,2343.0,17.9,0.542,24.4,2.1,2.4
Tony Snell,2017,80.0,2336.0,9.7,0.603,12.1,-1.7,0.2
Tristan Thompson,2017,78.0,2336.0,15.3,0.594,11.3,-0.7,0.7
LaMarcus Aldridge,2017,72.0,2335.0,18.6,0.532,24.5,0.8,1.7
Jae Crowder,2017,72.0,2335.0,14.9,0.613,17.0,0.9,1.7
Eric Gordon,2017,75.0,2323.0,13.2,0.557,22.1,-0.1,1.1
Aaron Gordon,2017,80.0,2298.0,14.5,0.53,20.1,-1.0,0.6
Marvin Williams,2017,76.0,2295.0,13.7,0.551,16.3,0.0,1.1
Mike Conley,2017,69.0,2292.0,23.2,0.604,26.3,6.8,5.1
Brandon Ingram,2017,79.0,2279.0,8.5,0.474,16.8,-4.4,-1.4
Robin Lopez,2017,81.0,2271.0,14.4,0.511,17.5,-2.2,-0.1
Allen Crabbe,2017,79.0,2254.0,11.6,0.602,14.9,-1.3,0.4
Kyle Lowry,2017,60.0,2244.0,22.9,0.623,24.9,6.1,4.6
Thaddeus Young,2017,74.0,2237.0,14.9,0.562,16.4,0.5,1.4
P.J. Tucker,2017,81.0,2236.0,10.5,0.516,11.2,-0.3,1.0
P.J. Tucker,2017,57.0,1627.0,10.6,0.517,11.3,-0.6,0.6
P.J. Tucker,2017,24.0,609.0,10.4,0.515,10.9,0.5,0.4
Evan Fournier,2017,68.0,2234.0,13.9,0.555,23.5,-1.3,0.4
Maurice Harkless,2017,77.0,2223.0,13.1,0.57,15.2,-0.6,0.8
Brook Lopez,2017,75.0,2222.0,20.4,0.578,29.2,2.3,2.4
Victor Oladipo,2017,67.0,2222.0,13.6,0.534,21.4,-0.5,0.8
Dwight Howard,2017,74.0,2199.0,20.8,0.627,19.2,1.4,1.9
JJ Redick,2017,78.0,2198.0,14.8,0.599,22.0,0.4,1.4
Wilson Chandler,2017,71.0,2197.0,14.9,0.545,22.0,-1.0,0.5
Al Horford,2017,68.0,2193.0,17.7,0.553,19.7,3.4,3.0
Jrue Holiday,2017,67.0,2190.0,17.1,0.532,23.5,1.3,1.8
Nik Stauskas,2017,80.0,2188.0,9.0,0.54,16.4,-2.8,-0.5
Tyler Johnson,2017,73.0,2178.0,15.9,0.535,20.9,1.4,1.8
Eric Bledsoe,2017,66.0,2176.0,20.5,0.563,28.1,3.6,3.1
Kristaps Porziņģis,2017,66.0,2164.0,17.4,0.546,24.3,0.3,1.3
Nikola Vučević,2017,75.0,2163.0,19.1,0.498,24.8,1.4,1.9
Jamal Crawford,2017,82.0,2157.0,12.0,0.525,22.7,-2.1,0.0
Tim Hardaway Jr.,2017,79.0,2154.0,15.2,0.568,22.5,0.5,1.4
Mason Plumlee,2017,81.0,2148.0,18.1,0.558,18.1,2.0,2.2
Mason Plumlee,2017,54.0,1516.0,18.9,0.552,18.3,2.8,1.8
Mason Plumlee,2017,27.0,632.0,16.3,0.571,17.5,-0.1,0.3
Ersan İlyasova,2017,82.0,2142.0,14.6,0.546,22.2,0.1,1.1
Ersan İlyasova,2017,3.0,62.0,6.9,0.469,13.7,-2.7,0.0
Ersan İlyasova,2017,53.0,1447.0,15.4,0.553,23.6,0.4,0.9
Ersan İlyasova,2017,26.0,633.0,13.5,0.53,19.9,-0.4,0.3
Danilo Gallinari,2017,63.0,2134.0,17.4,0.622,20.0,1.4,1.9
T.J. McConnell,2017,81.0,2133.0,13.7,0.504,14.4,-1.0,0.5
Julius Randle,2017,74.0,2132.0,16.3,0.543,21.4,-0.9,0.6
Dario Šarić,2017,81.0,2129.0,12.8,0.508,24.6,-2.3,-0.2
Robert Covington,2017,67.0,2119.0,13.2,0.534,19.2,0.2,1.1
Ryan Anderson,2017,72.0,2116.0,13.5,0.583,17.9,-0.4,0.9
JaMychal Green,2017,77.0,2101.0,13.5,0.601,14.4,-0.8,0.6
James Johnson,2017,76.0,2085.0,17.0,0.564,22.0,2.8,2.5
Bojan Bogdanović,2017,81.0,2083.0,13.5,0.585,22.4,-2.2,-0.1
Bojan Bogdanović,2017,55.0,1482.0,13.0,0.572,22.5,-2.6,-0.2
Bojan Bogdanović,2017,26.0,601.0,14.7,0.617,22.2,-1.2,0.1
Derrick Rose,2017,64.0,2082.0,17.0,0.53,25.7,-1.0,0.5
Blake Griffin,2017,61.0,2076.0,22.6,0.569,28.0,4.7,3.5
Kevin Durant,2017,62.0,2070.0,27.6,0.651,27.8,8.9,5.7
Jonas Valančiūnas,2017,80.0,2066.0,20.1,0.601,19.5,0.3,1.2
Darren Collison,2017,68.0,2063.0,15.3,0.57,19.8,-0.9,0.6
Patrick Beverley,2017,67.0,2058.0,13.0,0.546,14.1,1.1,1.6
Austin Rivers,2017,74.0,2054.0,11.4,0.545,20.3,-2.2,-0.1
T.J. Warren,2017,66.0,2048.0,15.6,0.539,19.2,-0.6,0.7
Jameer Nelson,2017,75.0,2045.0,11.5,0.544,15.8,-2.0,0.0
Nikola Jokić,2017,73.0,2038.0,26.3,0.64,23.5,7.3,4.8
Seth Curry,2017,70.0,2029.0,15.5,0.601,19.5,1.2,1.7
Cory Joseph,2017,80.0,2003.0,13.2,0.518,18.4,-1.3,0.4
Andre Iguodala,2017,76.0,1998.0,14.3,0.624,11.2,2.5,2.3
Monta Ellis,2017,74.0,1998.0,9.9,0.514,16.8,-2.9,-0.5
Lou Williams,2017,81.0,1994.0,21.4,0.593,29.1,3.9,3.0
Lou Williams,2017,58.0,1403.0,23.9,0.609,30.6,5.8,2.8
Lou Williams,2017,23.0,591.0,15.4,0.547,25.3,-0.5,0.2
Taj Gibson,2017,78.0,1989.0,15.0,0.543,19.3,-1.5,0.2
Taj Gibson,2017,55.0,1502.0,15.4,0.549,19.2,-1.2,0.3
Taj Gibson,2017,23.0,487.0,13.8,0.528,19.5,-2.5,-0.1
Matthew Dellavedova,2017,76.0,1986.0,9.4,0.501,16.3,-4.2,-1.1
Malcolm Brogdon,2017,75.0,1982.0,14.9,0.555,18.5,-0.4,0.8
Joe Ingles,2017,82.0,1972.0,12.4,0.604,13.9,1.6,1.8
Rodney McGruder,2017,78.0,1966.0,9.1,0.506,12.3,-1.9,0.0
Kent Bazemore,2017,73.0,1963.0,11.6,0.504,20.5,-1.0,0.5
Ish Smith,2017,81.0,1955.0,14.7,0.477,20.5,0.3,1.1
Terrence Ross,2017,78.0,1955.0,13.4,0.55,19.3,-0.2,0.9
Terrence Ross,2017,54.0,1207.0,14.9,0.558,19.8,1.2,1.0
Terrence Ross,2017,24.0,748.0,11.1,0.536,18.5,-2.5,-0.1
Frank Kaminsky,2017,75.0,1954.0,13.0,0.502,21.8,-1.2,0.4
Jon Leuer,2017,75.0,1944.0,14.2,0.551,17.3,-0.1,1.0
Iman Shumpert,2017,76.0,1937.0,9.0,0.536,14.0,-2.3,-0.1
Chris Paul,2017,61.0,1921.0,26.2,0.614,24.4,8.7,5.2
Tony Allen,2017,71.0,1914.0,13.3,0.493,17.9,-1.0,0.5
Buddy Hield,2017,82.0,1888.0,11.8,0.541,21.3,-2.0,0.0
Buddy Hield,2017,57.0,1161.0,9.9,0.503,20.4,-2.8,-0.2
Buddy Hield,2017,25.0,727.0,14.9,0.6,22.9,-0.8,0.2
Kevin Love,2017,60.0,1885.0,21.1,0.573,26.4,2.1,1.9
DeMarre Carroll,2017,72.0,1882.0,11.9,0.53,15.6,0.0,1.0
Joe Johnson,2017,78.0,1843.0,12.8,0.542,18.5,0.4,1.1
Rajon Rondo,2017,69.0,1843.0,13.6,0.461,17.8,-0.5,0.7
Avery Bradley,2017,55.0,1835.0,14.4,0.548,21.9,-0.6,0.7
Greg Monroe,2017,81.0,1823.0,21.1,0.572,24.3,1.8,1.7
E'Twaun Moore,2017,73.0,1820.0,12.1,0.537,17.4,-1.6,0.2
D'Angelo Russell,2017,63.0,1811.0,15.3,0.518,26.6,-0.8,0.6
Danny Green,2017,68.0,1807.0,10.1,0.537,13.5,0.8,1.3
Brandon Jennings,2017,81.0,1802.0,12.1,0.479,17.6,-2.4,-0.2
Brandon Jennings,2017,58.0,1428.0,12.7,0.508,18.1,-2.0,0.0
Brandon Jennings,2017,23.0,374.0,9.7,0.357,15.8,-4.0,-0.2
Vince Carter,2017,73.0,1799.0,11.7,0.542,14.9,0.8,1.3
Bismack Biyombo,2017,81.0,1793.0,12.2,0.546,13.2,-3.2,-0.6
Dwyane Wade,2017,60.0,1792.0,18.5,0.508,29.6,2.5,2.1
Luc Mbah a Moute,2017,80.0,1787.0,10.2,0.581,11.6,-0.2,0.8
Zach Randolph,2017,73.0,1786.0,18.5,0.49,29.2,-0.5,0.7
Gary Harris,2017,57.0,1782.0,16.5,0.611,18.4,0.7,1.2
Marco Belinelli,2017,74.0,1778.0,13.3,0.566,19.2,-1.1,0.4
Matt Barnes,2017,74.0,1777.0,10.3,0.514,15.6,-1.4,0.3
Matt Barnes,2017,54.0,1367.0,10.2,0.501,16.4,-1.6,0.1
Matt Barnes,2017,20.0,410.0,10.7,0.569,13.1,-0.7,0.1
C.J. Miles,2017,76.0,1776.0,13.8,0.592,18.4,0.5,1.1
Al-Farouq Aminu,2017,61.0,1773.0,11.3,0.506,15.4,-1.1,0.4
Jamal Murray,2017,82.0,1764.0,11.9,0.518,21.6,-2.0,0.0
Rondae Hollis-Jefferson,2017,78.0,1761.0,13.7,0.517,18.7,-1.3,0.3
Patty Mills,2017,80.0,1754.0,15.2,0.578,19.5,1.6,1.6
Trevor Booker,2017,71.0,1754.0,15.7,0.554,18.7,-0.6,0.6
Sean Kilpatrick,2017,70.0,1754.0,13.1,0.546,23.8,-2.3,-0.1
Kyle Korver,2017,67.0,1753.0,12.1,0.635,15.2,0.0,0.9
Kyle Korver,2017,32.0,894.0,10.8,0.591,14.5,-0.4,0.4
Kyle Korver,2017,35.0,859.0,13.5,0.677,15.8,0.3,0.5
Zach LaVine,2017,47.0,1749.0,14.6,0.576,21.7,0.1,0.9
Marquese Chriss,2017,82.0,1743.0,12.3,0.529,19.7,-2.2,-0.1
Ty Lawson,2017,69.0,1732.0,15.4,0.551,19.5,-1.0,0.4
Garrett Temple,2017,65.0,1728.0,11.2,0.545,14.2,-0.8,0.5
Jabari Parker,2017,51.0,1728.0,19.1,0.563,26.5,0.7,1.2
Cody Zeller,2017,62.0,1725.0,16.7,0.604,15.5,0.2,1.0
Will Barton,2017,60.0,1705.0,15.5,0.547,21.1,0.2,1.0
Raymond Felton,2017,80.0,1700.0,10.9,0.496,16.5,-1.3,0.3
Nikola Mirotić,2017,70.0,1679.0,14.5,0.546,19.8,0.7,1.1
Gerald Henderson,2017,72.0,1667.0,10.8,0.529,17.9,-3.1,-0.5
Evan Turner,2017,65.0,1658.0,11.4,0.491,18.5,-2.5,-0.2
Deron Williams,2017,64.0,1657.0,14.0,0.541,22.1,-1.8,0.1
Deron Williams,2017,40.0,1171.0,15.0,0.533,23.7,-1.3,0.2
Deron Williams,2017,24.0,486.0,11.4,0.566,18.1,-3.0,-0.1
Dante Cunningham,2017,66.0,1649.0,10.2,0.586,10.7,-1.6,0.2
Isaiah Whitehead,2017,73.0,1643.0,7.6,0.487,18.2,-5.1,-1.3
Dorian Finney-Smith,2017,81.0,1642.0,7.7,0.486,11.6,-2.6,-0.3
Justin Holiday,2017,82.0,1639.0,12.7,0.549,16.9,-0.3,0.7
Domantas Sabonis,2017,81.0,1632.0,6.9,0.469,15.4,-4.5,-1.0
Pau Gasol,2017,64.0,1627.0,20.2,0.578,21.3,4.0,2.5
Richard Jefferson,2017,79.0,1614.0,8.3,0.574,12.2,-3.1,-0.4
Josh Richardson,2017,53.0,1614.0,10.7,0.493,16.8,-1.1,0.4
Amir Johnson,2017,80.0,1608.0,15.0,0.628,13.6,0.6,1.1
Kelly Oubre Jr.,2017,79.0,1605.0,9.1,0.516,14.6,-3.2,-0.5
Patrick Patterson,2017,65.0,1599.0,10.8,0.542,12.5,0.1,0.8
Thabo Sefolosha,2017,62.0,1596.0,11.9,0.519,13.3,0.4,1.0
Rodney Hood,2017,59.0,1593.0,12.4,0.522,22.9,-0.9,0.4
Tony Parker,2017,63.0,1587.0,13.0,0.514,20.2,-2.6,-0.2
Arron Afflalo,2017,61.0,1580.0,8.9,0.559,14.4,-3.6,-0.7
Alex Len,2017,77.0,1560.0,15.0,0.553,17.6,-2.3,-0.1
Nick Young,2017,60.0,1556.0,14.1,0.588,19.5,-0.1,0.7
Clint Capela,2017,65.0,1551.0,21.4,0.638,19.9,1.2,1.2
George Hill,2017,49.0,1544.0,19.3,0.599,23.5,3.8,2.3
D.J. Augustin,2017,78.0,1538.0,11.0,0.524,19.4,-3.0,-0.4
Kelly Olynyk,2017,75.0,1538.0,15.3,0.603,19.0,0.3,0.9
Jeff Green,2017,69.0,1534.0,10.5,0.505,20.3,-3.6,-0.6
Enes Freedom,2017,72.0,1533.0,23.7,0.599,27.3,1.7,1.4
Jerami Grant,2017,80.0,1531.0,10.1,0.556,12.1,-1.3,0.3
Jerami Grant,2017,2.0,41.0,3.0,0.39,24.9,-8.3,-0.1
Jerami Grant,2017,78.0,1490.0,10.3,0.566,11.8,-1.1,0.4
Tim Frazier,2017,65.0,1525.0,12.4,0.504,16.3,-2.7,-0.3
Sergio Rodríguez,2017,68.0,1518.0,11.1,0.484,19.3,-2.7,-0.3
Shabazz Muhammad,2017,78.0,1516.0,14.9,0.566,21.5,-2.4,-0.1
Doug McDermott,2017,66.0,1508.0,10.7,0.554,16.4,-2.3,-0.1
Doug McDermott,2017,44.0,1078.0,11.3,0.555,17.6,-2.1,0.0
Doug McDermott,2017,22.0,430.0,9.3,0.551,13.6,-2.7,-0.1
James Ennis III,2017,64.0,1501.0,10.6,0.581,13.0,-1.2,0.3
Wayne Ellington,2017,62.0,1500.0,12.6,0.565,17.9,-0.1,0.7
Langston Galloway,2017,74.0,1495.0,10.4,0.51,18.4,-2.3,-0.1
Langston Galloway,2017,55.0,1120.0,11.2,0.508,19.5,-1.5,0.1
Langston Galloway,2017,19.0,375.0,8.0,0.522,15.4,-4.7,-0.3
Luol Deng,2017,56.0,1486.0,10.1,0.47,14.2,-2.1,0.0
David Lee,2017,79.0,1477.0,18.5,0.613,16.9,1.8,1.4
Anthony Tolliver,2017,65.0,1477.0,11.1,0.595,13.6,-1.0,0.4
Andrew Harrison,2017,72.0,1474.0,8.7,0.477,16.4,-3.4,-0.5
Larry Nance Jr.,2017,63.0,1442.0,15.7,0.567,13.4,0.6,1.0
Glenn Robinson III,2017,69.0,1427.0,11.5,0.564,12.8,-0.3,0.6
Dirk Nowitzki,2017,54.0,1424.0,17.0,0.529,25.8,0.8,1.0
Reggie Jackson,2017,52.0,1424.0,14.9,0.51,26.4,-1.0,0.4
Willie Cauley-Stein,2017,75.0,1421.0,16.3,0.558,19.7,-1.0,0.3
Sam Dekker,2017,77.0,1419.0,13.1,0.549,14.9,-0.2,0.6
Kosta Koufos,2017,71.0,1419.0,13.8,0.56,15.3,-2.5,-0.2
Emmanuel Mudiay,2017,55.0,1406.0,10.9,0.483,22.6,-3.2,-0.4
Channing Frye,2017,74.0,1398.0,15.6,0.612,19.3,1.0,1.1
Jonathon Simmons,2017,78.0,1392.0,9.9,0.504,18.0,-2.6,-0.2
Jusuf Nurkić,2017,65.0,1391.0,17.5,0.528,23.9,-0.9,0.4
Jusuf Nurkić,2017,45.0,807.0,15.0,0.515,22.6,-2.1,0.0
Jusuf Nurkić,2017,20.0,584.0,21.1,0.545,25.7,0.9,0.4
Dion Waiters,2017,46.0,1384.0,14.5,0.507,26.3,-0.1,0.7
Stanley Johnson,2017,77.0,1371.0,7.2,0.436,14.8,-3.0,-0.3
Norman Powell,2017,76.0,1368.0,14.0,0.552,21.1,-0.5,0.5
Jason Terry,2017,74.0,1365.0,9.1,0.6,9.8,-0.9,0.4
Jared Dudley,2017,64.0,1362.0,10.6,0.579,13.8,-1.0,0.3
Shaun Livingston,2017,76.0,1345.0,10.1,0.568,13.0,-2.5,-0.2
Jaylen Brown,2017,78.0,1341.0,10.3,0.539,18.1,-3.7,-0.6
Spencer Dinwiddie,2017,59.0,1334.0,12.7,0.581,14.1,-1.0,0.4
Kris Dunn,2017,78.0,1333.0,8.1,0.432,14.2,-2.8,-0.3
Dwight Powell,2017,77.0,1333.0,17.6,0.588,16.7,1.0,1.0
Dewayne Dedmon,2017,76.0,1330.0,16.0,0.645,12.3,0.6,0.9
Willy Hernangómez,2017,72.0,1324.0,19.0,0.564,20.3,-0.3,0.6
Tyson Chandler,2017,47.0,1298.0,16.6,0.703,11.2,0.3,0.8
Kenneth Faried,2017,61.0,1296.0,20.3,0.588,18.3,0.3,0.7
Manu Ginóbili,2017,69.0,1291.0,13.9,0.532,20.4,1.4,1.1
Marreese Speights,2017,82.0,1286.0,17.5,0.584,23.6,0.6,0.9
Randy Foye,2017,69.0,1284.0,7.3,0.506,14.4,-4.4,-0.8
Boris Diaw,2017,73.0,1283.0,9.0,0.494,15.6,-2.5,-0.1
Corey Brewer,2017,82.0,1281.0,9.1,0.491,14.3,-2.7,-0.2
Corey Brewer,2017,58.0,923.0,7.5,0.491,12.9,-3.4,-0.3
Corey Brewer,2017,24.0,358.0,13.3,0.49,18.0,-1.0,0.1
Terrence Jones,2017,54.0,1270.0,16.1,0.515,21.4,-0.6,0.5
Terrence Jones,2017,51.0,1264.0,16.2,0.518,21.4,-0.5,0.5
Terrence Jones,2017,3.0,6.0,1.5,0.0,22.8,-10.6,0.0
Zaza Pachulia,2017,70.0,1268.0,16.1,0.588,15.3,0.6,0.8
Noah Vonleh,2017,74.0,1265.0,10.8,0.525,13.1,-3.9,-0.6
Terry Rozier,2017,74.0,1263.0,10.9,0.466,17.1,-1.4,0.2
Malcolm Delaney,2017,73.0,1248.0,7.5,0.456,18.3,-5.6,-1.1
Mike Muscala,2017,70.0,1237.0,14.4,0.596,14.8,1.1,1.0
Caris LeVert,2017,57.0,1237.0,12.3,0.556,16.6,-1.1,0.3
Jonas Jerebko,2017,78.0,1232.0,9.3,0.537,11.4,-2.4,-0.1
Kyle O'Quinn,2017,79.0,1229.0,20.5,0.552,18.5,1.9,1.2
Danté Exum,2017,66.0,1228.0,8.5,0.521,18.1,-3.3,-0.4
Justin Anderson,2017,75.0,1228.0,13.9,0.537,20.9,-1.3,0.2
Justin Anderson,2017,51.0,710.0,14.7,0.521,23.6,-1.0,0.2
Justin Anderson,2017,24.0,518.0,12.8,0.564,17.2,-1.9,0.0
Meyers Leonard,2017,74.0,1222.0,8.9,0.507,15.5,-3.3,-0.4
Shelvin Mack,2017,55.0,1205.0,10.9,0.518,19.6,-2.3,-0.1
Nenê,2017,67.0,1198.0,18.9,0.63,19.7,0.8,0.8
Yogi Ferrell,2017,46.0,1197.0,13.1,0.533,19.6,-1.1,0.3
Yogi Ferrell,2017,10.0,151.0,6.5,0.482,19.9,-7.5,-0.2
Yogi Ferrell,2017,36.0,1046.0,14.1,0.541,19.5,-0.2,0.5
Richaun Holmes,2017,57.0,1193.0,18.6,0.611,18.6,1.0,0.9
Timothé Luwawu-Cabarrot,2017,69.0,1190.0,8.5,0.536,17.8,-4.6,-0.8
Nemanja Bjelica,2017,65.0,1190.0,11.0,0.526,16.4,-1.6,0.1
J.R. Smith,2017,41.0,1187.0,8.1,0.484,14.6,-2.1,0.0
Derrick Favors,2017,50.0,1186.0,15.8,0.512,20.7,-0.1,0.6
Troy Daniels,2017,67.0,1183.0,10.4,0.531,21.7,-1.8,0.0
Justin Hamilton,2017,64.0,1177.0,13.6,0.55,16.2,-0.8,0.4
Ben McLemore,2017,61.0,1176.0,9.8,0.538,20.1,-4.2,-0.6
Aron Baynes,2017,75.0,1163.0,13.1,0.57,14.1,-2.7,-0.2
Trey Lyles,2017,71.0,1158.0,9.9,0.464,21.7,-2.2,-0.1
Jeremy Lamb,2017,62.0,1143.0,17.0,0.55,23.2,0.5,0.7
Brandon Knight,2017,54.0,1140.0,12.4,0.502,25.0,-2.8,-0.2
Joe Harris,2017,52.0,1138.0,9.0,0.558,16.5,-3.5,-0.4
Ian Clark,2017,77.0,1137.0,13.1,0.575,19.5,-1.5,0.1
Jahlil Okafor,2017,50.0,1134.0,14.8,0.546,24.1,-2.5,-0.1
Mirza Teletović,2017,70.0,1133.0,8.8,0.515,19.1,-3.8,-0.5
Tyler Ulis,2017,61.0,1123.0,13.0,0.474,20.3,-2.4,-0.1
John Henson,2017,58.0,1123.0,15.3,0.55,16.6,-1.6,0.1
Timofey Mozgov,2017,54.0,1104.0,12.3,0.553,16.8,-4.3,-0.7
Tarik Black,2017,67.0,1091.0,15.0,0.56,15.7,-3.2,-0.3
Lucas Nogueira,2017,57.0,1088.0,15.5,0.682,9.5,2.0,1.1
Devin Harris,2017,65.0,1087.0,13.8,0.549,19.7,-0.4,0.4
Patrick McCaw,2017,71.0,1074.0,8.6,0.54,11.9,-2.4,-0.1
Jason Smith,2017,74.0,1068.0,13.6,0.598,16.7,-1.8,0.1
Luke Babbitt,2017,68.0,1065.0,8.3,0.563,13.0,-2.0,0.0
Montrezl Harrell,2017,58.0,1064.0,19.2,0.662,17.6,1.0,0.8
Álex Abrines,2017,68.0,1055.0,10.1,0.56,15.9,-1.6,0.1
Nerlens Noel,2017,51.0,1047.0,20.4,0.622,17.6,2.4,1.2
Nerlens Noel,2017,29.0,564.0,20.8,0.634,17.8,3.2,0.7
Nerlens Noel,2017,22.0,483.0,19.8,0.606,17.3,1.4,0.4
Cristiano Felício,2017,66.0,1040.0,15.3,0.603,12.4,-0.7,0.3
Willie Reed,2017,71.0,1031.0,17.1,0.578,15.3,-0.9,0.3
Brandon Rush,2017,47.0,1030.0,6.6,0.505,9.6,-2.5,-0.1
Jerian Grant,2017,63.0,1028.0,13.2,0.555,16.0,0.1,0.6
Kyle Anderson,2017,72.0,1020.0,12.5,0.525,12.1,1.8,1.0
Mindaugas Kuzminskas,2017,68.0,1016.0,12.4,0.533,19.2,-1.9,0.0
Joakim Noah,2017,46.0,1015.0,15.2,0.491,12.6,-0.5,0.4
Rudy Gay,2017,30.0,1013.0,17.9,0.559,25.8,1.9,1.0
C.J. Watson,2017,62.0,1012.0,9.3,0.507,14.1,-3.6,-0.4
Bobby Portis,2017,64.0,1000.0,14.9,0.545,19.1,-1.5,0.1
Taurean Prince,2017,59.0,981.0,9.8,0.513,17.2,-1.8,0.0
Joffrey Lauvergne,2017,70.0,980.0,12.6,0.509,18.5,-2.2,-0.1
Joffrey Lauvergne,2017,50.0,739.0,12.9,0.531,17.8,-1.6,0.1
Joffrey Lauvergne,2017,20.0,241.0,11.6,0.451,20.7,-4.1,-0.1
Denzel Valentine,2017,57.0,976.0,7.3,0.492,15.4,-3.3,-0.3
Semaj Christon,2017,64.0,973.0,5.7,0.387,12.2,-5.1,-0.8
Lance Thomas,2017,46.0,968.0,8.4,0.516,13.1,-3.5,-0.4
Leandro Barbosa,2017,67.0,963.0,11.5,0.509,20.0,-2.5,-0.1
Mario Hezonja,2017,65.0,960.0,7.2,0.45,18.8,-5.0,-0.7
Michael Beasley,2017,56.0,935.0,17.8,0.584,25.3,-0.8,0.3
Al Jefferson,2017,66.0,931.0,18.9,0.526,26.1,-1.4,0.1
Salah Mejri,2017,73.0,905.0,14.8,0.65,10.6,-0.7,0.3
Aaron Brooks,2017,65.0,894.0,9.5,0.507,19.2,-3.7,-0.4
Khris Middleton,2017,29.0,889.0,15.0,0.57,22.5,-0.3,0.4
Jeremy Lin,2017,36.0,883.0,19.2,0.566,26.6,2.0,0.9
Lavoy Allen,2017,61.0,871.0,11.6,0.485,10.9,-1.7,0.1
Pascal Siakam,2017,55.0,859.0,11.5,0.523,13.1,-2.4,-0.1
Ron Baker,2017,52.0,857.0,7.5,0.456,14.8,-4.7,-0.6
David West,2017,68.0,854.0,16.6,0.571,17.9,2.8,1.0
Michael Carter-Williams,2017,45.0,846.0,9.9,0.437,20.9,-3.2,-0.3
Paul Zipser,2017,44.0,843.0,6.9,0.503,14.4,-4.4,-0.5
Juancho Hernangómez,2017,62.0,842.0,13.4,0.592,14.6,-0.1,0.4
Mike Dunleavy,2017,53.0,841.0,10.1,0.573,14.0,-1.4,0.1
Mike Dunleavy,2017,23.0,366.0,7.6,0.539,13.7,-3.1,-0.1
Mike Dunleavy,2017,30.0,475.0,11.9,0.597,14.3,-0.1,0.2
Ramon Sessions,2017,50.0,811.0,12.4,0.495,20.1,-2.4,-0.1
Wesley Johnson,2017,68.0,810.0,8.4,0.448,12.5,-2.0,0.0
Dāvis Bertāns,2017,67.0,808.0,12.9,0.609,15.7,1.3,0.7
Derrick Williams,2017,50.0,804.0,10.6,0.537,17.2,-2.9,-0.2
Derrick Williams,2017,25.0,377.0,10.1,0.465,20.4,-3.4,-0.1
Derrick Williams,2017,25.0,427.0,11.1,0.628,14.4,-2.5,-0.1
Spencer Hawes,2017,54.0,797.0,15.6,0.562,19.8,0.5,0.5
Spencer Hawes,2017,35.0,626.0,14.8,0.545,19.6,-0.1,0.3
Spencer Hawes,2017,19.0,171.0,18.6,0.62,20.3,2.8,0.2
Ed Davis,2017,46.0,789.0,11.5,0.563,12.0,-4.1,-0.4
Tyreke Evans,2017,40.0,788.0,15.5,0.501,26.7,0.4,0.5
Tyreke Evans,2017,26.0,474.0,15.8,0.491,27.2,0.0,0.2
Tyreke Evans,2017,14.0,314.0,14.9,0.516,26.0,0.9,0.2
Joel Embiid,2017,31.0,786.0,24.1,0.584,36.0,4.5,1.3
DeAndre Liggins,2017,62.0,777.0,7.5,0.476,11.6,-2.2,0.0
DeAndre Liggins,2017,61.0,752.0,7.2,0.473,11.5,-2.3,-0.1
DeAndre Liggins,2017,1.0,25.0,17.6,0.546,13.8,1.0,0.0
Tyus Jones,2017,60.0,774.0,13.8,0.523,13.6,0.2,0.4
J.J. Barea,2017,35.0,771.0,17.2,0.521,26.2,1.5,0.7
Hollis Thompson,2017,40.0,752.0,7.9,0.482,13.0,-2.6,-0.1
Hollis Thompson,2017,31.0,561.0,9.0,0.51,13.7,-2.4,-0.1
Hollis Thompson,2017,9.0,191.0,4.7,0.378,10.9,-3.1,-0.1
JaVale McGee,2017,77.0,739.0,25.2,0.642,23.8,1.2,0.6
Jodie Meeks,2017,36.0,738.0,13.1,0.567,19.4,-1.8,0.1
Tomáš Satoranský,2017,57.0,719.0,8.5,0.477,12.1,-2.4,-0.1
Anthony Morrow,2017,49.0,714.0,10.1,0.505,16.4,-2.3,0.0
Anthony Morrow,2017,40.0,627.0,9.2,0.491,16.3,-2.8,-0.1
Anthony Morrow,2017,9.0,87.0,16.0,0.606,17.0,1.5,0.1
Alan Williams,2017,47.0,708.0,19.5,0.547,20.9,-1.3,0.1
Trey Burke,2017,57.0,703.0,10.8,0.532,19.6,-3.0,-0.2
Rodney Stuckey,2017,39.0,696.0,9.5,0.483,22.2,-4.4,-0.4
Kris Humphries,2017,56.0,689.0,13.6,0.514,17.6,-2.0,0.0
Roy Hibbert,2017,48.0,682.0,13.5,0.614,14.0,-2.3,0.0
Roy Hibbert,2017,42.0,671.0,13.5,0.613,14.0,-2.4,-0.1
Roy Hibbert,2017,6.0,11.0,16.3,0.667,15.5,-0.5,0.0
Chandler Parsons,2017,34.0,675.0,7.7,0.436,17.8,-3.8,-0.3
Alec Burks,2017,42.0,653.0,11.6,0.501,22.7,-2.3,0.0
Omri Casspi,2017,36.0,643.0,10.0,0.526,14.4,-3.2,-0.2
Omri Casspi,2017,22.0,397.0,11.4,0.511,16.3,-2.6,-0.1
Omri Casspi,2017,1.0,24.0,10.0,0.667,20.3,-5.3,0.0
Omri Casspi,2017,13.0,222.0,7.5,0.542,10.3,-3.9,-0.1
Darrell Arthur,2017,41.0,639.0,12.8,0.583,17.3,-0.1,0.3
Jakob Poeltl,2017,54.0,626.0,12.2,0.589,12.1,-3.1,-0.2
Justise Winslow,2017,18.0,625.0,8.2,0.399,19.8,-3.8,-0.3
Skal Labissière,2017,33.0,612.0,16.8,0.577,21.3,-2.3,0.0
Ivica Zubac,2017,38.0,609.0,17.0,0.547,20.3,-1.7,0.0
Isaiah Canaan,2017,39.0,592.0,8.1,0.483,15.4,-3.3,-0.2
Tyler Ennis,2017,53.0,588.0,10.9,0.521,19.1,-3.2,-0.2
Tyler Ennis,2017,31.0,196.0,4.0,0.444,19.3,-8.0,-0.3
Tyler Ennis,2017,22.0,392.0,14.3,0.553,19.0,-0.8,0.1
Alexis Ajinça,2017,39.0,584.0,12.9,0.529,17.2,-3.3,-0.2
Andrew Bogut,2017,27.0,583.0,9.3,0.46,10.4,-2.6,-0.1
Andrew Bogut,2017,26.0,582.0,9.4,0.46,10.4,-2.5,-0.1
Andrew Bogut,2017,1.0,1.0,-35.3,,0.0,-45.0,0.0
Brandon Bass,2017,52.0,577.0,19.7,0.65,19.7,0.4,0.4
Marcus Thornton,2017,33.0,575.0,10.4,0.494,18.7,-2.4,-0.1
Dragan Bender,2017,43.0,574.0,5.3,0.44,14.4,-5.1,-0.4
Thon Maker,2017,57.0,562.0,14.0,0.558,17.8,-2.0,0.0
Thomas Robinson,2017,48.0,560.0,17.3,0.535,20.7,-2.1,0.0
Beno Udrih,2017,39.0,560.0,16.2,0.535,19.6,0.3,0.3
Kevin Séraphin,2017,49.0,559.0,14.4,0.559,19.0,-3.4,-0.2
Jarell Martin,2017,42.0,558.0,8.7,0.477,16.4,-5.8,-0.5
Quincy Acy,2017,38.0,558.0,11.8,0.565,16.8,-2.1,0.0
Quincy Acy,2017,6.0,48.0,-1.4,0.355,20.0,-14.3,-0.1
Quincy Acy,2017,32.0,510.0,13.1,0.587,16.5,-0.9,0.1
Troy Williams,2017,30.0,557.0,9.0,0.511,17.1,-3.8,-0.3
Troy Williams,2017,24.0,418.0,7.8,0.474,17.4,-4.4,-0.3
Troy Williams,2017,6.0,139.0,12.8,0.616,16.2,-1.9,0.0
Ian Mahinmi,2017,31.0,555.0,14.1,0.601,14.0,-1.4,0.1
Derrick Jones Jr.,2017,32.0,545.0,12.0,0.604,11.7,-2.3,0.0
José Calderón,2017,41.0,539.0,8.9,0.506,14.4,-3.2,-0.2
José Calderón,2017,24.0,292.0,9.1,0.508,15.3,-3.6,-0.1
José Calderón,2017,17.0,247.0,8.7,0.504,13.3,-2.8,0.0
Gerald Green,2017,47.0,538.0,11.9,0.524,22.7,-3.0,-0.1
Cole Aldrich,2017,62.0,531.0,12.7,0.549,9.4,-0.8,0.2
Tyler Zeller,2017,51.0,525.0,13.0,0.508,16.5,-2.4,0.0
Nicolás Brussino,2017,54.0,521.0,10.7,0.498,16.0,-1.6,0.1
Shabazz Napier,2017,53.0,512.0,13.6,0.533,21.2,-0.4,0.2
K.J. McDaniels,2017,49.0,505.0,11.5,0.555,18.1,-2.3,0.0
K.J. McDaniels,2017,29.0,212.0,10.2,0.552,16.4,-2.9,-0.1
K.J. McDaniels,2017,20.0,293.0,12.5,0.556,19.3,-1.9,0.0
Miles Plumlee,2017,45.0,484.0,8.4,0.518,13.1,-5.0,-0.4
Miles Plumlee,2017,32.0,310.0,8.0,0.492,15.5,-5.4,-0.3
Miles Plumlee,2017,13.0,174.0,9.0,0.602,8.7,-4.4,-0.1
Ömer Aşık,2017,31.0,482.0,9.8,0.517,8.8,-3.7,-0.2
Donatas Motiejūnas,2017,34.0,479.0,9.1,0.47,17.6,-4.3,-0.3
Okaro White,2017,35.0,471.0,7.5,0.507,10.8,-3.1,-0.1
Reggie Bullock,2017,31.0,467.0,11.7,0.538,13.4,0.3,0.3
Cameron Payne,2017,31.0,462.0,5.5,0.407,20.9,-6.1,-0.5
Cameron Payne,2017,20.0,320.0,6.1,0.402,19.6,-5.3,-0.3
Cameron Payne,2017,11.0,142.0,4.0,0.417,23.9,-7.7,-0.2
Luis Scola,2017,36.0,461.0,13.9,0.55,18.7,-2.9,-0.1
Rashad Vaughn,2017,41.0,458.0,7.8,0.449,17.2,-3.6,-0.2
James Michael McAdoo,2017,52.0,457.0,13.1,0.543,14.6,-1.8,0.0
Kevon Looney,2017,53.0,447.0,13.6,0.553,13.4,-1.7,0.0
Brandan Wright,2017,28.0,447.0,18.6,0.628,16.3,1.7,0.4
Delon Wright,2017,27.0,446.0,15.0,0.535,16.6,2.0,0.5
Jordan Crawford,2017,19.0,442.0,17.6,0.582,25.5,1.3,0.4
Jeff Withey,2017,51.0,432.0,18.8,0.588,14.9,1.4,0.4
Brian Roberts,2017,41.0,416.0,9.8,0.51,17.9,-4.2,-0.2
Sasha Vujačić,2017,42.0,408.0,8.6,0.423,17.3,-3.2,-0.1
Wade Baldwin,2017,33.0,405.0,6.5,0.404,19.1,-5.5,-0.3
David Nwaba,2017,20.0,397.0,12.2,0.611,11.8,-2.2,0.0
Toney Douglas,2017,24.0,394.0,10.6,0.451,17.4,-1.5,0.1
Kay Felder,2017,42.0,386.0,11.4,0.462,24.2,-2.4,0.0
Kyle Singler,2017,32.0,385.0,5.9,0.486,11.2,-4.3,-0.2
Jordan McRae,2017,37.0,384.0,9.7,0.488,20.8,-3.7,-0.2
James Jones,2017,48.0,381.0,11.1,0.655,13.0,-0.3,0.2
Darrun Hilliard,2017,39.0,381.0,5.9,0.459,19.3,-6.0,-0.4
Josh McRoberts,2017,22.0,381.0,9.8,0.439,16.9,-1.6,0.0
DeAndre' Bembry,2017,38.0,371.0,8.8,0.481,14.2,-3.5,-0.1
Lance Stephenson,2017,18.0,361.0,9.6,0.485,18.7,-4.0,-0.2
Lance Stephenson,2017,6.0,162.0,10.3,0.496,19.0,-3.6,-0.1
Lance Stephenson,2017,6.0,67.0,6.6,0.48,17.1,-7.3,-0.1
Lance Stephenson,2017,6.0,132.0,10.3,0.474,19.1,-2.7,0.0
Georgios Papagiannis,2017,22.0,355.0,12.7,0.573,16.9,-3.8,-0.2
Raul Neto,2017,40.0,346.0,10.7,0.527,14.8,-0.1,0.2
Andrew Nicholson,2017,38.0,342.0,5.9,0.427,17.0,-6.0,-0.3
Andrew Nicholson,2017,28.0,231.0,6.3,0.425,17.6,-5.6,-0.2
Andrew Nicholson,2017,10.0,111.0,5.0,0.43,15.8,-6.8,-0.1
Maurice Ndour,2017,32.0,331.0,11.3,0.503,14.3,-2.8,-0.1
Dejounte Murray,2017,38.0,322.0,9.6,0.503,23.5,-4.8,-0.2
Pat Connaughton,2017,39.0,316.0,11.8,0.645,13.0,-0.7,0.1
Damjan Rudež,2017,45.0,314.0,6.3,0.466,13.6,-4.5,-0.2
Alan Anderson,2017,30.0,308.0,5.0,0.494,13.7,-6.1,-0.3
Chasson Randle,2017,26.0,299.0,13.6,0.586,19.7,-1.7,0.0
Chasson Randle,2017,8.0,74.0,17.7,0.671,20.1,2.9,0.1
Chasson Randle,2017,18.0,225.0,12.3,0.555,19.6,-3.2,-0.1
Fred VanVleet,2017,37.0,294.0,10.5,0.443,20.6,-2.1,0.0
Boban Marjanović,2017,35.0,293.0,29.6,0.606,25.3,5.5,0.6
Sheldon Mac,2017,30.0,287.0,10.1,0.518,14.0,-2.3,0.0
Bryn Forbes,2017,36.0,285.0,5.9,0.462,17.9,-5.4,-0.2
Paul Pierce,2017,25.0,277.0,5.7,0.535,14.8,-4.7,-0.2
Anthony Bennett,2017,23.0,264.0,14.7,0.533,19.4,-1.4,0.0
Jake Layman,2017,35.0,249.0,4.9,0.404,19.0,-6.4,-0.3
Deyonta Davis,2017,36.0,238.0,10.6,0.528,12.0,-4.6,-0.2
Marcelo Huertas,2017,23.0,237.0,9.1,0.417,17.0,-4.6,-0.2
Wayne Selden,2017,14.0,236.0,6.9,0.525,15.3,-5.5,-0.2
Wayne Selden,2017,3.0,47.0,10.0,0.82,12.0,-1.8,0.0
Wayne Selden,2017,11.0,189.0,6.2,0.475,16.1,-6.5,-0.2
Shawn Long,2017,18.0,234.0,24.1,0.595,25.4,1.2,0.2
Jonathan Gibson,2017,17.0,231.0,9.5,0.492,26.3,-3.7,-0.1
James Young,2017,29.0,220.0,10.0,0.549,13.3,-1.3,0.0
Rakeem Christmas,2017,29.0,219.0,10.4,0.529,13.1,-5.0,-0.2
Archie Goodwin,2017,15.0,214.0,18.7,0.651,19.8,1.9,0.2
Archie Goodwin,2017,3.0,30.0,19.7,0.798,13.9,3.3,0.0
Archie Goodwin,2017,12.0,184.0,18.6,0.633,20.7,1.6,0.2
Briante Weber,2017,20.0,205.0,11.0,0.462,16.3,-3.7,-0.1
Briante Weber,2017,7.0,46.0,5.9,0.392,17.2,-8.4,-0.1
Briante Weber,2017,13.0,159.0,12.5,0.483,16.1,-2.3,0.0
Cheick Diallo,2017,17.0,199.0,16.8,0.51,20.5,-3.7,-0.1
Malachi Richardson,2017,22.0,198.0,9.6,0.517,19.3,-4.8,-0.1
Mike Scott,2017,18.0,195.0,5.9,0.36,15.8,-5.5,-0.2
Treveon Graham,2017,27.0,189.0,10.6,0.612,11.8,-1.0,0.1
Quinn Cook,2017,14.0,188.0,11.8,0.579,19.6,-3.1,-0.1
Quinn Cook,2017,5.0,77.0,6.9,0.522,20.7,-6.2,-0.1
Quinn Cook,2017,9.0,111.0,15.3,0.614,18.9,-1.0,0.0
Nicolás Laprovíttola,2017,18.0,174.0,8.4,0.579,18.2,-3.9,-0.1
Marshall Plumlee,2017,21.0,170.0,10.9,0.521,12.8,-4.6,-0.1
Malik Beasley,2017,22.0,165.0,13.7,0.536,22.0,-0.6,0.1
A.J. Hammons,2017,22.0,163.0,8.4,0.472,17.6,-6.6,-0.2
Metta World Peace,2017,25.0,160.0,6.5,0.38,21.9,-6.1,-0.2
Anthony Brown,2017,11.0,159.0,7.2,0.43,15.6,-4.4,-0.1
Anthony Brown,2017,9.0,143.0,5.9,0.415,14.2,-4.5,-0.1
Anthony Brown,2017,2.0,16.0,18.5,0.5,27.5,-3.2,0.0
Alex Poythress,2017,6.0,157.0,13.2,0.548,16.9,-2.9,0.0
Mike Miller,2017,20.0,151.0,7.6,0.586,10.4,-1.5,0.0
Henry Ellenson,2017,19.0,146.0,7.5,0.444,24.7,-5.9,-0.1
Jordan Mickey,2017,25.0,141.0,9.8,0.473,15.5,-4.7,-0.1
Joe Young,2017,33.0,135.0,11.4,0.433,27.8,-5.2,-0.1
Adreian Payne,2017,18.0,135.0,14.4,0.505,23.1,-2.3,0.0
Ronnie Price,2017,14.0,134.0,5.9,0.272,9.0,-3.4,0.0
Udonis Haslem,2017,16.0,130.0,8.8,0.524,12.8,-5.3,-0.1
Nick Collison,2017,20.0,128.0,12.9,0.622,10.1,-0.2,0.1
Norris Cole,2017,13.0,125.0,5.4,0.381,21.5,-6.7,-0.1
Bobby Brown,2017,25.0,123.0,10.8,0.509,22.7,-3.6,0.0
Joel Anthony,2017,19.0,122.0,11.6,0.64,8.7,-2.1,0.0
Jared Sullinger,2017,11.0,118.0,6.0,0.366,20.7,-7.2,-0.2
Jarrod Uthoff,2017,9.0,115.0,13.9,0.487,18.1,-2.2,0.0
Chris Andersen,2017,12.0,114.0,11.6,0.497,13.0,-2.5,0.0
Ryan Kelly,2017,16.0,110.0,7.8,0.408,13.7,-3.1,0.0
C.J. Wilcox,2017,22.0,108.0,2.9,0.329,15.4,-8.1,-0.2
Stephen Zimmerman,2017,19.0,108.0,7.3,0.346,14.8,-8.3,-0.2
Christian Wood,2017,13.0,107.0,15.1,0.591,15.4,-2.6,0.0
Gary Payton II,2017,6.0,99.0,4.5,0.413,15.8,-6.5,-0.1
Georges Niang,2017,23.0,93.0,0.1,0.285,20.2,-11.7,-0.2
Anderson Varejão,2017,14.0,92.0,9.4,0.478,12.6,-4.2,-0.1
Alonzo Gee,2017,13.0,89.0,3.1,0.306,10.5,-6.7,-0.1
Damian Jones,2017,10.0,85.0,5.3,0.466,13.4,-9.7,-0.2
Pierre Jackson,2017,8.0,84.0,13.0,0.416,25.3,-4.4,-0.1
Tim Quarterman,2017,16.0,80.0,10.2,0.511,22.8,-2.8,0.0
Chris McCullough,2017,16.0,80.0,15.2,0.526,19.9,-3.6,0.0
Chris McCullough,2017,14.0,72.0,16.8,0.541,20.4,-3.0,0.0
Chris McCullough,2017,2.0,8.0,1.1,0.266,15.7,-9.1,0.0
Johnny O'Bryant,2017,11.0,80.0,14.9,0.582,21.1,-2.4,0.0
Johnny O'Bryant,2017,7.0,46.0,14.4,0.597,18.3,-1.6,0.0
Johnny O'Bryant,2017,4.0,34.0,15.5,0.567,25.0,-3.5,0.0
Reggie Williams,2017,6.0,79.0,11.7,0.518,14.6,-0.8,0.0
Tiago Splitter,2017,8.0,76.0,15.0,0.544,23.9,-4.3,0.0
Daniel Ochefu,2017,19.0,75.0,6.6,0.43,18.0,-8.4,-0.1
Jerryd Bayless,2017,3.0,71.0,8.7,0.453,27.7,-4.4,0.0
Jarell Eddie,2017,5.0,62.0,9.7,0.523,16.2,-2.4,0.0
Joel Bolomboy,2017,12.0,53.0,19.7,0.59,18.2,3.4,0.1
Chinanu Onuaku,2017,5.0,52.0,12.3,0.799,10.4,-1.5,0.0
Isaiah Taylor,2017,4.0,52.0,0.3,0.19,6.4,-7.8,-0.1
Marcus Georges-Hunt,2017,5.0,48.0,10.2,0.614,12.3,-4.5,0.0
Jordan Hill,2017,7.0,47.0,5.5,0.432,16.8,-12.3,-0.1
Axel Toupane,2017,4.0,47.0,6.2,0.611,8.5,-6.2,-0.1
Axel Toupane,2017,2.0,6.0,-9.9,0.0,7.6,-18.8,0.0
Axel Toupane,2017,2.0,41.0,8.6,0.688,8.6,-4.4,0.0
Kyle Wiltjer,2017,14.0,44.0,6.7,0.437,19.1,-5.4,0.0
Patricio Garino,2017,5.0,43.0,-9.2,0.0,10.2,-17.9,-0.2
Bruno Caboclo,2017,9.0,40.0,14.6,0.438,20.1,1.0,0.0
Lamar Patterson,2017,5.0,40.0,-1.9,0.276,22.2,-11.4,-0.1
Greivis Vásquez,2017,3.0,39.0,4.1,0.376,11.3,-5.5,0.0
Jordan Farmar,2017,2.0,35.0,14.4,0.5,19.4,2.1,0.0
Jarrett Jack,2017,2.0,33.0,7.7,0.773,9.2,-1.4,0.0
Michael Gbinije,2017,9.0,32.0,-2.1,0.184,15.0,-12.1,-0.1
Justin Harper,2017,3.0,31.0,4.9,0.5,22.4,-10.3,-0.1
Josh Huestis,2017,2.0,31.0,26.1,0.612,15.7,8.8,0.1
Arinze Onuaku,2017,8.0,28.0,5.8,0.5,9.4,-6.4,0.0
Edy Tavares,2017,2.0,28.0,21.3,0.633,13.2,3.3,0.0
Edy Tavares,2017,1.0,4.0,13.1,0.532,20.5,-1.1,0.0
Edy Tavares,2017,1.0,24.0,22.6,0.676,12.0,4.1,0.0
Manny Harris,2017,4.0,25.0,-2.2,0.239,35.4,-14.8,-0.1
Mike Tobey,2017,2.0,25.0,-0.1,0.25,9.0,-9.5,0.0
Diamond Stone,2017,7.0,24.0,-1.2,0.339,31.3,-20.8,-0.1
Elijah Millsap,2017,2.0,23.0,-3.4,0.19,18.0,-19.0,-0.1
Steve Novak,2017,8.0,22.0,1.3,0.357,14.5,-11.2,-0.1
Gary Neal,2017,2.0,18.0,-4.3,0.228,21.2,-15.9,-0.1
Aaron Harrison,2017,5.0,17.0,-2.2,0.102,12.9,-11.8,0.0
Demetrius Jackson,2017,5.0,17.0,30.8,0.753,17.3,9.8,0.1
Larry Sanders,2017,5.0,13.0,6.5,0.41,23.6,-15.0,0.0
John Jenkins,2017,4.0,13.0,17.3,0.595,18.9,2.2,0.0
Dahntay Jones,2017,1.0,12.0,14.7,0.461,39.9,-4.8,0.0
John Lucas III,2017,5.0,11.0,9.1,0.25,16.1,3.1,0.0
Ben Bentil,2017,3.0,10.0,-17.6,0.0,18.9,-25.9,-0.1
R.J. Hunter,2017,3.0,9.0,-3.2,0.0,4.8,-9.0,0.0
Brice Johnson,2017,3.0,9.0,17.2,0.286,39.8,-2.0,0.0
Jarnell Stokes,2017,2.0,7.0,31.5,0.798,11.4,16.8,0.0
Danuel House Jr.,2017,1.0,1.0,12.2,,0.0,0.9,0.0
League Average,2017,,,,0.552,19.9,,
LeBron James,2018,82.0,3026.0,28.6,0.621,31.6,8.7,8.2
Khris Middleton,2018,82.0,2982.0,17.4,0.577,24.6,0.0,1.5
Andrew Wiggins,2018,82.0,2979.0,13.0,0.505,23.4,-2.4,-0.3
Bradley Beal,2018,82.0,2977.0,18.4,0.564,27.6,2.2,3.1
Jrue Holiday,2018,81.0,2927.0,17.8,0.57,23.1,1.6,2.7
CJ McCollum,2018,81.0,2923.0,16.9,0.536,26.5,1.2,2.4
Karl-Anthony Towns,2018,82.0,2918.0,24.9,0.646,22.9,5.1,5.2
Russell Westbrook,2018,80.0,2914.0,24.7,0.524,34.1,6.3,6.1
Paul George,2018,79.0,2891.0,18.7,0.57,25.7,2.9,3.6
Giannis Antetokounmpo,2018,75.0,2756.0,27.3,0.598,31.2,6.2,5.7
Kemba Walker,2018,80.0,2736.0,20.6,0.572,27.4,4.0,4.2
Ben Simmons,2018,81.0,2732.0,20.0,0.557,22.3,4.5,4.5
Anthony Davis,2018,75.0,2727.0,28.9,0.612,30.0,6.7,5.9
Taj Gibson,2018,82.0,2726.0,15.4,0.61,14.7,-0.5,1.0
DeMar DeRozan,2018,80.0,2711.0,21.0,0.555,29.6,2.8,3.2
Josh Richardson,2018,81.0,2689.0,13.6,0.551,18.2,0.7,1.8
Will Barton,2018,81.0,2683.0,16.2,0.562,20.7,1.1,2.1
Damian Lillard,2018,73.0,2670.0,25.2,0.594,30.6,7.2,6.3
Tobias Harris,2018,80.0,2668.0,17.1,0.565,23.3,1.9,2.6
Tobias Harris,2018,48.0,1563.0,16.7,0.564,23.2,1.7,1.5
Tobias Harris,2018,32.0,1105.0,17.7,0.565,23.5,2.1,1.2
Donovan Mitchell,2018,79.0,2638.0,16.7,0.541,29.1,1.2,2.2
Harrison Barnes,2018,77.0,2634.0,15.8,0.539,25.2,-0.5,1.0
Andre Drummond,2018,78.0,2625.0,22.9,0.555,21.2,3.2,3.4
Thaddeus Young,2018,81.0,2607.0,14.8,0.528,17.3,0.2,1.4
Lou Williams,2018,79.0,2589.0,20.2,0.574,29.8,2.3,2.8
E'Twaun Moore,2018,82.0,2586.0,12.1,0.593,16.1,-1.6,0.3
Joe Ingles,2018,82.0,2578.0,14.4,0.623,15.9,2.3,2.8
Jamal Murray,2018,81.0,2565.0,16.1,0.576,22.8,-0.3,1.1
Victor Oladipo,2018,75.0,2552.0,23.1,0.577,30.1,5.8,5.0
James Harden,2018,72.0,2551.0,29.8,0.619,36.1,9.9,7.7
Robert Covington,2018,80.0,2532.0,12.9,0.563,17.2,1.5,2.3
Kyle Lowry,2018,78.0,2510.0,19.5,0.598,21.7,5.2,4.5
LaMarcus Aldridge,2018,75.0,2509.0,25.0,0.57,29.1,3.9,3.7
Klay Thompson,2018,73.0,2506.0,16.0,0.598,23.7,-0.4,1.0
Carmelo Anthony,2018,78.0,2501.0,12.7,0.503,23.2,-1.9,0.0
Steven Adams,2018,76.0,2487.0,20.6,0.63,16.7,1.1,2.0
Taurean Prince,2018,82.0,2464.0,12.8,0.549,22.1,-1.1,0.6
Bojan Bogdanović,2018,80.0,2464.0,13.9,0.605,19.0,-0.7,0.8
Dwight Howard,2018,81.0,2463.0,20.5,0.577,24.2,-0.1,1.2
Kentavious Caldwell-Pope,2018,74.0,2458.0,13.2,0.561,16.9,0.3,1.4
Jayson Tatum,2018,80.0,2443.0,15.2,0.586,19.4,1.2,2.0
Nikola Jokić,2018,75.0,2443.0,24.4,0.603,24.2,6.9,5.5
Otto Porter Jr.,2018,77.0,2432.0,18.3,0.602,18.4,3.5,3.4
DeAndre Jordan,2018,77.0,2424.0,20.2,0.648,15.2,1.4,2.1
Marc Gasol,2018,73.0,2408.0,17.4,0.532,25.6,2.3,2.7
Kyle Kuzma,2018,77.0,2401.0,14.2,0.549,22.5,-0.7,0.8
Goran Dragić,2018,75.0,2378.0,16.6,0.543,25.7,0.3,1.4
Dillon Brooks,2018,82.0,2350.0,9.8,0.531,18.5,-4.0,-1.2
Wilson Chandler,2018,74.0,2346.0,10.9,0.542,14.3,-2.1,-0.1
Kevin Durant,2018,68.0,2325.0,26.0,0.64,30.4,7.3,5.5
Eric Bledsoe,2018,74.0,2322.0,19.7,0.582,26.1,2.5,2.6
Eric Bledsoe,2018,3.0,83.0,13.0,0.509,28.7,-3.2,0.0
Eric Bledsoe,2018,71.0,2239.0,20.0,0.585,26.0,2.8,2.7
Jeff Teague,2018,70.0,2311.0,16.4,0.553,20.6,0.4,1.4
Dario Šarić,2018,78.0,2310.0,15.8,0.582,20.9,1.3,1.9
Courtney Lee,2018,76.0,2310.0,13.0,0.564,16.9,-0.3,1.0
Spencer Dinwiddie,2018,80.0,2306.0,15.9,0.527,20.3,0.6,1.5
Gary Harris,2018,67.0,2304.0,16.5,0.597,20.8,0.8,1.7
Draymond Green,2018,70.0,2287.0,16.1,0.556,17.2,2.8,2.8
Yogi Ferrell,2018,82.0,2282.0,11.4,0.54,17.0,-1.4,0.4
P.J. Tucker,2018,82.0,2281.0,8.3,0.537,10.5,-1.1,0.5
Al Horford,2018,72.0,2277.0,17.6,0.575,18.4,4.4,3.7
Trevor Ariza,2018,67.0,2269.0,11.8,0.567,14.4,0.7,1.5
Justin Holiday,2018,72.0,2265.0,10.8,0.513,18.2,-1.9,0.0
Ricky Rubio,2018,77.0,2254.0,15.4,0.537,22.9,0.7,1.6
J.R. Smith,2018,80.0,2244.0,8.4,0.534,13.8,-3.0,-0.6
Kelly Oubre Jr.,2018,81.0,2231.0,11.9,0.534,19.4,-1.7,0.2
Cory Joseph,2018,82.0,2210.0,11.0,0.503,14.8,-1.5,0.3
Allen Crabbe,2018,75.0,2197.0,12.3,0.558,19.0,-0.7,0.7
Julius Randle,2018,82.0,2190.0,19.9,0.606,25.3,0.6,1.4
DeMarre Carroll,2018,73.0,2180.0,14.3,0.55,19.8,0.2,1.2
Bogdan Bogdanović,2018,78.0,2175.0,13.5,0.556,19.6,-1.5,0.3
Jimmy Butler,2018,59.0,2164.0,23.7,0.59,24.9,5.8,4.2
Eric Gordon,2018,69.0,2154.0,15.2,0.578,24.7,0.4,1.3
Derrick Favors,2018,77.0,2153.0,18.8,0.593,18.5,1.5,1.9
Jaylen Brown,2018,70.0,2152.0,13.6,0.562,21.4,-0.5,0.8
T.J. Warren,2018,65.0,2142.0,17.6,0.541,24.9,-0.7,0.7
Wesley Matthews,2018,63.0,2131.0,11.4,0.541,17.6,-0.9,0.6
JJ Redick,2018,70.0,2116.0,15.9,0.614,21.7,1.1,1.7
Patty Mills,2018,82.0,2107.0,11.8,0.558,17.8,-1.0,0.5
Denzel Valentine,2018,77.0,2095.0,12.1,0.527,17.5,-1.0,0.5
Serge Ibaka,2018,76.0,2093.0,14.7,0.574,19.4,-0.1,1.0
Jae Crowder,2018,80.0,2090.0,10.4,0.525,17.3,-2.5,-0.3
Jae Crowder,2018,53.0,1346.0,10.2,0.545,15.1,-3.0,-0.3
Jae Crowder,2018,27.0,744.0,10.8,0.499,21.3,-1.7,0.1
Jusuf Nurkić,2018,79.0,2088.0,19.2,0.528,26.4,0.0,1.1
Dennis Schröder,2018,67.0,2078.0,17.3,0.515,30.4,-0.6,0.7
Marcin Gortat,2018,82.0,2075.0,14.7,0.546,15.5,-0.6,0.8
Al-Farouq Aminu,2018,69.0,2072.0,12.0,0.522,14.8,0.4,1.3
Dragan Bender,2018,82.0,2069.0,7.1,0.524,12.7,-3.7,-0.9
Terry Rozier,2018,80.0,2068.0,15.1,0.52,20.4,2.1,2.1
Austin Rivers,2018,61.0,2057.0,12.6,0.526,20.6,-1.2,0.4
Tony Snell,2018,75.0,2053.0,8.5,0.578,10.6,-2.3,-0.1
Tyler Johnson,2018,72.0,2052.0,13.0,0.549,18.6,-0.3,0.9
Dennis Smith Jr.,2018,69.0,2049.0,12.8,0.473,28.9,-2.4,-0.2
Willie Cauley-Stein,2018,73.0,2044.0,17.6,0.529,21.8,-0.1,1.0
Ish Smith,2018,82.0,2043.0,15.4,0.525,20.8,0.0,1.0
Wayne Ellington,2018,77.0,2041.0,12.5,0.588,17.3,0.4,1.2
Evan Turner,2018,79.0,2034.0,9.8,0.52,15.6,-2.5,-0.3
Clint Capela,2018,74.0,2034.0,24.5,0.65,19.4,3.4,2.8
Jonathon Simmons,2018,69.0,2029.0,12.7,0.555,22.0,-3.1,-0.5
De'Aaron Fox,2018,73.0,2026.0,11.2,0.478,23.4,-4.2,-1.1
Buddy Hield,2018,80.0,2024.0,16.1,0.557,24.3,1.0,1.5
Lauri Markkanen,2018,68.0,2020.0,15.6,0.552,21.9,-0.2,0.9
Darren Collison,2018,69.0,2018.0,18.8,0.61,17.4,2.7,2.4
Marvin Williams,2018,78.0,2006.0,13.9,0.603,14.8,1.0,1.5
Nicolas Batum,2018,64.0,1981.0,14.4,0.523,18.3,0.4,1.2
Kyle Anderson,2018,74.0,1978.0,15.9,0.582,13.5,2.9,2.4
Joe Harris,2018,78.0,1975.0,13.3,0.634,16.6,0.1,1.0
Brandon Ingram,2018,59.0,1975.0,13.8,0.536,22.2,-1.2,0.4
John Henson,2018,76.0,1970.0,15.7,0.582,15.0,-0.9,0.5
Blake Griffin,2018,58.0,1970.0,19.6,0.544,28.9,3.4,2.7
Blake Griffin,2018,33.0,1139.0,20.4,0.553,29.3,3.4,1.6
Blake Griffin,2018,25.0,831.0,18.5,0.531,28.4,3.4,1.1
Markieff Morris,2018,73.0,1968.0,13.2,0.566,19.5,-1.3,0.4
Jeremy Lamb,2018,80.0,1967.0,17.0,0.559,22.4,1.6,1.8
Josh Jackson,2018,77.0,1959.0,11.8,0.48,26.0,-4.2,-1.1
Marco Belinelli,2018,80.0,1947.0,14.1,0.581,20.7,-0.5,0.8
Marco Belinelli,2018,52.0,1210.0,14.1,0.554,21.2,-0.2,0.5
Marco Belinelli,2018,28.0,737.0,14.2,0.628,19.8,-0.8,0.2
Darius Miller,2018,82.0,1944.0,9.3,0.617,12.8,-1.9,0.1
James Johnson,2018,73.0,1943.0,15.8,0.575,19.1,1.6,1.7
Kyrie Irving,2018,60.0,1931.0,25.0,0.61,31.0,7.3,4.5
Rondae Hollis-Jefferson,2018,68.0,1920.0,16.9,0.548,22.2,0.1,1.0
Joel Embiid,2018,63.0,1912.0,22.9,0.573,33.4,3.3,2.6
Aaron Gordon,2018,58.0,1909.0,16.5,0.53,24.7,0.3,1.1
Dirk Nowitzki,2018,77.0,1900.0,16.7,0.575,20.5,2.3,2.1
Stanley Johnson,2018,69.0,1894.0,9.0,0.48,16.4,-2.9,-0.4
Jordan Clarkson,2018,81.0,1888.0,16.4,0.542,26.5,0.1,1.0
Jordan Clarkson,2018,53.0,1256.0,16.9,0.532,27.7,0.8,0.9
Jordan Clarkson,2018,28.0,632.0,15.4,0.565,24.1,-1.3,0.1
Tim Hardaway Jr.,2018,57.0,1885.0,14.4,0.533,23.8,-0.6,0.7
Devin Booker,2018,54.0,1865.0,18.1,0.561,31.7,0.9,1.4
Caris LeVert,2018,71.0,1864.0,14.2,0.525,22.5,-0.8,0.6
Lance Stephenson,2018,82.0,1850.0,12.4,0.495,21.6,-1.8,0.1
Michael Kidd-Gilchrist,2018,74.0,1850.0,12.5,0.536,16.1,-2.1,-0.1
Chris Paul,2018,58.0,1847.0,24.4,0.604,24.5,7.1,4.2
Evan Fournier,2018,57.0,1837.0,15.5,0.577,23.3,-0.6,0.7
Myles Turner,2018,65.0,1836.0,16.6,0.567,20.0,-0.2,0.8
Frank Kaminsky,2018,79.0,1835.0,14.4,0.545,20.5,-0.2,0.8
Enes Freedom,2018,71.0,1830.0,24.0,0.63,21.8,2.2,1.9
Jeff Green,2018,78.0,1828.0,14.8,0.587,19.3,-1.8,0.1
Rudy Gobert,2018,56.0,1816.0,20.7,0.657,16.9,3.4,2.5
Pau Gasol,2018,77.0,1812.0,18.9,0.539,20.4,3.4,2.5
George Hill,2018,67.0,1812.0,13.3,0.58,16.3,-0.8,0.6
George Hill,2018,43.0,1143.0,14.0,0.597,16.9,-0.5,0.4
George Hill,2018,24.0,669.0,12.2,0.551,15.4,-1.2,0.1
Domantas Sabonis,2018,74.0,1810.0,17.5,0.567,22.1,-1.1,0.4
Elfrid Payton,2018,63.0,1808.0,16.5,0.538,21.9,-0.2,0.8
Elfrid Payton,2018,44.0,1257.0,18.1,0.564,21.8,1.1,1.0
Elfrid Payton,2018,19.0,551.0,13.1,0.481,22.1,-3.2,-0.2
Danny Green,2018,70.0,1791.0,11.3,0.509,16.6,0.4,1.1
Kent Bazemore,2018,65.0,1789.0,14.5,0.547,22.5,0.6,1.2
John Collins,2018,74.0,1785.0,18.3,0.62,17.9,-0.2,0.8
Lonzo Ball,2018,52.0,1780.0,12.5,0.444,17.4,1.0,1.3
Kelly Olynyk,2018,76.0,1779.0,17.8,0.612,21.7,2.3,1.9
Doug McDermott,2018,81.0,1768.0,10.4,0.579,15.0,-2.2,-0.1
Doug McDermott,2018,55.0,1172.0,9.9,0.562,14.4,-2.1,0.0
Doug McDermott,2018,26.0,596.0,11.5,0.611,16.3,-2.6,-0.1
D.J. Augustin,2018,75.0,1760.0,15.4,0.615,18.6,-0.2,0.8
Anthony Tolliver,2018,79.0,1757.0,13.9,0.663,14.8,0.9,1.3
Dejounte Murray,2018,81.0,1743.0,15.1,0.485,20.7,0.5,1.1
DeMarcus Cousins,2018,48.0,1737.0,22.6,0.583,31.9,4.7,2.9
Brook Lopez,2018,74.0,1735.0,16.5,0.557,23.5,0.9,1.3
Reggie Bullock,2018,62.0,1732.0,13.6,0.615,15.7,0.7,1.2
Ersan İlyasova,2018,69.0,1729.0,14.9,0.558,18.7,-0.6,0.6
Ersan İlyasova,2018,46.0,1175.0,15.1,0.569,18.0,-0.1,0.6
Ersan İlyasova,2018,23.0,554.0,14.6,0.537,20.1,-1.6,0.1
Jonas Valančiūnas,2018,77.0,1727.0,22.5,0.628,22.7,2.4,1.9
Ryan Anderson,2018,66.0,1725.0,12.6,0.592,14.4,0.1,0.9
Frank Ntilikina,2018,78.0,1706.0,7.0,0.437,16.9,-5.0,-1.3
T.J. McConnell,2018,76.0,1706.0,12.5,0.545,13.8,0.0,0.9
Rajon Rondo,2018,65.0,1705.0,15.3,0.522,16.9,-0.3,0.7
Robin Lopez,2018,64.0,1690.0,14.7,0.552,20.4,-2.2,-0.1
Jerian Grant,2018,74.0,1686.0,14.3,0.528,17.4,-1.3,0.3
Nikola Vučević,2018,57.0,1683.0,19.7,0.533,25.9,2.7,2.0
Justise Winslow,2018,68.0,1680.0,11.5,0.496,16.3,-1.1,0.4
Pascal Siakam,2018,81.0,1679.0,14.5,0.549,15.7,1.3,1.4
Dwight Powell,2018,79.0,1672.0,18.8,0.656,15.5,1.6,1.5
Jarell Martin,2018,73.0,1661.0,10.5,0.516,17.1,-4.0,-0.8
Tyler Ulis,2018,71.0,1658.0,10.1,0.465,18.5,-4.4,-1.0
Mario Hezonja,2018,75.0,1657.0,13.7,0.544,19.9,-0.5,0.6
Jamal Crawford,2018,80.0,1653.0,13.0,0.519,23.7,-2.3,-0.1
Michael Beasley,2018,74.0,1653.0,17.8,0.556,26.9,-0.2,0.7
Kevin Love,2018,59.0,1651.0,22.4,0.614,25.1,3.3,2.2
Jerami Grant,2018,81.0,1647.0,16.2,0.607,16.0,0.3,1.0
David Nwaba,2018,70.0,1646.0,12.2,0.542,15.6,-2.5,-0.2
Bobby Portis,2018,73.0,1643.0,19.7,0.548,26.0,0.8,1.2
Tomáš Satoranský,2018,73.0,1643.0,15.4,0.615,13.7,1.2,1.3
Stephen Curry,2018,51.0,1631.0,28.2,0.675,31.0,7.7,4.0
Troy Daniels,2018,79.0,1622.0,9.8,0.583,17.2,-2.6,-0.3
Andre Iguodala,2018,64.0,1622.0,11.2,0.536,11.5,-0.3,0.7
Rodney Hood,2018,60.0,1616.0,14.3,0.546,24.3,-0.1,0.8
Rodney Hood,2018,39.0,1084.0,15.1,0.551,27.3,0.5,0.7
Rodney Hood,2018,21.0,532.0,12.7,0.533,18.3,-1.5,0.1
Garrett Temple,2018,65.0,1615.0,10.3,0.536,16.4,-2.5,-0.2
Marcus Smart,2018,54.0,1614.0,10.8,0.479,19.4,-1.2,0.3
Tyreke Evans,2018,52.0,1607.0,21.1,0.561,28.4,4.5,2.6
James Ennis III,2018,72.0,1604.0,11.6,0.588,13.7,-1.2,0.3
James Ennis III,2018,45.0,1053.0,11.9,0.61,12.5,-0.6,0.4
James Ennis III,2018,27.0,551.0,11.2,0.558,16.0,-2.3,-0.1
J.J. Barea,2018,69.0,1603.0,17.8,0.545,24.9,1.2,1.3
Kyle Korver,2018,73.0,1574.0,13.4,0.652,16.0,0.2,0.9
Luc Mbah a Moute,2018,61.0,1564.0,10.3,0.595,12.8,-0.2,0.7
Dante Cunningham,2018,73.0,1562.0,10.0,0.539,11.6,-1.7,0.1
Dante Cunningham,2018,51.0,1115.0,8.4,0.525,10.0,-2.0,0.0
Dante Cunningham,2018,22.0,447.0,13.8,0.561,15.8,-0.9,0.1
Kristaps Porziņģis,2018,48.0,1553.0,20.4,0.539,31.0,1.8,1.5
Jarrett Jack,2018,62.0,1548.0,11.5,0.489,16.7,-2.8,-0.3
Dewayne Dedmon,2018,62.0,1542.0,15.8,0.599,17.0,0.1,0.8
JaMychal Green,2018,55.0,1542.0,14.0,0.53,17.8,-2.3,-0.1
Dwyane Wade,2018,67.0,1536.0,15.0,0.5,26.2,-1.0,0.4
Dwyane Wade,2018,46.0,1069.0,15.9,0.519,24.3,-0.2,0.5
Dwyane Wade,2018,21.0,467.0,13.1,0.465,30.7,-2.8,-0.1
Shabazz Napier,2018,74.0,1535.0,14.2,0.544,19.5,0.7,1.0
Marquese Chriss,2018,72.0,1527.0,11.1,0.509,18.1,-2.8,-0.3
Kris Dunn,2018,52.0,1525.0,14.5,0.488,24.7,-1.3,0.3
Jakob Poeltl,2018,82.0,1524.0,17.5,0.662,14.8,0.4,0.9
Fred VanVleet,2018,76.0,1520.0,15.9,0.556,19.1,2.4,1.7
Bryn Forbes,2018,80.0,1517.0,9.1,0.525,16.7,-3.1,-0.4
Zach Randolph,2018,59.0,1508.0,17.3,0.529,27.6,-1.0,0.4
Justin Jackson,2018,68.0,1506.0,9.2,0.521,14.2,-3.5,-0.6
Bismack Biyombo,2018,82.0,1495.0,14.1,0.556,14.9,-2.4,-0.2
Nikola Mirotić,2018,55.0,1494.0,18.7,0.577,23.4,2.2,1.6
Nikola Mirotić,2018,25.0,622.0,22.0,0.624,25.7,4.6,1.0
Nikola Mirotić,2018,30.0,872.0,16.3,0.539,21.8,0.5,0.5
Pat Connaughton,2018,82.0,1488.0,9.3,0.539,13.4,-1.8,0.1
Wesley Johnson,2018,74.0,1486.0,9.8,0.512,13.0,-0.7,0.5
Aron Baynes,2018,81.0,1485.0,12.0,0.502,16.8,-2.9,-0.3
OG Anunoby,2018,74.0,1481.0,10.0,0.587,12.4,-0.6,0.5
Ed Davis,2018,78.0,1471.0,15.5,0.607,12.1,-0.6,0.5
Tyus Jones,2018,82.0,1467.0,14.1,0.572,12.7,0.8,1.1
Luke Kennard,2018,73.0,1463.0,12.1,0.56,17.2,-0.8,0.5
Josh Hart,2018,63.0,1461.0,12.2,0.596,13.5,-0.1,0.7
Ian Clark,2018,74.0,1455.0,9.4,0.529,17.2,-3.5,-0.6
Marcus Morris,2018,54.0,1442.0,14.5,0.541,23.0,-0.1,0.7
Jarrett Allen,2018,72.0,1441.0,17.5,0.636,16.3,-0.8,0.5
Mason Plumlee,2018,74.0,1439.0,16.9,0.586,16.6,0.5,0.9
Malcolm Brogdon,2018,48.0,1436.0,14.3,0.578,19.1,-1.2,0.3
Delon Wright,2018,69.0,1433.0,16.5,0.574,17.2,3.3,1.9
Avery Bradley,2018,46.0,1433.0,9.6,0.496,23.5,-4.0,-0.7
Avery Bradley,2018,40.0,1268.0,9.7,0.497,24.4,-3.9,-0.6
Avery Bradley,2018,6.0,165.0,9.0,0.492,16.7,-4.4,-0.1
Mario Chalmers,2018,66.0,1421.0,10.4,0.503,19.6,-3.2,-0.4
Larry Nance Jr.,2018,66.0,1421.0,20.2,0.605,15.9,2.4,1.6
Larry Nance Jr.,2018,42.0,922.0,19.4,0.618,15.3,2.4,1.0
Larry Nance Jr.,2018,24.0,499.0,21.5,0.585,17.0,2.2,0.5
John Wall,2018,41.0,1410.0,19.1,0.515,29.1,3.0,1.8
Mike Scott,2018,76.0,1406.0,13.6,0.599,20.0,-1.7,0.1
Alex Len,2018,69.0,1395.0,19.4,0.612,17.0,0.3,0.8
Nick Young,2018,80.0,1393.0,10.0,0.562,17.5,-3.5,-0.5
Trey Lyles,2018,73.0,1391.0,17.9,0.591,21.1,1.3,1.1
Kosta Koufos,2018,71.0,1391.0,17.5,0.566,15.2,-0.4,0.6
Kyle O'Quinn,2018,77.0,1387.0,20.0,0.625,17.0,3.1,1.8
Nemanja Bjelica,2018,67.0,1371.0,12.6,0.581,14.3,0.1,0.7
Bam Adebayo,2018,69.0,1368.0,15.7,0.57,15.9,-0.4,0.6
Raymond Felton,2018,82.0,1365.0,13.0,0.494,20.4,-0.6,0.5
Shelvin Mack,2018,69.0,1365.0,13.3,0.518,17.6,-1.4,0.2
Hassan Whiteside,2018,54.0,1364.0,24.1,0.573,24.7,2.6,1.6
Quincy Acy,2018,70.0,1359.0,8.2,0.525,14.4,-2.5,-0.2
Lance Thomas,2018,73.0,1353.0,6.3,0.513,10.7,-3.7,-0.6
Devin Harris,2018,71.0,1340.0,13.0,0.563,20.2,-1.8,0.1
Devin Harris,2018,44.0,807.0,13.5,0.56,21.5,-1.0,0.2
Devin Harris,2018,27.0,533.0,12.4,0.568,18.2,-2.9,-0.1
C.J. Miles,2018,70.0,1337.0,13.0,0.545,22.3,0.3,0.8
Gorgui Dieng,2018,79.0,1333.0,14.7,0.543,16.3,-1.0,0.3
Andrew Harrison,2018,56.0,1326.0,12.7,0.534,19.6,-1.5,0.2
Manu Ginóbili,2018,65.0,1299.0,12.9,0.553,21.5,-1.3,0.2
Montrezl Harrell,2018,76.0,1293.0,24.7,0.647,23.8,3.3,1.7
Patrick Patterson,2018,82.0,1270.0,10.0,0.555,10.8,-0.2,0.6
Maurice Harkless,2018,59.0,1264.0,12.6,0.596,12.6,1.4,1.1
Emmanuel Mudiay,2018,64.0,1245.0,11.5,0.474,24.4,-3.9,-0.6
Emmanuel Mudiay,2018,42.0,752.0,12.3,0.504,24.8,-3.5,-0.3
Emmanuel Mudiay,2018,22.0,493.0,10.2,0.428,23.7,-4.6,-0.3
Skal Labissière,2018,60.0,1240.0,14.3,0.513,21.1,-2.7,-0.2
Thon Maker,2018,74.0,1238.0,10.2,0.499,14.6,-3.5,-0.5
D'Angelo Russell,2018,48.0,1234.0,15.2,0.509,30.8,-1.2,0.3
Rudy Gay,2018,57.0,1231.0,18.0,0.545,24.6,0.8,0.9
Corey Brewer,2018,72.0,1208.0,11.2,0.534,14.3,-1.3,0.2
Corey Brewer,2018,54.0,694.0,8.9,0.509,14.2,-3.1,-0.2
Corey Brewer,2018,18.0,514.0,14.2,0.565,14.4,1.1,0.4
Maxi Kleber,2018,72.0,1206.0,13.4,0.576,13.7,-0.5,0.5
Joe Johnson,2018,55.0,1205.0,8.1,0.49,15.9,-2.9,-0.3
Joe Johnson,2018,32.0,700.0,9.0,0.492,17.2,-2.6,-0.1
Joe Johnson,2018,23.0,505.0,6.8,0.485,14.1,-3.3,-0.2
Reggie Jackson,2018,45.0,1201.0,15.9,0.516,27.1,-0.4,0.5
Amir Johnson,2018,74.0,1171.0,14.9,0.575,12.8,1.0,0.9
Isaiah Taylor,2018,67.0,1167.0,10.9,0.492,20.1,-4.4,-0.7
Trevor Booker,2018,68.0,1158.0,14.9,0.557,16.6,-0.6,0.4
Trevor Booker,2018,18.0,395.0,15.4,0.536,21.8,-1.7,0.0
Trevor Booker,2018,33.0,494.0,14.5,0.618,12.6,0.7,0.3
Trevor Booker,2018,17.0,269.0,14.7,0.512,16.2,-1.1,0.1
Sindarius Thornwell,2018,73.0,1156.0,8.2,0.519,12.1,-2.4,-0.1
Tyson Chandler,2018,46.0,1151.0,14.2,0.658,10.6,-1.4,0.2
Semi Ojeleye,2018,73.0,1150.0,4.6,0.473,9.0,-4.7,-0.8
Royce O'Neale,2018,69.0,1150.0,10.8,0.54,14.6,-0.2,0.5
Ian Mahinmi,2018,77.0,1145.0,12.2,0.601,15.6,-4.4,-0.7
Paul Millsap,2018,38.0,1143.0,17.0,0.549,22.0,0.4,0.7
Álex Abrines,2018,75.0,1134.0,9.0,0.567,12.7,-1.5,0.1
Jonas Jerebko,2018,74.0,1134.0,13.2,0.586,15.6,0.1,0.6
Miloš Teodosić,2018,45.0,1134.0,11.6,0.564,18.2,-1.7,0.1
Shaun Livingston,2018,71.0,1129.0,11.6,0.533,16.7,-3.1,-0.3
Jodie Meeks,2018,77.0,1119.0,12.4,0.548,19.0,-1.1,0.3
Tyler Zeller,2018,66.0,1109.0,16.0,0.598,16.4,-1.4,0.2
Tyler Zeller,2018,42.0,703.0,15.3,0.587,17.9,-1.0,0.2
Tyler Zeller,2018,24.0,406.0,17.1,0.622,13.9,-2.1,0.0
Ben McLemore,2018,56.0,1091.0,9.7,0.526,19.0,-3.9,-0.5
Dāvis Bertāns,2018,77.0,1086.0,14.1,0.588,17.4,1.6,1.0
Tristan Thompson,2018,53.0,1072.0,13.6,0.569,12.6,-2.9,-0.2
Tony Parker,2018,55.0,1071.0,12.7,0.498,20.5,-3.3,-0.3
Norman Powell,2018,70.0,1062.0,8.5,0.492,18.9,-2.9,-0.3
Mike Muscala,2018,53.0,1060.0,14.4,0.597,15.7,0.3,0.6
Alec Burks,2018,64.0,1059.0,13.1,0.527,22.5,-0.9,0.3
Treveon Graham,2018,63.0,1050.0,9.0,0.553,11.3,-2.7,-0.2
Zach Collins,2018,66.0,1045.0,7.5,0.475,15.4,-4.3,-0.6
Greg Monroe,2018,51.0,1040.0,21.2,0.598,22.4,2.2,1.1
Greg Monroe,2018,5.0,79.0,11.1,0.489,23.3,-5.6,-0.1
Greg Monroe,2018,20.0,465.0,21.0,0.642,19.6,2.1,0.5
Greg Monroe,2018,26.0,496.0,23.0,0.58,24.9,3.6,0.7
Andre Roberson,2018,39.0,1037.0,10.9,0.543,8.6,-0.1,0.5
Vince Carter,2018,58.0,1026.0,10.8,0.523,14.7,-1.2,0.2
Wes Iwundu,2018,62.0,1020.0,7.8,0.48,11.6,-4.3,-0.6
Malcolm Delaney,2018,54.0,1014.0,10.6,0.519,16.9,-2.6,-0.1
Jameer Nelson,2018,50.0,1013.0,8.1,0.489,13.7,-3.3,-0.3
Jameer Nelson,2018,43.0,897.0,8.9,0.52,13.0,-2.6,-0.1
Jameer Nelson,2018,7.0,116.0,2.6,0.322,19.6,-8.4,-0.2
David West,2018,73.0,999.0,20.9,0.6,21.7,3.1,1.3
Frank Mason III,2018,52.0,984.0,13.0,0.48,22.6,-2.3,-0.1
Josh Huestis,2018,69.0,982.0,5.4,0.417,9.5,-3.9,-0.5
Cristiano Felício,2018,55.0,977.0,12.5,0.614,13.6,-3.9,-0.5
Tyler Dorsey,2018,56.0,974.0,10.0,0.494,20.0,-2.9,-0.2
Zaza Pachulia,2018,69.0,972.0,17.0,0.612,17.0,0.0,0.5
Patrick McCaw,2018,57.0,961.0,7.4,0.477,12.8,-4.1,-0.5
Deyonta Davis,2018,62.0,943.0,16.6,0.621,15.3,-1.5,0.1
Daniel Theis,2018,63.0,936.0,16.1,0.616,15.5,0.3,0.5
Gerald Green,2018,41.0,929.0,14.1,0.566,22.4,0.3,0.5
Jerryd Bayless,2018,39.0,925.0,7.5,0.546,15.1,-2.8,-0.2
Miles Plumlee,2018,55.0,918.0,10.6,0.574,12.8,-3.8,-0.4
Dion Waiters,2018,30.0,918.0,10.5,0.487,25.0,-3.5,-0.4
José Calderón,2018,57.0,914.0,11.3,0.643,11.6,-1.9,0.0
Kevon Looney,2018,66.0,910.0,14.8,0.588,12.5,-0.2,0.4
Sam Dekker,2018,73.0,883.0,11.5,0.534,15.5,-2.9,-0.2
Noah Vonleh,2018,54.0,875.0,12.8,0.509,14.5,-1.3,0.2
Noah Vonleh,2018,33.0,476.0,12.0,0.543,11.5,-0.9,0.1
Noah Vonleh,2018,21.0,399.0,13.9,0.484,18.1,-1.7,0.0
Langston Galloway,2018,58.0,863.0,12.2,0.503,19.3,0.1,0.5
Isaiah Thomas,2018,32.0,862.0,12.6,0.508,28.8,-4.9,-0.6
Isaiah Thomas,2018,15.0,406.0,12.3,0.493,28.9,-4.8,-0.3
Isaiah Thomas,2018,17.0,456.0,12.8,0.52,28.7,-4.9,-0.3
Malik Monk,2018,63.0,854.0,10.2,0.477,24.9,-3.4,-0.3
Tyrone Wallace,2018,30.0,851.0,10.1,0.517,16.6,-3.5,-0.3
Tim Frazier,2018,59.0,838.0,11.3,0.475,12.8,-0.9,0.2
Michael Carter-Williams,2018,52.0,835.0,10.8,0.446,16.6,-1.5,0.1
Paul Zipser,2018,54.0,824.0,5.2,0.445,15.2,-6.1,-0.8
Jason Terry,2018,51.0,814.0,8.1,0.525,10.1,-2.0,0.0
Ekpe Udoh,2018,63.0,810.0,15.2,0.56,9.1,3.1,1.1
Jordan Bell,2018,57.0,809.0,18.0,0.641,13.9,2.8,1.0
Timothé Luwawu-Cabarrot,2018,52.0,807.0,7.0,0.511,17.5,-4.1,-0.4
Thabo Sefolosha,2018,38.0,806.0,15.8,0.591,16.4,2.7,0.9
Eric Moreland,2018,67.0,805.0,13.9,0.531,9.7,0.5,0.5
Trey Burke,2018,36.0,785.0,21.0,0.563,25.1,2.5,0.9
Jawun Evans,2018,48.0,778.0,7.2,0.421,17.7,-5.0,-0.6
Sterling Brown,2018,54.0,776.0,9.1,0.503,14.0,-3.1,-0.2
Shane Larkin,2018,54.0,775.0,10.3,0.491,15.5,-1.7,0.1
Terrance Ferguson,2018,61.0,763.0,7.4,0.545,10.4,-3.3,-0.3
Nenê,2018,52.0,758.0,16.4,0.594,18.9,-1.0,0.2
Richaun Holmes,2018,48.0,746.0,17.4,0.585,16.6,1.1,0.6
Jabari Parker,2018,31.0,743.0,17.1,0.55,24.4,-0.8,0.2
Omri Casspi,2018,53.0,740.0,15.5,0.632,16.3,-0.9,0.2
Quinn Cook,2018,33.0,740.0,12.8,0.593,17.5,-1.6,0.1
Salah Mejri,2018,61.0,729.0,17.8,0.644,12.8,0.7,0.5
DeAndre Liggins,2018,58.0,724.0,6.0,0.467,7.9,-2.5,-0.1
DeAndre Liggins,2018,31.0,480.0,5.0,0.424,7.5,-2.8,-0.1
DeAndre Liggins,2018,27.0,244.0,7.8,0.537,8.5,-1.8,0.0
Luke Babbitt,2018,50.0,715.0,9.8,0.576,15.0,-2.4,-0.1
Luke Babbitt,2018,37.0,570.0,12.0,0.636,14.8,-0.7,0.2
Luke Babbitt,2018,13.0,145.0,1.3,0.351,15.8,-9.2,-0.3
Dwayne Bacon,2018,53.0,713.0,5.8,0.431,13.7,-4.7,-0.5
Matthew Dellavedova,2018,38.0,712.0,8.6,0.5,13.5,-4.4,-0.4
C.J. Williams,2018,38.0,707.0,9.5,0.512,13.7,-2.1,0.0
Channing Frye,2018,53.0,695.0,13.1,0.599,15.2,-0.5,0.3
Channing Frye,2018,44.0,545.0,13.9,0.604,15.6,-0.3,0.3
Channing Frye,2018,9.0,150.0,10.2,0.581,13.8,-1.5,0.0
Wayne Selden,2018,35.0,692.0,11.8,0.551,22.6,-3.1,-0.2
Chandler Parsons,2018,36.0,691.0,13.6,0.578,18.3,0.8,0.5
Mike James,2018,36.0,687.0,13.9,0.469,25.1,-1.5,0.1
Mike James,2018,32.0,669.0,14.2,0.476,25.2,-1.2,0.1
Mike James,2018,4.0,18.0,3.5,0.222,24.1,-10.1,0.0
Jared Dudley,2018,48.0,686.0,8.8,0.553,10.2,-2.5,-0.1
Tyler Ennis,2018,54.0,683.0,11.1,0.473,17.1,-2.1,0.0
Arron Afflalo,2018,53.0,682.0,5.8,0.516,12.5,-5.4,-0.6
Marreese Speights,2018,52.0,675.0,13.7,0.539,26.9,-1.1,0.1
Cedi Osman,2018,61.0,672.0,11.0,0.577,15.7,-2.9,-0.1
Danilo Gallinari,2018,21.0,671.0,13.8,0.545,20.6,-0.5,0.3
Zach LaVine,2018,24.0,656.0,14.6,0.499,29.5,-2.3,-0.1
Kobi Simmons,2018,32.0,643.0,7.7,0.49,17.0,-6.9,-0.8
Sean Kilpatrick,2018,52.0,640.0,11.6,0.507,24.9,-2.8,-0.1
Sean Kilpatrick,2018,16.0,183.0,4.9,0.414,26.3,-7.6,-0.3
Sean Kilpatrick,2018,23.0,205.0,11.3,0.515,21.9,-2.6,0.0
Sean Kilpatrick,2018,4.0,38.0,10.5,0.503,22.6,-4.5,0.0
Sean Kilpatrick,2018,9.0,214.0,17.7,0.574,27.1,1.3,0.2
Torrey Craig,2018,39.0,629.0,9.8,0.535,11.9,-2.9,-0.1
Cody Zeller,2018,33.0,627.0,15.9,0.602,15.7,-1.2,0.1
JaVale McGee,2018,65.0,615.0,22.3,0.641,19.2,1.5,0.5
Terrence Ross,2018,24.0,600.0,9.9,0.505,17.3,-2.7,-0.1
Malik Beasley,2018,62.0,583.0,9.0,0.509,16.2,-3.8,-0.3
Cameron Payne,2018,25.0,582.0,14.0,0.498,19.3,-0.4,0.2
Cheick Diallo,2018,52.0,581.0,17.0,0.619,17.4,-1.2,0.1
Khem Birch,2018,42.0,578.0,16.4,0.582,13.2,-0.9,0.2
Brandon Paul,2018,64.0,576.0,7.4,0.504,13.6,-3.5,-0.2
Alex Caruso,2018,37.0,562.0,8.7,0.519,12.9,-2.9,-0.1
Joe Young,2018,53.0,558.0,10.1,0.521,18.0,-3.5,-0.2
Tarik Black,2018,51.0,536.0,14.3,0.582,15.6,-2.6,-0.1
Jonathan Isaac,2018,27.0,536.0,9.8,0.465,15.0,-1.4,0.1
Joffrey Lauvergne,2018,55.0,534.0,16.5,0.536,20.4,-1.0,0.1
Nik Stauskas,2018,41.0,523.0,9.0,0.543,15.9,-2.3,-0.1
Nik Stauskas,2018,6.0,45.0,0.9,0.41,8.4,-5.9,0.0
Nik Stauskas,2018,35.0,478.0,9.8,0.547,16.7,-2.0,0.0
Abdel Nader,2018,48.0,522.0,5.1,0.439,17.1,-5.3,-0.4
Justin Anderson,2018,38.0,519.0,13.0,0.54,19.3,-0.9,0.1
Tyler Cavanaugh,2018,39.0,518.0,13.0,0.567,14.8,-1.9,0.0
Ivan Rabb,2018,36.0,516.0,16.6,0.599,17.7,-2.0,0.0
Raul Neto,2018,41.0,498.0,11.9,0.55,18.3,-1.4,0.1
Willy Hernangómez,2018,48.0,495.0,21.2,0.604,21.0,1.4,0.4
Willy Hernangómez,2018,26.0,233.0,16.9,0.595,22.4,-0.3,0.1
Willy Hernangómez,2018,22.0,262.0,25.0,0.612,19.7,2.8,0.3
Al Jefferson,2018,36.0,484.0,20.2,0.563,22.6,2.0,0.5
Kyle Collinsworth,2018,32.0,480.0,10.0,0.433,13.3,-2.6,-0.1
Damyean Dotson,2018,44.0,474.0,11.6,0.532,17.3,-2.3,0.0
Nerlens Noel,2018,30.0,472.0,16.2,0.558,13.8,0.5,0.3
Kenneth Faried,2018,32.0,461.0,17.4,0.552,18.3,-2.1,0.0
T.J. Leaf,2018,53.0,459.0,10.7,0.545,14.9,-3.1,-0.1
DeAndre' Bembry,2018,26.0,455.0,7.6,0.477,18.2,-4.7,-0.3
Dorian Finney-Smith,2018,21.0,448.0,7.6,0.482,15.1,-4.6,-0.3
Willie Reed,2018,42.0,428.0,19.2,0.671,16.6,0.8,0.3
Willie Reed,2018,39.0,419.0,19.4,0.669,16.8,0.8,0.3
Willie Reed,2018,3.0,9.0,8.8,1.0,4.9,-2.7,0.0
Dwight Buycks,2018,29.0,427.0,12.8,0.498,26.5,-3.1,-0.1
Isaiah Canaan,2018,20.0,422.0,13.5,0.539,18.9,-1.3,0.1
Isaiah Canaan,2018,1.0,4.0,-7.3,0.0,11.0,-16.9,0.0
Isaiah Canaan,2018,19.0,418.0,13.7,0.543,19.0,-1.1,0.1
Derrick Rose,2018,25.0,420.0,11.5,0.507,25.4,-5.4,-0.4
Derrick Rose,2018,16.0,308.0,11.6,0.523,25.6,-5.4,-0.3
Derrick Rose,2018,9.0,112.0,11.2,0.463,25.0,-5.5,-0.1
Lucas Nogueira,2018,49.0,418.0,17.3,0.661,11.4,5.2,0.8
Shabazz Muhammad,2018,43.0,418.0,15.4,0.51,23.0,-2.5,-0.1
Shabazz Muhammad,2018,32.0,301.0,9.3,0.446,20.5,-5.9,-0.3
Shabazz Muhammad,2018,11.0,117.0,31.0,0.624,29.5,6.0,0.2
Ivica Zubac,2018,43.0,410.0,15.3,0.557,17.6,-2.0,0.0
Damion Lee,2018,15.0,404.0,12.0,0.489,19.3,-1.9,0.0
Danuel House Jr.,2018,23.0,403.0,12.4,0.533,16.2,-1.6,0.0
Ramon Sessions,2018,28.0,392.0,11.2,0.479,19.3,-3.2,-0.1
Ramon Sessions,2018,13.0,167.0,6.2,0.403,19.5,-5.4,-0.1
Ramon Sessions,2018,15.0,225.0,14.9,0.533,19.1,-1.6,0.0
Ron Baker,2018,29.0,385.0,9.3,0.504,10.0,-0.4,0.2
Shaquille Harrison,2018,23.0,384.0,15.6,0.54,18.0,-0.7,0.1
Brandan Wright,2018,28.0,381.0,19.0,0.596,14.7,2.1,0.4
Brandan Wright,2018,27.0,366.0,19.3,0.595,14.9,2.3,0.4
Brandan Wright,2018,1.0,15.0,11.3,0.667,8.8,-1.2,0.0
Johnny O'Bryant,2018,36.0,379.0,11.9,0.47,22.5,-4.4,-0.2
Myke Henry,2018,20.0,378.0,9.7,0.472,15.7,-1.3,0.1
Mike Conley,2018,12.0,373.0,15.4,0.52,25.9,0.5,0.2
Timofey Mozgov,2018,31.0,359.0,12.3,0.617,16.8,-3.9,-0.2
Emeka Okafor,2018,26.0,353.0,16.4,0.545,14.4,-1.2,0.1
Jahlil Okafor,2018,28.0,353.0,15.3,0.584,21.0,-1.7,0.0
Jahlil Okafor,2018,2.0,25.0,8.8,0.465,23.5,-6.3,0.0
Jahlil Okafor,2018,26.0,328.0,15.8,0.593,20.9,-1.4,0.0
JaKarr Sampson,2018,22.0,344.0,13.9,0.585,12.5,-1.2,0.1
Glenn Robinson III,2018,23.0,338.0,10.8,0.529,12.5,-0.7,0.1
Boban Marjanović,2018,39.0,337.0,26.0,0.616,29.4,2.5,0.4
Boban Marjanović,2018,19.0,171.0,21.6,0.597,31.3,0.8,0.1
Boban Marjanović,2018,20.0,166.0,30.6,0.637,27.5,4.2,0.3
Patrick Beverley,2018,11.0,334.0,12.4,0.53,19.6,0.5,0.2
Henry Ellenson,2018,38.0,329.0,10.5,0.476,23.8,-4.4,-0.2
Luke Kornet,2018,20.0,326.0,13.6,0.516,19.0,0.2,0.2
Malachi Richardson,2018,26.0,324.0,5.9,0.446,15.2,-6.0,-0.3
Malachi Richardson,2018,25.0,319.0,5.8,0.445,15.2,-6.0,-0.3
Malachi Richardson,2018,1.0,5.0,10.5,0.5,17.5,-8.6,0.0
Antonio Blakeney,2018,19.0,314.0,10.1,0.471,23.7,-5.2,-0.3
Troy Williams,2018,21.0,307.0,15.1,0.544,20.1,-0.5,0.1
Troy Williams,2018,4.0,17.0,-2.4,0.242,29.4,-15.7,-0.1
Troy Williams,2018,17.0,290.0,16.2,0.572,19.5,0.4,0.2
Ryan Arcidiacono,2018,24.0,304.0,7.3,0.55,8.1,-4.1,-0.2
Rodney McGruder,2018,18.0,299.0,12.0,0.595,12.1,-1.4,0.1
Rodney Purvis,2018,16.0,290.0,4.5,0.423,18.7,-8.2,-0.5
Jason Smith,2018,33.0,285.0,8.8,0.455,21.7,-6.4,-0.3
Jordan Mickey,2018,23.0,284.0,10.6,0.515,17.1,-5.6,-0.3
Jamel Artis,2018,15.0,279.0,6.9,0.457,14.5,-5.4,-0.2
Juancho Hernangómez,2018,25.0,277.0,9.7,0.511,14.0,-3.3,-0.1
Iman Shumpert,2018,14.0,276.0,6.4,0.48,12.9,-3.3,-0.1
Jamil Wilson,2018,15.0,274.0,11.4,0.634,14.3,0.2,0.2
Tony Allen,2018,22.0,273.0,8.7,0.514,18.9,-5.5,-0.2
Meyers Leonard,2018,33.0,254.0,17.8,0.676,16.1,2.0,0.3
Markelle Fultz,2018,14.0,253.0,12.4,0.416,23.1,-2.6,0.0
Derrick Jones Jr.,2018,20.0,245.0,10.1,0.48,12.9,-2.7,0.0
Derrick Jones Jr.,2018,6.0,33.0,18.4,0.678,9.8,4.8,0.1
Derrick Jones Jr.,2018,14.0,212.0,8.8,0.457,13.3,-3.9,-0.1
Davon Reed,2018,21.0,242.0,4.8,0.388,16.0,-6.4,-0.3
Isaiah Hicks,2018,18.0,240.0,6.8,0.501,17.4,-7.6,-0.3
Briante Weber,2018,18.0,237.0,10.1,0.527,11.7,-1.3,0.0
Briante Weber,2018,13.0,118.0,11.1,0.547,11.5,1.5,0.1
Briante Weber,2018,5.0,119.0,9.2,0.508,11.9,-4.0,-0.1
Guerschon Yabusele,2018,33.0,235.0,12.3,0.559,15.7,-1.2,0.0
Danté Exum,2018,14.0,235.0,16.7,0.566,23.1,0.1,0.1
Aaron Harrison,2018,9.0,233.0,5.1,0.392,15.5,-7.5,-0.3
Travis Wear,2018,17.0,228.0,6.9,0.497,15.2,-3.7,-0.1
Alec Peters,2018,20.0,225.0,10.7,0.523,15.5,-2.8,0.0
Marcus Georges-Hunt,2018,42.0,224.0,6.9,0.515,11.9,-5.1,-0.2
Gary Payton II,2018,23.0,221.0,9.8,0.443,16.8,-3.9,-0.1
Gary Payton II,2018,12.0,106.0,7.5,0.437,15.9,-5.3,-0.1
Gary Payton II,2018,11.0,115.0,11.8,0.447,17.6,-2.6,0.0
Andrew Bogut,2018,24.0,216.0,10.9,0.696,8.8,-2.8,-0.1
Josh Magette,2018,18.0,216.0,11.9,0.464,11.8,-2.6,0.0
Ante Žižić,2018,32.0,214.0,24.2,0.746,18.8,1.0,0.2
Rashad Vaughn,2018,28.0,212.0,9.3,0.546,13.7,-2.6,0.0
Rashad Vaughn,2018,22.0,173.0,11.1,0.56,14.8,-1.3,0.0
Rashad Vaughn,2018,1.0,4.0,4.1,,0.0,-5.3,0.0
Rashad Vaughn,2018,5.0,35.0,1.1,0.417,10.1,-9.0,-0.1
Kawhi Leonard,2018,9.0,210.0,26.0,0.572,30.6,10.1,0.6
Andrew White,2018,15.0,209.0,5.8,0.461,17.3,-5.5,-0.2
Brandon Jennings,2018,14.0,205.0,12.7,0.478,20.8,-3.4,-0.1
Quincy Pondexter,2018,23.0,196.0,4.0,0.398,15.0,-7.4,-0.3
MarShon Brooks,2018,7.0,193.0,26.1,0.629,29.8,7.1,0.4
Aaron Brooks,2018,32.0,189.0,9.8,0.508,19.9,-3.8,-0.1
Caleb Swanigan,2018,27.0,189.0,7.5,0.449,20.0,-5.5,-0.2
Solomon Hill,2018,12.0,187.0,4.8,0.332,12.2,-4.8,-0.1
Ömer Aşık,2018,18.0,182.0,3.1,0.397,8.7,-8.0,-0.3
Ömer Aşık,2018,14.0,121.0,4.5,0.423,9.4,-7.0,-0.2
Ömer Aşık,2018,4.0,61.0,0.2,0.311,7.4,-10.0,-0.1
Jalen Jones,2018,16.0,181.0,10.3,0.485,20.9,-6.0,-0.2
Jalen Jones,2018,4.0,19.0,5.0,0.512,11.1,-7.3,0.0
Jalen Jones,2018,12.0,162.0,10.9,0.483,22.0,-5.9,-0.2
Isaiah Whitehead,2018,16.0,180.0,11.5,0.53,28.5,-3.8,-0.1
Johnathan Motley,2018,11.0,176.0,17.2,0.55,24.9,-3.3,-0.1
Julyan Stone,2018,23.0,175.0,7.6,0.684,5.2,-1.3,0.0
John Holland,2018,24.0,174.0,5.9,0.417,18.5,-5.5,-0.2
Richard Jefferson,2018,20.0,163.0,6.4,0.499,9.4,-4.3,-0.1
Dakari Johnson,2018,31.0,161.0,16.4,0.575,13.5,-0.3,0.1
Jake Layman,2018,35.0,160.0,4.9,0.352,14.6,-4.3,-0.1
Mirza Teletović,2018,10.0,159.0,13.5,0.623,18.2,0.4,0.1
Damien Wilkins,2018,19.0,152.0,4.9,0.405,13.4,-6.1,-0.2
Derrick Walton,2018,16.0,147.0,11.2,0.525,9.1,1.3,0.1
Darrell Arthur,2018,19.0,141.0,8.4,0.559,19.5,-5.3,-0.1
Kay Felder,2018,16.0,140.0,3.6,0.379,28.4,-11.1,-0.3
Kay Felder,2018,14.0,134.0,3.6,0.386,28.0,-10.7,-0.3
Kay Felder,2018,2.0,6.0,2.0,0.25,36.9,-21.4,0.0
Derrick White,2018,17.0,139.0,15.9,0.646,15.4,2.3,0.2
Lorenzo Brown,2018,14.0,139.0,8.2,0.459,11.9,-2.5,0.0
Jon Leuer,2018,8.0,136.0,8.9,0.505,16.2,-4.6,-0.1
Malcolm Miller,2018,15.0,126.0,8.9,0.638,12.1,-1.0,0.0
Milton Doyle,2018,10.0,125.0,5.2,0.337,18.2,-6.8,-0.1
Zhou Qi,2018,18.0,124.0,1.9,0.295,16.8,-10.1,-0.3
Antonius Cleveland,2018,17.0,123.0,4.5,0.486,11.1,-5.2,-0.1
Antonius Cleveland,2018,13.0,81.0,5.1,0.317,10.0,-3.3,0.0
Antonius Cleveland,2018,4.0,42.0,3.5,0.825,13.4,-9.0,-0.1
Georgios Papagiannis,2018,17.0,122.0,12.2,0.429,18.4,-4.1,-0.1
Georgios Papagiannis,2018,16.0,118.0,10.7,0.415,18.7,-5.6,-0.1
Georgios Papagiannis,2018,1.0,4.0,58.1,1.0,11.0,39.9,0.0
Nigel Hayes-Davis,2018,9.0,122.0,6.4,0.393,13.3,-3.8,-0.1
Nigel Hayes-Davis,2018,2.0,11.0,9.8,0.436,13.3,-1.7,0.0
Nigel Hayes-Davis,2018,2.0,6.0,34.9,1.5,21.9,18.2,0.0
Nigel Hayes-Davis,2018,5.0,105.0,4.4,0.312,12.8,-5.2,-0.1
James Webb III,2018,10.0,120.0,2.2,0.333,10.1,-8.3,-0.2
Xavier Rathan-Mayes,2018,5.0,118.0,0.9,0.315,21.7,-11.5,-0.3
Bobby Brown,2018,20.0,115.0,5.5,0.425,26.1,-7.2,-0.2
Jabari Bird,2018,13.0,115.0,12.1,0.615,15.4,-3.1,0.0
Kadeem Allen,2018,18.0,107.0,2.6,0.366,14.6,-7.7,-0.2
Bruno Caboclo,2018,12.0,107.0,7.4,0.386,15.8,-5.8,-0.1
Bruno Caboclo,2018,2.0,7.0,-0.1,0.0,12.5,-2.6,0.0
Bruno Caboclo,2018,10.0,100.0,7.9,0.411,16.0,-6.1,-0.1
Alex Poythress,2018,25.0,104.0,7.8,0.5,12.0,-5.1,-0.1
Jaylen Morris,2018,6.0,98.0,6.5,0.438,16.9,-5.4,-0.1
Brice Johnson,2018,18.0,98.0,18.2,0.486,22.3,-0.4,0.0
Brice Johnson,2018,9.0,38.0,21.3,0.673,18.0,4.5,0.1
Brice Johnson,2018,9.0,60.0,16.2,0.418,24.9,-3.6,0.0
Darrun Hilliard,2018,14.0,95.0,3.4,0.362,12.3,-7.9,-0.1
Chris McCullough,2018,19.0,90.0,15.8,0.478,24.6,-1.8,0.0
Damian Jones,2018,15.0,89.0,6.8,0.517,13.9,-7.1,-0.1
Jack Cooley,2018,7.0,87.0,19.7,0.566,19.8,-0.6,0.0
Josh Gray,2018,5.0,86.0,7.2,0.349,26.1,-4.2,0.0
Furkan Korkmaz,2018,14.0,80.0,3.4,0.386,16.9,-7.6,-0.1
Wade Baldwin,2018,7.0,80.0,16.6,0.748,16.1,1.9,0.1
Okaro White,2018,6.0,80.0,8.9,0.577,10.3,-0.7,0.0
Demetrius Jackson,2018,15.0,80.0,5.4,0.424,15.8,-5.2,-0.1
Demetrius Jackson,2018,12.0,63.0,0.2,0.286,16.1,-8.5,-0.1
Demetrius Jackson,2018,3.0,17.0,24.5,0.82,14.8,7.3,0.0
Nick Collison,2018,15.0,75.0,13.2,0.627,18.2,-4.2,0.0
Omari Johnson,2018,4.0,75.0,10.5,0.524,14.4,-4.5,0.0
Marquis Teague,2018,3.0,74.0,5.7,0.302,12.9,-5.7,-0.1
Thomas Bryant,2018,15.0,72.0,9.9,0.441,15.9,-3.3,0.0
Udonis Haslem,2018,14.0,72.0,1.8,0.252,11.1,-7.7,-0.1
D.J. Wilson,2018,22.0,71.0,10.3,0.622,13.3,-2.0,0.0
Alan Williams,2018,5.0,70.0,9.3,0.455,17.5,-5.0,-0.1
Larry Drew II,2018,10.0,70.0,2.9,0.354,16.6,-9.0,-0.1
Larry Drew II,2018,3.0,15.0,-9.4,0.143,22.8,-22.6,-0.1
Larry Drew II,2018,7.0,55.0,6.3,0.441,15.0,-5.3,0.0
London Perrantes,2018,14.0,66.0,0.7,0.23,10.9,-9.2,-0.1
Gian Clavell,2018,7.0,64.0,7.4,0.53,14.8,-2.2,0.0
Andre Ingram,2018,2.0,64.0,16.3,0.655,14.1,4.3,0.1
James Young,2018,6.0,61.0,4.6,0.511,12.3,-6.9,-0.1
Kyle Singler,2018,12.0,59.0,5.9,0.43,21.6,-6.7,-0.1
Alfonzo McKinnie,2018,14.0,53.0,10.1,0.643,16.0,-3.0,0.0
Jordan Crawford,2018,5.0,53.0,19.1,0.601,26.5,4.2,0.1
Marshall Plumlee,2018,8.0,52.0,10.9,0.697,11.3,-4.5,0.0
Cole Aldrich,2018,21.0,49.0,6.0,0.34,16.8,-7.5,-0.1
Vander Blue,2018,5.0,45.0,-1.8,0.255,8.4,-8.4,-0.1
R.J. Hunter,2018,5.0,45.0,8.5,0.455,22.5,-3.3,0.0
Adreian Payne,2018,5.0,43.0,18.8,0.831,15.0,2.4,0.0
Joakim Noah,2018,7.0,40.0,15.6,0.51,17.2,-0.8,0.0
Jonathan Gibson,2018,4.0,40.0,25.4,0.739,29.0,4.1,0.1
Jeff Withey,2018,10.0,39.0,8.3,0.444,22.0,-5.0,0.0
Charles Cooke,2018,13.0,38.0,-5.1,0.202,18.1,-14.4,-0.1
Joel Bolomboy,2018,6.0,38.0,11.7,0.521,12.6,-5.0,0.0
Walt Lemon Jr.,2018,5.0,35.0,6.9,0.491,26.4,-8.2,-0.1
Aaron Jackson,2018,1.0,35.0,2.4,0.405,13.7,-8.9,-0.1
Jacob Wiley,2018,5.0,33.0,8.2,0.41,6.4,-2.3,0.0
Georges Niang,2018,9.0,32.0,9.2,0.379,20.9,-4.0,0.0
Matt Costello,2018,4.0,32.0,9.7,0.5,7.0,-0.7,0.0
Markel Brown,2018,4.0,31.0,-1.2,0.357,12.8,-10.8,-0.1
Ike Anigbogu,2018,11.0,30.0,21.6,0.558,20.3,1.9,0.0
Tony Bradley,2018,9.0,29.0,9.5,0.337,18.4,-7.5,0.0
Daniel Hamilton,2018,6.0,28.0,18.2,0.545,19.9,2.3,0.0
Marcus Paige,2018,5.0,28.0,9.1,0.403,23.0,-8.8,0.0
Jameel Warney,2018,3.0,27.0,22.6,0.599,25.6,-0.2,0.0
Monte Morris,2018,3.0,25.0,27.1,0.727,13.7,9.4,0.1
Jeremy Lin,2018,1.0,25.0,15.9,0.597,31.3,-5.4,0.0
Chinanu Onuaku,2018,1.0,22.0,-3.2,0.4,16.1,-14.7,-0.1
Xavier Munford,2018,6.0,21.0,-2.1,0.218,19.1,-11.3,0.0
Mangok Mathiang,2018,4.0,20.0,18.0,0.538,16.1,-4.6,0.0
Nate Wolters,2018,5.0,19.0,-2.9,0.167,14.2,-12.8,-0.1
James Michael McAdoo,2018,3.0,18.0,7.4,0.508,21.0,-3.0,0.0
Kendrick Perkins,2018,1.0,15.0,8.4,0.521,11.4,-2.2,0.0
Tim Quarterman,2018,3.0,13.0,2.9,0.515,20.0,-9.7,0.0
Luol Deng,2018,1.0,13.0,5.5,0.5,9.8,-2.9,0.0
Devin Robinson,2018,1.0,13.0,10.5,0.333,10.2,-2.1,0.0
Josh Smith,2018,3.0,12.0,3.5,0.25,14.4,-14.6,0.0
Matt Williams,2018,3.0,11.0,-0.7,0.417,28.6,-11.2,0.0
Nicolás Brussino,2018,4.0,10.0,-4.6,0.0,8.7,-11.3,0.0
David Stockton,2018,3.0,9.0,33.9,1.05,28.8,7.9,0.0
Ben Moore,2018,2.0,9.0,-2.3,,0.0,-9.3,0.0
Derrick Williams,2018,2.0,9.0,-3.2,0.25,18.9,-16.8,0.0
Jarell Eddie,2018,3.0,9.0,-1.9,0.0,9.8,-8.3,0.0
Jarell Eddie,2018,2.0,6.0,4.0,0.0,7.4,-1.3,0.0
Jarell Eddie,2018,1.0,3.0,-13.5,0.0,14.5,-22.1,0.0
Erik McCree,2018,4.0,8.0,-8.9,0.0,16.9,-13.7,0.0
Luis Montero,2018,2.0,8.0,-15.5,0.0,16.6,-25.6,0.0
Scotty Hopson,2018,1.0,8.0,-4.6,0.266,16.3,-14.0,0.0
Vince Hunter,2018,4.0,7.0,35.8,0.6,38.5,9.7,0.0
Reggie Hearn,2018,3.0,7.0,13.1,0.75,12.7,1.5,0.0
Xavier Silas,2018,2.0,7.0,-4.9,0.0,19.1,-8.1,0.0
Jacob Pullen,2018,3.0,6.0,-2.3,0.5,21.3,-12.7,0.0
Josh McRoberts,2018,2.0,6.0,-12.5,0.0,7.6,-21.4,0.0
Jeremy Evans,2018,1.0,5.0,10.4,1.0,17.5,-9.9,0.0
Gordon Hayward,2018,1.0,5.0,7.3,0.5,17.9,-7.4,0.0
Anthony Brown,2018,1.0,4.0,41.9,1.5,11.1,30.5,0.0
Justin Patton,2018,1.0,4.0,19.8,0.5,22.1,3.2,0.0
PJ Dozier,2018,2.0,3.0,-5.0,0.5,42.9,-20.4,0.0
Mindaugas Kuzminskas,2018,1.0,2.0,-41.1,0.0,43.6,-54.7,0.0
Tyler Lydon,2018,1.0,2.0,0.0,,0.0,-5.4,0.0
Edmond Sumner,2018,1.0,2.0,39.8,1.0,22.3,6.9,0.0
Chris Boucher,2018,1.0,1.0,-28.5,0.0,43.9,-33.1,0.0
Trey McKinney-Jones,2018,1.0,1.0,0.0,,0.0,-8.5,0.0
Naz Mitrou-Long,2018,1.0,1.0,133.8,1.5,45.0,242.2,0.0
League Average,2018,,,,0.556,19.9,,
Bradley Beal,2019,82.0,3028.0,20.8,0.581,28.4,2.9,3.7
James Harden,2019,78.0,2867.0,30.6,0.616,40.5,11.0,9.3
Kemba Walker,2019,82.0,2863.0,21.7,0.558,31.5,4.2,4.4
Tobias Harris,2019,82.0,2847.0,17.2,0.592,22.8,1.6,2.6
Tobias Harris,2019,55.0,1903.0,18.2,0.605,23.5,2.4,2.1
Tobias Harris,2019,27.0,944.0,15.3,0.562,21.3,-0.1,0.5
Paul George,2019,77.0,2841.0,23.3,0.583,29.5,7.2,6.6
Damian Lillard,2019,80.0,2838.0,23.7,0.588,29.3,6.4,6.0
P.J. Tucker,2019,82.0,2802.0,9.2,0.547,9.5,-0.6,1.0
Kevin Durant,2019,78.0,2702.0,24.2,0.631,29.0,5.5,5.1
Ben Simmons,2019,79.0,2700.0,20.0,0.582,22.1,3.6,3.8
DeMar DeRozan,2019,77.0,2688.0,19.6,0.542,27.9,1.1,2.2
LaMarcus Aldridge,2019,81.0,2687.0,22.9,0.576,26.9,1.8,2.6
Steven Adams,2019,80.0,2669.0,18.5,0.591,16.4,1.1,2.1
Klay Thompson,2019,78.0,2652.0,16.6,0.571,25.6,-0.3,1.2
Andre Drummond,2019,79.0,2647.0,23.4,0.555,22.9,2.1,2.7
Aaron Gordon,2019,78.0,2633.0,15.1,0.538,21.8,0.6,1.7
Russell Westbrook,2019,73.0,2630.0,21.1,0.501,30.9,5.2,4.7
Blake Griffin,2019,75.0,2622.0,21.0,0.581,30.2,5.1,4.7
Buddy Hield,2019,82.0,2615.0,17.5,0.587,25.1,2.1,2.7
Jerami Grant,2019,80.0,2612.0,13.8,0.592,15.4,0.2,1.5
Justin Holiday,2019,82.0,2607.0,10.0,0.52,15.7,-1.8,0.1
Justin Holiday,2019,38.0,1325.0,11.0,0.531,15.2,-0.3,0.6
Justin Holiday,2019,44.0,1282.0,8.9,0.509,16.3,-3.4,-0.5
Collin Sexton,2019,82.0,2605.0,12.0,0.52,25.2,-4.7,-1.8
Donovan Mitchell,2019,77.0,2598.0,17.2,0.537,31.6,1.3,2.2
Rudy Gobert,2019,81.0,2577.0,24.6,0.682,17.8,5.4,4.8
Bojan Bogdanović,2019,81.0,2573.0,16.1,0.613,22.4,0.7,1.7
Joe Ingles,2019,82.0,2568.0,13.4,0.581,17.5,1.4,2.2
Evan Fournier,2019,81.0,2553.0,12.3,0.536,22.1,-2.4,-0.3
Pascal Siakam,2019,80.0,2548.0,18.7,0.628,20.8,2.4,2.8
De'Aaron Fox,2019,81.0,2546.0,18.1,0.544,24.5,1.5,2.3
Karl-Anthony Towns,2019,77.0,2545.0,26.3,0.622,28.9,6.0,5.1
Andrew Wiggins,2019,73.0,2543.0,12.4,0.493,24.4,-3.0,-0.6
Josh Richardson,2019,73.0,2539.0,14.0,0.536,20.9,0.3,1.5
Harrison Barnes,2019,77.0,2533.0,12.8,0.55,20.9,-1.4,0.4
Harrison Barnes,2019,49.0,1584.0,13.1,0.538,23.7,-1.2,0.3
Harrison Barnes,2019,28.0,949.0,12.3,0.578,16.3,-1.7,0.1
Nikola Vučević,2019,80.0,2510.0,25.5,0.573,28.0,6.6,5.5
Nikola Jokić,2019,80.0,2504.0,26.3,0.589,27.4,9.1,7.0
Trae Young,2019,81.0,2503.0,17.0,0.539,28.4,-0.6,0.9
Thaddeus Young,2019,81.0,2489.0,16.2,0.569,18.0,1.5,2.2
Jayson Tatum,2019,79.0,2455.0,15.1,0.547,22.1,-0.2,1.1
D'Angelo Russell,2019,81.0,2448.0,19.4,0.533,31.9,3.4,3.4
Jamal Murray,2019,75.0,2447.0,16.0,0.538,24.9,0.6,1.6
Cedi Osman,2019,76.0,2444.0,11.5,0.536,18.6,-3.2,-0.8
Marc Gasol,2019,79.0,2436.0,16.7,0.546,20.7,3.1,3.1
Marc Gasol,2019,53.0,1788.0,16.9,0.541,22.3,3.2,2.3
Marc Gasol,2019,26.0,648.0,16.0,0.565,16.3,2.9,0.8
Mikal Bridges,2019,82.0,2417.0,10.8,0.556,12.2,-1.6,0.3
Jrue Holiday,2019,67.0,2402.0,19.4,0.555,25.4,3.0,3.1
Khris Middleton,2019,77.0,2393.0,16.5,0.558,25.1,0.8,1.7
JJ Redick,2019,76.0,2379.0,15.1,0.602,21.9,0.2,1.3
CJ McCollum,2019,70.0,2375.0,17.0,0.553,25.5,1.0,1.8
Giannis Antetokounmpo,2019,72.0,2358.0,30.9,0.644,32.3,10.4,7.4
Nicolas Batum,2019,75.0,2354.0,11.9,0.581,13.2,-0.3,1.0
Trevor Ariza,2019,69.0,2349.0,12.1,0.534,16.6,-1.3,0.4
Trevor Ariza,2019,26.0,884.0,10.5,0.525,13.8,-1.1,0.2
Trevor Ariza,2019,43.0,1465.0,13.0,0.538,18.2,-1.4,0.2
Mike Conley,2019,70.0,2342.0,21.4,0.569,27.3,4.7,3.9
Stephen Curry,2019,69.0,2331.0,24.4,0.641,30.4,6.6,5.1
Brook Lopez,2019,81.0,2322.0,14.6,0.597,16.7,2.2,2.4
Luka Dončić,2019,72.0,2318.0,19.6,0.545,30.5,3.9,3.4
Dennis Schröder,2019,79.0,2314.0,12.7,0.508,24.2,-2.0,0.0
Kyle Kuzma,2019,70.0,2314.0,14.0,0.546,23.8,-1.4,0.4
Bryn Forbes,2019,82.0,2293.0,12.0,0.586,17.4,-1.2,0.5
Joe Harris,2019,76.0,2293.0,13.5,0.645,17.0,0.5,1.4
Al-Farouq Aminu,2019,81.0,2292.0,13.2,0.568,13.7,0.7,1.5
Reggie Jackson,2019,82.0,2289.0,15.2,0.547,24.5,0.4,1.4
Eric Bledsoe,2019,78.0,2272.0,19.3,0.577,22.9,3.1,2.9
D.J. Augustin,2019,81.0,2269.0,15.7,0.616,17.2,0.5,1.4
Jeremy Lamb,2019,79.0,2250.0,17.3,0.552,22.5,1.2,1.8
Clint Capela,2019,67.0,2249.0,23.8,0.658,18.2,3.0,2.8
Devin Booker,2019,64.0,2242.0,20.2,0.584,32.9,1.0,1.7
Julius Randle,2019,73.0,2232.0,20.9,0.6,27.8,1.5,2.0
Danny Green,2019,80.0,2216.0,13.0,0.632,14.1,2.0,2.2
Jordan Clarkson,2019,81.0,2214.0,16.8,0.539,27.6,-0.5,0.8
Kyrie Irving,2019,67.0,2214.0,24.3,0.592,29.6,7.2,5.1
Willie Cauley-Stein,2019,81.0,2213.0,18.0,0.566,17.5,1.2,1.8
Kyle Lowry,2019,65.0,2213.0,16.5,0.562,19.6,2.3,2.4
Marcus Smart,2019,80.0,2200.0,13.1,0.568,14.6,0.8,1.5
Jimmy Butler,2019,65.0,2185.0,20.2,0.571,22.3,3.7,3.2
Jimmy Butler,2019,10.0,361.0,22.3,0.579,23.0,6.9,0.8
Jimmy Butler,2019,55.0,1824.0,19.8,0.569,22.1,3.1,2.4
Deandre Ayton,2019,71.0,2183.0,20.5,0.608,21.2,0.2,1.2
Shai Gilgeous-Alexander,2019,82.0,2174.0,13.4,0.554,18.3,-0.5,0.8
Zach LaVine,2019,63.0,2171.0,18.7,0.574,30.5,0.8,1.5
Jae Crowder,2019,80.0,2166.0,12.1,0.538,19.1,0.3,1.2
Tomáš Satoranský,2019,80.0,2164.0,14.1,0.59,14.1,-0.7,0.7
Montrezl Harrell,2019,82.0,2158.0,23.4,0.636,23.5,3.3,2.9
Kevin Knox,2019,75.0,2158.0,8.7,0.475,22.3,-5.7,-2.0
Eric Gordon,2019,68.0,2158.0,12.2,0.549,22.0,-1.3,0.4
Joel Embiid,2019,64.0,2154.0,26.1,0.593,33.3,4.9,3.8
Terrence Ross,2019,81.0,2150.0,15.4,0.561,23.9,0.8,1.5
Darren Collison,2019,76.0,2143.0,16.7,0.574,17.7,1.8,2.1
Patrick Beverley,2019,78.0,2137.0,11.8,0.561,12.2,0.9,1.5
Marvin Williams,2019,75.0,2133.0,12.6,0.548,14.9,-0.3,0.9
Myles Turner,2019,74.0,2119.0,18.0,0.567,20.0,2.5,2.4
Jeff Green,2019,77.0,2097.0,13.6,0.608,17.8,-1.4,0.3
Jarrett Allen,2019,80.0,2096.0,18.5,0.632,15.9,1.6,1.9
Marcus Morris,2019,75.0,2091.0,14.2,0.568,20.9,-0.9,0.6
Wesley Matthews,2019,69.0,2091.0,10.3,0.546,17.8,-1.8,0.1
Wesley Matthews,2019,44.0,1312.0,11.3,0.556,18.9,-1.3,0.2
Wesley Matthews,2019,2.0,54.0,2.9,0.33,18.4,-6.6,-0.1
Wesley Matthews,2019,23.0,725.0,9.2,0.543,15.8,-2.4,-0.1
Draymond Green,2019,66.0,2065.0,12.9,0.526,13.1,1.4,1.8
Cory Joseph,2019,82.0,2063.0,11.0,0.474,13.7,-0.4,0.9
Danilo Gallinari,2019,68.0,2059.0,21.0,0.633,23.8,4.3,3.3
Tim Hardaway Jr.,2019,65.0,2057.0,13.6,0.527,25.4,-2.0,0.0
Tim Hardaway Jr.,2019,46.0,1499.0,14.4,0.531,25.9,-1.6,0.2
Tim Hardaway Jr.,2019,19.0,558.0,11.6,0.514,23.9,-3.2,-0.2
Kevin Huerter,2019,75.0,2048.0,10.1,0.533,15.7,-2.4,-0.2
DeAndre Jordan,2019,69.0,2047.0,19.0,0.674,15.0,2.1,2.1
DeAndre Jordan,2019,50.0,1554.0,18.0,0.672,14.4,1.7,1.4
DeAndre Jordan,2019,19.0,493.0,22.1,0.681,16.8,3.4,0.7
Kawhi Leonard,2019,60.0,2040.0,25.8,0.606,30.3,7.2,4.7
Garrett Temple,2019,75.0,2040.0,8.5,0.543,13.2,-2.8,-0.4
Garrett Temple,2019,49.0,1530.0,8.6,0.551,13.9,-2.7,-0.3
Garrett Temple,2019,26.0,510.0,8.0,0.514,11.2,-3.1,-0.1
Kentavious Caldwell-Pope,2019,82.0,2035.0,12.9,0.568,18.1,-0.5,0.8
Austin Rivers,2019,76.0,2028.0,7.7,0.503,14.5,-4.3,-1.1
Austin Rivers,2019,29.0,683.0,6.8,0.49,15.5,-5.3,-0.6
Austin Rivers,2019,47.0,1345.0,8.2,0.511,13.9,-3.8,-0.6
Dario Šarić,2019,81.0,2023.0,13.1,0.563,17.8,-1.6,0.2
Dario Šarić,2019,13.0,396.0,8.1,0.496,18.0,-4.7,-0.3
Dario Šarić,2019,68.0,1627.0,14.3,0.579,17.8,-0.8,0.5
Serge Ibaka,2019,74.0,2010.0,18.7,0.582,22.9,0.2,1.2
Damyean Dotson,2019,73.0,2004.0,10.8,0.526,17.3,-2.6,-0.3
Jonathan Isaac,2019,75.0,1996.0,13.0,0.537,16.3,-0.4,0.8
Lou Williams,2019,75.0,1993.0,21.2,0.554,32.4,2.2,2.1
Josh Jackson,2019,79.0,1988.0,10.6,0.487,23.9,-4.6,-1.3
Dorian Finney-Smith,2019,81.0,1985.0,11.0,0.53,14.0,-1.4,0.3
Jusuf Nurkić,2019,72.0,1974.0,23.4,0.57,24.7,3.7,2.8
Al Horford,2019,68.0,1973.0,20.2,0.605,18.9,5.1,3.6
Monte Morris,2019,82.0,1970.0,16.2,0.577,17.1,1.5,1.7
Ryan Arcidiacono,2019,81.0,1961.0,11.6,0.588,11.7,-1.9,0.1
Justise Winslow,2019,66.0,1959.0,12.8,0.513,20.8,-0.6,0.7
Bogdan Bogdanović,2019,70.0,1947.0,14.1,0.53,22.3,-0.6,0.7
LeBron James,2019,55.0,1937.0,25.6,0.588,31.6,8.0,4.9
Kelly Oubre Jr.,2019,69.0,1935.0,15.2,0.551,23.2,-1.2,0.4
Kelly Oubre Jr.,2019,29.0,755.0,13.3,0.545,20.9,-2.6,-0.1
Kelly Oubre Jr.,2019,40.0,1180.0,16.4,0.555,24.7,-0.4,0.5
DeAndre' Bembry,2019,82.0,1931.0,10.8,0.508,17.2,-2.4,-0.2
Terrance Ferguson,2019,74.0,1931.0,6.4,0.566,10.6,-3.8,-0.9
Spencer Dinwiddie,2019,68.0,1914.0,16.3,0.58,24.9,0.6,1.3
Bam Adebayo,2019,82.0,1913.0,17.9,0.623,15.8,1.8,1.8
Jaylen Brown,2019,74.0,1913.0,13.5,0.547,22.1,-2.1,0.0
Patty Mills,2019,82.0,1908.0,13.2,0.572,18.5,-0.3,0.8
Avery Bradley,2019,63.0,1905.0,7.6,0.496,16.2,-3.7,-0.8
Avery Bradley,2019,49.0,1463.0,5.5,0.464,14.2,-4.6,-1.0
Avery Bradley,2019,14.0,442.0,14.5,0.565,22.9,-0.9,0.1
Ricky Rubio,2019,68.0,1899.0,14.0,0.52,22.7,-0.2,0.9
Paul Millsap,2019,70.0,1895.0,17.9,0.57,19.6,1.7,1.8
Rodney Hood,2019,72.0,1893.0,12.3,0.545,18.1,-2.0,0.0
Rodney Hood,2019,45.0,1234.0,13.0,0.542,19.1,-2.1,0.0
Rodney Hood,2019,27.0,659.0,10.9,0.549,16.3,-2.0,0.0
Dwyane Wade,2019,72.0,1885.0,15.8,0.51,27.9,0.6,1.2
Malik Beasley,2019,81.0,1879.0,14.2,0.599,18.7,0.1,1.0
Reggie Bullock,2019,63.0,1879.0,10.5,0.563,15.8,-1.1,0.4
Reggie Bullock,2019,44.0,1355.0,11.0,0.569,16.7,-0.6,0.5
Reggie Bullock,2019,19.0,524.0,9.1,0.545,13.7,-2.2,0.0
Gordon Hayward,2019,72.0,1863.0,15.6,0.575,19.0,0.8,1.3
Chris Paul,2019,58.0,1857.0,19.7,0.56,22.5,3.9,2.8
Anthony Davis,2019,56.0,1850.0,30.3,0.597,29.5,9.4,5.3
Rudy Gay,2019,69.0,1842.0,17.5,0.583,22.1,1.4,1.6
Domantas Sabonis,2019,74.0,1838.0,21.9,0.63,23.5,3.1,2.4
Malcolm Brogdon,2019,64.0,1832.0,17.8,0.614,20.7,2.2,1.9
John Collins,2019,61.0,1829.0,21.8,0.627,23.7,0.9,1.3
Marco Belinelli,2019,79.0,1815.0,11.9,0.557,19.8,-1.7,0.1
Kelly Olynyk,2019,79.0,1812.0,14.4,0.61,18.0,0.7,1.2
Landry Shamet,2019,79.0,1802.0,11.0,0.604,15.0,-1.6,0.2
Landry Shamet,2019,54.0,1108.0,10.7,0.606,15.0,-1.9,0.0
Landry Shamet,2019,25.0,694.0,11.3,0.601,15.0,-1.2,0.1
Larry Nance Jr.,2019,67.0,1795.0,18.6,0.583,15.5,2.4,2.0
Terry Rozier,2019,79.0,1791.0,12.9,0.501,18.6,-0.2,0.8
Nemanja Bjelica,2019,77.0,1788.0,15.4,0.585,16.5,0.9,1.3
Derrick Favors,2019,76.0,1766.0,21.8,0.624,19.4,3.3,2.4
Fred VanVleet,2019,64.0,1760.0,13.7,0.539,17.9,0.5,1.1
Brandon Ingram,2019,52.0,1760.0,13.4,0.555,23.2,-2.0,0.0
Josh Okogie,2019,74.0,1757.0,9.4,0.492,15.4,-3.1,-0.5
Darius Miller,2019,69.0,1757.0,8.4,0.55,13.4,-2.9,-0.4
Langston Galloway,2019,80.0,1745.0,10.7,0.534,16.1,-1.5,0.2
Mason Plumlee,2019,82.0,1731.0,17.8,0.602,16.2,2.1,1.8
Derrick White,2019,67.0,1728.0,14.8,0.555,17.7,0.9,1.3
Jabari Parker,2019,64.0,1724.0,15.5,0.56,24.6,-1.5,0.2
Jabari Parker,2019,39.0,1042.0,14.6,0.543,25.0,-2.1,0.0
Jabari Parker,2019,25.0,682.0,17.0,0.587,24.0,-0.6,0.2
Noah Vonleh,2019,68.0,1722.0,13.9,0.561,14.8,-0.7,0.6
Josh Hart,2019,67.0,1715.0,9.3,0.526,13.5,-1.3,0.3
DeMarre Carroll,2019,67.0,1703.0,12.1,0.546,18.6,-1.5,0.2
Delon Wright,2019,75.0,1699.0,15.5,0.523,18.1,1.5,1.5
Delon Wright,2019,49.0,897.0,14.5,0.527,17.1,1.7,0.8
Delon Wright,2019,26.0,802.0,16.6,0.519,19.2,1.2,0.6
Miles Bridges,2019,80.0,1696.0,13.1,0.548,15.1,-0.8,0.5
Taj Gibson,2019,70.0,1686.0,17.8,0.612,17.2,-0.1,0.8
Otto Porter Jr.,2019,56.0,1683.0,15.9,0.569,19.1,0.9,1.2
Otto Porter Jr.,2019,41.0,1191.0,15.0,0.551,18.2,0.3,0.7
Otto Porter Jr.,2019,15.0,492.0,18.0,0.609,21.3,2.2,0.5
Lauri Markkanen,2019,52.0,1682.0,17.1,0.553,25.1,-0.2,0.7
Hassan Whiteside,2019,72.0,1674.0,23.5,0.564,22.6,2.3,1.8
Royce O'Neale,2019,82.0,1671.0,9.0,0.589,11.0,-0.5,0.6
JaVale McGee,2019,75.0,1671.0,21.8,0.634,20.2,1.4,1.4
Dwight Powell,2019,77.0,1662.0,20.4,0.682,17.2,2.9,2.1
Kent Bazemore,2019,67.0,1643.0,11.9,0.507,22.0,-2.3,-0.1
Enes Freedom,2019,67.0,1640.0,22.3,0.594,23.1,1.0,1.2
Enes Freedom,2019,44.0,1128.0,21.8,0.585,22.9,0.9,0.8
Enes Freedom,2019,23.0,512.0,23.5,0.614,23.4,1.3,0.4
Gary Harris,2019,57.0,1639.0,12.2,0.526,20.0,-1.6,0.2
Dāvis Bertāns,2019,76.0,1632.0,13.0,0.632,14.1,1.3,1.4
Justin Jackson,2019,81.0,1614.0,11.3,0.561,14.3,-1.6,0.2
Justin Jackson,2019,52.0,1083.0,10.1,0.546,12.9,-1.9,0.0
Justin Jackson,2019,29.0,531.0,13.9,0.584,17.0,-1.0,0.1
Dewayne Dedmon,2019,64.0,1609.0,16.0,0.602,16.7,0.5,1.0
Emmanuel Mudiay,2019,59.0,1607.0,14.6,0.531,25.6,-2.0,0.0
Robin Lopez,2019,74.0,1606.0,15.9,0.598,18.6,-1.9,0.0
Evan Turner,2019,73.0,1605.0,11.6,0.504,15.9,-1.3,0.3
Jalen Brunson,2019,73.0,1591.0,12.8,0.549,19.1,-1.7,0.1
Andre Iguodala,2019,68.0,1578.0,13.1,0.587,10.4,1.8,1.5
Marvin Bagley III,2019,62.0,1567.0,18.9,0.562,24.2,-1.0,0.4
Tyus Jones,2019,68.0,1560.0,13.7,0.491,14.1,-0.6,0.6
Taurean Prince,2019,55.0,1552.0,11.9,0.575,19.5,-2.0,0.0
Rodney McGruder,2019,66.0,1550.0,9.4,0.51,15.4,-2.3,-0.1
Alex Len,2019,77.0,1544.0,17.2,0.575,22.1,-1.2,0.3
Tyler Johnson,2019,57.0,1529.0,12.4,0.532,18.5,-0.4,0.6
Tyler Johnson,2019,44.0,1123.0,12.3,0.54,19.2,-0.1,0.5
Tyler Johnson,2019,13.0,406.0,12.8,0.506,16.5,-1.0,0.1
Jaren Jackson Jr.,2019,58.0,1515.0,16.4,0.591,22.8,-0.3,0.7
Dennis Smith Jr.,2019,53.0,1508.0,12.3,0.502,24.8,-1.9,0.0
Dennis Smith Jr.,2019,32.0,908.0,11.5,0.527,23.3,-2.1,0.0
Dennis Smith Jr.,2019,21.0,600.0,13.5,0.473,27.0,-1.7,0.0
Torrey Craig,2019,75.0,1503.0,10.4,0.547,12.4,-1.9,0.0
Maxi Kleber,2019,71.0,1502.0,13.1,0.579,13.5,0.4,0.9
Thomas Bryant,2019,72.0,1496.0,21.0,0.674,17.6,2.0,1.5
Kevon Looney,2019,80.0,1481.0,17.3,0.636,12.8,0.5,0.9
Iman Shumpert,2019,62.0,1481.0,9.1,0.499,14.5,-1.9,0.0
Iman Shumpert,2019,42.0,1099.0,10.1,0.511,15.2,-1.3,0.2
Iman Shumpert,2019,20.0,382.0,6.3,0.456,12.7,-3.7,-0.2
Gerald Green,2019,73.0,1473.0,11.4,0.555,19.5,-1.7,0.1
T.J. McConnell,2019,76.0,1470.0,13.4,0.555,15.0,-0.9,0.4
E'Twaun Moore,2019,53.0,1463.0,11.5,0.567,17.3,-2.3,-0.1
Allonzo Trier,2019,64.0,1459.0,12.2,0.564,21.5,-3.1,-0.4
Bruce Brown,2019,74.0,1449.0,6.9,0.469,11.5,-3.3,-0.5
Ed Davis,2019,81.0,1446.0,17.3,0.632,12.7,0.0,0.7
Wayne Selden,2019,75.0,1439.0,8.3,0.491,18.4,-5.4,-1.2
Wayne Selden,2019,32.0,455.0,8.8,0.495,19.3,-4.4,-0.3
Wayne Selden,2019,43.0,984.0,8.1,0.489,18.0,-5.9,-1.0
Luke Kennard,2019,63.0,1437.0,11.9,0.56,18.1,-1.1,0.3
Jeremy Lin,2019,74.0,1436.0,13.5,0.558,21.8,-2.2,-0.1
Jeremy Lin,2019,51.0,1003.0,15.9,0.594,22.6,-0.6,0.3
Jeremy Lin,2019,23.0,433.0,8.2,0.464,19.8,-6.0,-0.4
Shaquille Harrison,2019,73.0,1430.0,12.4,0.494,16.5,-1.3,0.2
Lonzo Ball,2019,47.0,1423.0,11.7,0.487,16.9,-0.3,0.6
Maurice Harkless,2019,60.0,1415.0,13.2,0.547,13.9,0.7,1.0
Tyreke Evans,2019,69.0,1402.0,11.5,0.483,26.4,-2.7,-0.2
Seth Curry,2019,74.0,1399.0,11.4,0.595,16.6,-1.0,0.3
Mike Scott,2019,79.0,1395.0,8.6,0.528,14.4,-2.5,-0.2
Mike Scott,2019,52.0,748.0,9.4,0.521,14.9,-1.5,0.1
Mike Scott,2019,27.0,647.0,7.7,0.537,13.8,-3.7,-0.3
Derrick Rose,2019,51.0,1392.0,19.5,0.557,27.3,1.4,1.2
Kris Dunn,2019,46.0,1389.0,12.4,0.484,20.1,-2.7,-0.2
Alec Burks,2019,64.0,1375.0,12.7,0.523,19.0,-1.2,0.3
Alec Burks,2019,17.0,269.0,12.4,0.547,23.2,-0.6,0.1
Alec Burks,2019,34.0,979.0,13.2,0.517,19.2,-1.4,0.1
Alec Burks,2019,13.0,127.0,9.0,0.495,8.5,-1.1,0.0
JaMychal Green,2019,65.0,1371.0,14.7,0.587,19.4,-1.7,0.1
JaMychal Green,2019,41.0,900.0,14.9,0.58,20.4,-1.8,0.1
JaMychal Green,2019,24.0,471.0,14.3,0.6,17.6,-1.5,0.1
Rajon Rondo,2019,46.0,1369.0,12.1,0.473,17.4,-1.5,0.2
Mitchell Robinson,2019,66.0,1360.0,22.0,0.692,12.1,2.5,1.6
T.J. Warren,2019,43.0,1360.0,16.3,0.58,22.7,-0.2,0.6
Juancho Hernangómez,2019,70.0,1358.0,11.0,0.58,12.2,-1.1,0.3
Zach Collins,2019,77.0,1356.0,13.5,0.562,16.6,-1.2,0.3
OG Anunoby,2019,67.0,1352.0,9.8,0.544,15.5,-2.4,-0.1
Doug McDermott,2019,77.0,1340.0,11.6,0.617,16.3,-1.4,0.2
Kyle Korver,2019,70.0,1334.0,11.2,0.582,18.5,-0.5,0.5
Kyle Korver,2019,16.0,251.0,11.3,0.65,17.4,-0.7,0.1
Kyle Korver,2019,54.0,1083.0,11.2,0.569,18.7,-0.4,0.4
Vince Carter,2019,76.0,1330.0,11.8,0.565,16.7,-0.7,0.5
Jake Layman,2019,71.0,1327.0,13.5,0.594,15.9,-0.5,0.5
Mike Muscala,2019,64.0,1306.0,10.8,0.564,14.3,-1.1,0.3
Mike Muscala,2019,47.0,1041.0,10.4,0.56,14.3,-1.5,0.1
Mike Muscala,2019,17.0,265.0,12.5,0.578,14.3,0.7,0.2
Tony Snell,2019,74.0,1304.0,10.7,0.585,12.9,-0.7,0.4
George Hill,2019,60.0,1302.0,12.1,0.554,15.1,-1.4,0.2
George Hill,2019,13.0,344.0,13.5,0.604,17.3,-2.0,0.0
George Hill,2019,47.0,958.0,11.6,0.534,14.4,-1.2,0.2
Bobby Portis,2019,50.0,1299.0,16.1,0.529,24.6,-2.4,-0.1
Bobby Portis,2019,22.0,531.0,17.2,0.529,26.5,-1.9,0.0
Bobby Portis,2019,28.0,768.0,15.3,0.53,23.3,-2.8,-0.2
Wayne Ellington,2019,53.0,1297.0,11.8,0.569,17.2,0.0,0.7
Wayne Ellington,2019,25.0,533.0,10.8,0.547,16.5,0.2,0.3
Wayne Ellington,2019,28.0,764.0,12.5,0.584,17.7,-0.1,0.4
Rodions Kurucs,2019,63.0,1294.0,11.0,0.545,18.4,-2.6,-0.2
Kyle Anderson,2019,43.0,1281.0,12.8,0.569,12.6,0.8,0.9
Jakob Poeltl,2019,77.0,1273.0,19.4,0.64,13.1,2.0,1.3
Markieff Morris,2019,58.0,1270.0,11.7,0.521,19.1,-2.7,-0.2
Markieff Morris,2019,34.0,883.0,12.3,0.543,19.5,-2.7,-0.2
Markieff Morris,2019,24.0,387.0,10.4,0.475,18.0,-2.8,-0.1
Jeff Teague,2019,42.0,1264.0,15.4,0.528,19.3,-0.4,0.5
Pat Connaughton,2019,61.0,1261.0,13.6,0.573,13.3,1.2,1.0
Malik Monk,2019,73.0,1258.0,11.8,0.518,24.6,-3.0,-0.3
Ish Smith,2019,56.0,1251.0,11.8,0.485,19.9,-2.0,0.0
Elfrid Payton,2019,42.0,1250.0,14.0,0.502,18.3,-1.4,0.2
Shelvin Mack,2019,57.0,1246.0,10.4,0.489,18.1,-3.0,-0.3
Shelvin Mack,2019,53.0,1204.0,11.0,0.499,18.0,-2.5,-0.1
Shelvin Mack,2019,4.0,42.0,-6.6,0.251,22.5,-17.9,-0.2
Nikola Mirotić,2019,46.0,1245.0,17.2,0.584,21.4,1.5,1.1
Nikola Mirotić,2019,32.0,925.0,17.5,0.591,21.7,1.4,0.8
Nikola Mirotić,2019,14.0,320.0,16.2,0.562,20.4,2.0,0.3
Cody Zeller,2019,49.0,1243.0,17.2,0.611,16.3,0.1,0.7
Rondae Hollis-Jefferson,2019,59.0,1234.0,12.5,0.464,21.6,-2.6,-0.2
Wes Iwundu,2019,68.0,1233.0,8.7,0.531,12.8,-3.2,-0.4
Ersan İlyasova,2019,67.0,1231.0,11.6,0.548,15.7,-2.3,-0.1
James Ennis III,2019,58.0,1230.0,11.0,0.59,12.7,-1.5,0.1
James Ennis III,2019,40.0,949.0,11.3,0.622,11.9,-0.9,0.3
James Ennis III,2019,18.0,281.0,9.9,0.51,15.5,-3.7,-0.1
Jared Dudley,2019,59.0,1220.0,7.8,0.554,10.4,-1.8,0.1
Jonas Jerebko,2019,73.0,1218.0,13.5,0.588,15.2,-0.7,0.4
Jamal Crawford,2019,64.0,1211.0,11.7,0.522,20.8,-3.9,-0.6
Stanley Johnson,2019,66.0,1208.0,9.6,0.485,19.4,-2.2,0.0
Stanley Johnson,2019,48.0,961.0,9.8,0.482,19.1,-1.6,0.1
Stanley Johnson,2019,18.0,247.0,8.9,0.496,20.4,-4.5,-0.2
Mario Hezonja,2019,58.0,1206.0,10.8,0.497,21.3,-3.8,-0.5
Robert Covington,2019,35.0,1203.0,13.3,0.58,15.6,1.6,1.1
Robert Covington,2019,13.0,440.0,11.0,0.578,14.2,0.5,0.3
Robert Covington,2019,22.0,763.0,14.7,0.58,16.5,2.2,0.8
Tristan Thompson,2019,43.0,1198.0,18.4,0.551,17.7,-0.5,0.4
Will Barton,2019,43.0,1189.0,11.0,0.501,20.0,-1.8,0.0
Richaun Holmes,2019,70.0,1184.0,20.7,0.647,17.9,0.6,0.8
Michael Kidd-Gilchrist,2019,64.0,1179.0,13.3,0.553,15.7,-2.4,-0.1
Wilson Chandler,2019,51.0,1177.0,8.5,0.537,11.8,-2.8,-0.2
Wilson Chandler,2019,36.0,951.0,9.1,0.561,11.2,-2.0,0.0
Wilson Chandler,2019,15.0,226.0,5.8,0.463,14.2,-6.1,-0.2
Frank Jackson,2019,61.0,1169.0,9.4,0.517,18.5,-4.6,-0.8
James Johnson,2019,55.0,1164.0,10.9,0.522,17.8,-1.2,0.2
Derrick Jones Jr.,2019,60.0,1153.0,14.0,0.559,15.6,-0.5,0.4
Victor Oladipo,2019,36.0,1147.0,17.6,0.519,27.9,2.9,1.4
Dion Waiters,2019,44.0,1138.0,11.4,0.53,21.1,-1.1,0.3
Allen Crabbe,2019,43.0,1133.0,7.7,0.519,16.4,-2.8,-0.2
Norman Powell,2019,60.0,1126.0,13.3,0.596,19.0,-0.7,0.4
Trey Burke,2019,58.0,1125.0,16.5,0.524,24.8,0.1,0.6
Trey Burke,2019,33.0,689.0,15.6,0.496,26.1,-0.6,0.2
Trey Burke,2019,25.0,436.0,17.9,0.574,22.8,1.2,0.3
Lance Stephenson,2019,68.0,1123.0,11.8,0.529,20.3,-1.5,0.1
Trey Lyles,2019,64.0,1120.0,12.7,0.5,23.4,-2.4,-0.1
Tim Frazier,2019,59.0,1120.0,11.7,0.544,13.3,-1.8,0.1
Tim Frazier,2019,47.0,909.0,11.6,0.552,12.3,-1.3,0.2
Tim Frazier,2019,12.0,211.0,11.8,0.523,17.4,-3.6,-0.1
Wendell Carter Jr.,2019,44.0,1110.0,15.2,0.541,19.1,-1.6,0.1
John Wall,2019,32.0,1104.0,18.0,0.527,28.8,0.9,0.8
Jonas Valančiūnas,2019,49.0,1091.0,24.4,0.616,28.5,2.7,1.3
Jonas Valančiūnas,2019,30.0,564.0,24.4,0.639,25.9,3.2,0.7
Jonas Valančiūnas,2019,19.0,527.0,24.4,0.594,31.4,2.1,0.5
Ante Žižić,2019,59.0,1082.0,16.2,0.59,18.2,-3.2,-0.3
Anthony Tolliver,2019,65.0,1079.0,8.6,0.571,12.5,-2.4,-0.1
Kenrich Williams,2019,46.0,1079.0,9.7,0.485,12.3,-1.9,0.0
Devin Harris,2019,68.0,1071.0,10.7,0.527,18.5,-2.2,-0.1
Yogi Ferrell,2019,71.0,1067.0,12.7,0.55,16.3,-1.4,0.2
Jonathon Simmons,2019,56.0,1064.0,8.5,0.466,18.7,-4.2,-0.6
Jonathon Simmons,2019,41.0,845.0,7.4,0.445,19.3,-5.2,-0.7
Jonathon Simmons,2019,15.0,219.0,12.9,0.553,16.7,-0.8,0.1
Caris LeVert,2019,40.0,1063.0,14.9,0.509,24.0,0.2,0.6
Quinn Cook,2019,74.0,1059.0,13.1,0.565,20.2,-2.1,0.0
Nerlens Noel,2019,77.0,1055.0,19.3,0.608,13.8,2.1,1.1
Ivica Zubac,2019,59.0,1040.0,18.9,0.604,20.3,-0.5,0.4
Ivica Zubac,2019,33.0,516.0,19.5,0.633,20.5,-0.2,0.2
Ivica Zubac,2019,26.0,524.0,18.3,0.574,20.1,-0.7,0.2
Sterling Brown,2019,58.0,1034.0,10.9,0.563,15.2,-1.5,0.1
Gorgui Dieng,2019,76.0,1031.0,18.1,0.572,19.6,0.6,0.7
Nik Stauskas,2019,68.0,1015.0,10.9,0.545,17.6,-1.9,0.0
Nik Stauskas,2019,44.0,673.0,10.8,0.545,17.9,-1.6,0.1
Nik Stauskas,2019,24.0,342.0,11.3,0.544,16.9,-2.5,0.0
Alfonzo McKinnie,2019,72.0,1003.0,11.2,0.569,13.9,-3.5,-0.4
Tony Parker,2019,56.0,1003.0,15.3,0.512,25.5,-2.6,-0.1
Goran Dragić,2019,36.0,991.0,13.9,0.517,23.7,-1.1,0.2
David Nwaba,2019,51.0,984.0,12.5,0.558,14.6,-2.1,0.0
De'Anthony Melton,2019,50.0,984.0,9.9,0.466,15.0,-2.7,-0.2
Shabazz Napier,2019,56.0,983.0,15.3,0.534,24.0,1.5,0.9
Danuel House Jr.,2019,39.0,979.0,12.2,0.646,14.1,-0.5,0.4
Ian Clark,2019,60.0,973.0,8.3,0.502,19.3,-5.1,-0.8
Thon Maker,2019,64.0,972.0,11.3,0.53,14.8,-1.2,0.2
Thon Maker,2019,35.0,409.0,12.9,0.546,16.3,0.0,0.2
Thon Maker,2019,29.0,563.0,10.2,0.514,13.7,-2.1,0.0
Shaun Livingston,2019,64.0,967.0,11.7,0.555,12.0,-1.0,0.2
Elie Okobo,2019,53.0,958.0,7.6,0.489,17.0,-5.7,-0.9
Jerian Grant,2019,60.0,939.0,10.8,0.526,13.4,-1.6,0.1
Jahlil Okafor,2019,59.0,935.0,17.9,0.603,19.9,-1.5,0.1
Dante Cunningham,2019,64.0,928.0,10.2,0.585,8.9,-0.6,0.3
Daniel Theis,2019,66.0,908.0,17.0,0.624,15.8,0.0,0.5
Frank Ntilikina,2019,43.0,904.0,6.0,0.417,16.6,-6.0,-0.9
Cheick Diallo,2019,64.0,896.0,17.5,0.644,16.0,-0.9,0.2
Chandler Hutchison,2019,44.0,895.0,8.8,0.507,12.2,-3.9,-0.4
D.J. Wilson,2019,48.0,882.0,10.3,0.515,14.4,-2.2,0.0
Zaza Pachulia,2019,68.0,878.0,13.7,0.539,15.0,-1.2,0.2
Meyers Leonard,2019,61.0,878.0,15.8,0.675,14.8,1.8,0.8
Solomon Hill,2019,44.0,878.0,6.8,0.497,10.4,-3.6,-0.3
Tyson Chandler,2019,55.0,875.0,11.2,0.63,8.5,-2.1,0.0
Tyson Chandler,2019,7.0,89.0,11.5,0.653,13.0,-4.6,-0.1
Tyson Chandler,2019,48.0,786.0,11.2,0.626,8.0,-1.8,0.0
Patrick Patterson,2019,63.0,861.0,8.1,0.493,12.0,-2.5,-0.1
C.J. Miles,2019,53.0,856.0,9.0,0.504,18.6,-2.9,-0.2
C.J. Miles,2019,40.0,562.0,8.0,0.484,18.8,-3.6,-0.2
C.J. Miles,2019,13.0,294.0,10.8,0.544,18.3,-1.5,0.0
Antonio Blakeney,2019,57.0,829.0,10.6,0.487,24.5,-5.2,-0.7
Dragan Bender,2019,46.0,826.0,9.5,0.521,13.4,-4.1,-0.5
Aron Baynes,2019,51.0,821.0,14.0,0.567,15.2,-1.5,0.1
Harry Giles,2019,58.0,820.0,14.4,0.526,23.2,-3.0,-0.2
Willy Hernangómez,2019,58.0,812.0,20.4,0.587,22.1,-0.1,0.4
Matthew Dellavedova,2019,48.0,812.0,11.1,0.532,17.9,-4.4,-0.5
Matthew Dellavedova,2019,12.0,97.0,7.5,0.482,13.7,-4.1,-0.1
Matthew Dellavedova,2019,36.0,715.0,11.5,0.537,18.4,-4.5,-0.4
Omari Spellman,2019,46.0,805.0,12.4,0.516,14.9,-1.2,0.2
Bruno Caboclo,2019,34.0,800.0,12.4,0.571,15.9,-1.1,0.2
Dirk Nowitzki,2019,51.0,795.0,9.6,0.469,22.5,-3.9,-0.4
Jordan Bell,2019,68.0,788.0,12.9,0.531,13.7,-0.9,0.2
Sam Dekker,2019,47.0,788.0,13.3,0.519,16.2,-1.8,0.1
Sam Dekker,2019,9.0,169.0,14.0,0.544,14.9,-1.1,0.0
Sam Dekker,2019,38.0,619.0,13.2,0.514,16.6,-1.9,0.0
Luke Kornet,2019,46.0,784.0,14.8,0.531,17.9,2.0,0.8
Bismack Biyombo,2019,54.0,783.0,14.4,0.602,12.7,-2.5,-0.1
Lance Thomas,2019,46.0,783.0,6.4,0.482,12.9,-5.7,-0.7
DeMarcus Cousins,2019,30.0,771.0,21.4,0.562,28.1,3.0,1.0
Mo Bamba,2019,47.0,766.0,14.9,0.539,17.8,-1.4,0.1
Troy Daniels,2019,51.0,760.0,9.8,0.558,17.6,-3.7,-0.3
Dwayne Bacon,2019,43.0,759.0,11.7,0.57,16.8,-3.7,-0.3
Frank Kaminsky,2019,47.0,755.0,16.8,0.587,22.1,0.3,0.4
J.J. Barea,2019,38.0,752.0,16.3,0.495,28.1,-0.6,0.3
Marcin Gortat,2019,47.0,751.0,12.8,0.562,14.4,-1.3,0.1
Cristiano Felício,2019,60.0,746.0,13.4,0.568,14.3,-4.1,-0.4
Chasson Randle,2019,49.0,743.0,9.9,0.555,16.4,-4.0,-0.4
Brandon Knight,2019,39.0,736.0,8.9,0.484,18.1,-5.4,-0.6
Brandon Knight,2019,12.0,118.0,0.8,0.347,20.9,-12.4,-0.3
Brandon Knight,2019,27.0,618.0,10.5,0.515,17.6,-4.1,-0.3
Troy Brown Jr.,2019,52.0,730.0,11.1,0.487,16.5,-2.7,-0.1
Kenneth Faried,2019,37.0,728.0,21.6,0.622,20.3,-0.2,0.3
Kenneth Faried,2019,12.0,118.0,20.5,0.622,19.6,0.4,0.1
Kenneth Faried,2019,25.0,610.0,21.8,0.622,20.4,-0.4,0.3
Ivan Rabb,2019,49.0,721.0,16.1,0.586,17.2,-1.4,0.1
Treveon Graham,2019,35.0,715.0,6.1,0.458,12.8,-3.7,-0.3
Cameron Payne,2019,40.0,712.0,11.5,0.519,17.6,-3.0,-0.2
Cameron Payne,2019,31.0,536.0,10.3,0.492,17.4,-3.8,-0.2
Cameron Payne,2019,9.0,176.0,15.3,0.596,18.1,-0.7,0.1
Tyler Dorsey,2019,48.0,698.0,11.2,0.509,19.7,-3.5,-0.3
Tyler Dorsey,2019,27.0,251.0,7.8,0.448,17.9,-4.9,-0.2
Tyler Dorsey,2019,21.0,447.0,13.1,0.541,20.7,-2.7,-0.1
Abdel Nader,2019,61.0,694.0,8.8,0.522,15.1,-3.2,-0.2
Joakim Noah,2019,42.0,693.0,18.6,0.571,20.0,2.1,0.7
Boban Marjanović,2019,58.0,681.0,24.2,0.664,23.3,3.2,0.9
Boban Marjanović,2019,36.0,376.0,24.9,0.666,24.6,3.1,0.5
Boban Marjanović,2019,22.0,305.0,23.3,0.663,21.7,3.3,0.4
Furkan Korkmaz,2019,48.0,679.0,11.5,0.528,17.9,-1.8,0.0
Devonte' Graham,2019,46.0,676.0,10.3,0.459,17.0,-4.0,-0.3
Timothé Luwawu-Cabarrot,2019,50.0,669.0,8.0,0.489,16.6,-5.2,-0.5
Timothé Luwawu-Cabarrot,2019,21.0,123.0,3.4,0.383,16.8,-7.1,-0.2
Timothé Luwawu-Cabarrot,2019,29.0,546.0,9.0,0.515,16.5,-4.7,-0.4
Danté Exum,2019,42.0,664.0,11.2,0.516,21.3,-2.1,0.0
Jerryd Bayless,2019,34.0,657.0,8.5,0.431,17.6,-4.6,-0.4
Aaron Holiday,2019,50.0,646.0,11.9,0.518,21.9,-1.6,0.1
Khem Birch,2019,50.0,643.0,19.2,0.64,14.1,1.2,0.5
Gary Clark,2019,51.0,641.0,9.2,0.48,10.9,-0.7,0.2
Jonah Bolden,2019,44.0,639.0,12.7,0.595,13.8,-0.7,0.2
José Calderón,2019,49.0,632.0,7.1,0.453,10.9,-3.9,-0.3
Isaiah Canaan,2019,30.0,629.0,8.0,0.518,14.2,-4.1,-0.3
Isaiah Canaan,2019,19.0,503.0,7.3,0.515,14.2,-4.6,-0.3
Isaiah Canaan,2019,7.0,95.0,12.3,0.536,15.4,-1.3,0.0
Isaiah Canaan,2019,4.0,31.0,5.2,0.5,10.8,-4.0,0.0
Tyrone Wallace,2019,62.0,628.0,7.0,0.45,18.7,-6.4,-0.7
Glenn Robinson III,2019,47.0,610.0,8.7,0.511,15.0,-3.0,-0.2
Thabo Sefolosha,2019,50.0,609.0,12.1,0.599,12.9,1.5,0.5
Kevin Love,2019,22.0,598.0,19.5,0.561,27.4,1.6,0.6
Semi Ojeleye,2019,56.0,594.0,8.5,0.531,14.1,-4.0,-0.3
Álex Abrines,2019,31.0,588.0,6.3,0.507,12.2,-3.3,-0.2
Jevon Carter,2019,39.0,577.0,7.8,0.432,18.0,-4.0,-0.3
Isaiah Briscoe,2019,39.0,559.0,6.7,0.455,14.1,-5.0,-0.4
Nenê,2019,42.0,546.0,11.9,0.552,11.7,-2.2,0.0
Wesley Johnson,2019,38.0,534.0,5.5,0.469,12.0,-4.8,-0.4
Wesley Johnson,2019,26.0,377.0,6.9,0.517,11.3,-3.1,-0.1
Wesley Johnson,2019,12.0,157.0,2.0,0.372,13.6,-8.9,-0.3
Alex Caruso,2019,25.0,531.0,13.9,0.569,19.0,-0.2,0.2
Amir Johnson,2019,51.0,529.0,13.1,0.574,17.4,-2.3,0.0
Hamidou Diallo,2019,51.0,526.0,10.1,0.497,16.6,-4.2,-0.3
T.J. Leaf,2019,58.0,522.0,16.9,0.572,17.5,-0.3,0.2
Omri Casspi,2019,36.0,520.0,15.7,0.606,18.0,0.4,0.3
Georges Niang,2019,59.0,516.0,13.0,0.613,17.8,0.0,0.3
Keita Bates-Diop,2019,30.0,503.0,9.6,0.489,14.1,-3.4,-0.2
Kosta Koufos,2019,42.0,502.0,12.3,0.477,15.7,-3.4,-0.2
Marquese Chriss,2019,43.0,499.0,9.2,0.455,20.6,-7.5,-0.7
Marquese Chriss,2019,16.0,104.0,3.4,0.391,20.5,-11.2,-0.2
Marquese Chriss,2019,27.0,395.0,10.7,0.47,20.7,-6.6,-0.5
Ian Mahinmi,2019,34.0,498.0,12.0,0.531,12.9,-3.0,-0.1
Chandler Parsons,2019,25.0,496.0,8.5,0.484,20.3,-4.4,-0.3
Corey Brewer,2019,31.0,492.0,11.6,0.532,13.6,-1.3,0.1
Corey Brewer,2019,7.0,140.0,10.8,0.484,18.8,-3.6,-0.1
Corey Brewer,2019,24.0,352.0,12.0,0.562,11.5,-0.4,0.1
Greg Monroe,2019,43.0,480.0,16.0,0.521,22.6,-3.2,-0.1
Greg Monroe,2019,38.0,423.0,13.5,0.487,22.2,-5.0,-0.3
Greg Monroe,2019,2.0,5.0,60.2,0.6,43.1,25.2,0.0
Greg Monroe,2019,3.0,52.0,31.7,0.736,23.2,8.2,0.1
Raul Neto,2019,37.0,474.0,13.5,0.558,19.0,-0.3,0.2
Justin Anderson,2019,48.0,463.0,11.2,0.516,17.2,-2.7,-0.1
Ryan Broekhoff,2019,42.0,453.0,10.7,0.621,14.3,-1.0,0.1
Moritz Wagner,2019,43.0,446.0,10.1,0.533,21.7,-4.3,-0.3
Svi Mykhailiuk,2019,42.0,440.0,6.0,0.447,16.0,-5.0,-0.3
Svi Mykhailiuk,2019,39.0,420.0,5.8,0.451,15.9,-5.2,-0.3
Svi Mykhailiuk,2019,3.0,20.0,9.8,0.375,19.4,-0.5,0.0
Jaron Blossomgame,2019,27.0,439.0,10.2,0.51,12.2,-3.8,-0.2
Frank Mason III,2019,38.0,435.0,12.4,0.502,21.8,-3.1,-0.1
Jaylen Adams,2019,34.0,428.0,7.6,0.474,13.5,-4.3,-0.2
Courtney Lee,2019,34.0,428.0,10.3,0.492,15.3,-2.5,-0.1
Courtney Lee,2019,12.0,160.0,13.7,0.527,15.5,-0.8,0.0
Courtney Lee,2019,22.0,268.0,8.3,0.47,15.1,-3.6,-0.1
Markelle Fultz,2019,19.0,427.0,10.5,0.452,19.3,-3.1,-0.1
Grayson Allen,2019,38.0,416.0,7.5,0.516,24.4,-6.3,-0.5
Kadeem Allen,2019,19.0,416.0,16.2,0.574,19.6,0.5,0.3
Donte DiVincenzo,2019,27.0,411.0,9.1,0.507,15.1,-2.2,0.0
Damian Jones,2019,24.0,410.0,15.3,0.72,11.1,1.1,0.3
Jon Leuer,2019,41.0,402.0,13.2,0.616,16.1,-2.5,0.0
Salah Mejri,2019,36.0,399.0,16.1,0.559,15.8,0.8,0.3
Patrick McCaw,2019,29.0,397.0,7.5,0.532,9.4,-3.0,-0.1
Patrick McCaw,2019,3.0,53.0,-0.7,0.278,9.9,-11.0,-0.1
Patrick McCaw,2019,26.0,344.0,8.7,0.569,9.3,-1.7,0.0
Luol Deng,2019,22.0,392.0,14.6,0.588,15.8,0.0,0.2
MarShon Brooks,2019,29.0,387.0,11.6,0.518,23.6,-3.0,-0.1
Raymond Felton,2019,33.0,379.0,11.2,0.505,16.6,-1.3,0.1
Damion Lee,2019,32.0,375.0,11.9,0.578,16.8,-2.2,0.0
Johnathan Williams,2019,24.0,372.0,15.1,0.599,16.4,-3.2,-0.1
Michael Carter-Williams,2019,28.0,372.0,14.7,0.458,19.4,0.8,0.3
Michael Carter-Williams,2019,16.0,145.0,12.7,0.476,24.7,-1.6,0.0
Michael Carter-Williams,2019,12.0,227.0,16.1,0.44,16.1,2.4,0.3
Kyle O'Quinn,2019,45.0,371.0,16.8,0.537,20.8,0.4,0.2
Pau Gasol,2019,30.0,360.0,16.7,0.529,15.6,3.1,0.5
Pau Gasol,2019,27.0,330.0,18.0,0.544,15.8,3.9,0.5
Pau Gasol,2019,3.0,30.0,1.7,0.291,12.4,-4.7,0.0
Brad Wanamaker,2019,36.0,343.0,14.3,0.597,17.1,-0.7,0.1
Channing Frye,2019,36.0,341.0,8.9,0.524,17.5,-3.5,-0.1
Jordan McRae,2019,27.0,333.0,14.3,0.55,20.4,-1.7,0.0
John Jenkins,2019,26.0,333.0,9.7,0.536,15.7,-3.4,-0.1
John Jenkins,2019,4.0,14.0,20.5,1.5,6.1,6.6,0.0
John Jenkins,2019,22.0,319.0,9.3,0.518,16.1,-3.9,-0.2
Dillon Brooks,2019,18.0,330.0,7.6,0.499,20.9,-6.3,-0.4
Jarell Martin,2019,42.0,328.0,9.4,0.528,15.9,-3.9,-0.2
Ryan Anderson,2019,25.0,322.0,4.6,0.414,12.0,-6.4,-0.4
Ryan Anderson,2019,15.0,278.0,4.6,0.423,12.1,-6.3,-0.3
Ryan Anderson,2019,10.0,44.0,4.5,0.354,11.6,-6.5,0.0
Ekpe Udoh,2019,51.0,320.0,20.9,0.698,13.1,4.7,0.5
Jerome Robinson,2019,33.0,320.0,7.2,0.491,16.7,-4.7,-0.2
Sindarius Thornwell,2019,64.0,313.0,5.2,0.485,11.3,-4.7,-0.2
Troy Williams,2019,21.0,312.0,10.5,0.531,15.0,-2.4,0.0
Alex Poythress,2019,21.0,305.0,12.2,0.571,14.2,-3.5,-0.1
Carmelo Anthony,2019,10.0,294.0,10.9,0.513,20.5,-2.7,-0.1
Quincy Pondexter,2019,53.0,292.0,13.2,0.641,13.5,-0.9,0.1
Robert Williams,2019,32.0,283.0,18.8,0.703,10.3,1.8,0.3
Michael Beasley,2019,26.0,277.0,15.9,0.532,29.5,-1.5,0.0
Shake Milton,2019,20.0,268.0,9.3,0.483,15.0,-3.2,-0.1
Cameron Reynolds,2019,19.0,259.0,10.4,0.58,14.1,-2.5,0.0
Henry Ellenson,2019,19.0,259.0,13.1,0.538,19.0,-1.5,0.0
Henry Ellenson,2019,2.0,25.0,14.8,0.551,18.8,2.2,0.0
Henry Ellenson,2019,17.0,234.0,12.9,0.536,19.0,-1.9,0.0
Julian Washburn,2019,18.0,254.0,6.5,0.402,10.0,-4.6,-0.2
Guerschon Yabusele,2019,41.0,251.0,12.4,0.542,17.5,-2.7,0.0
Christian Wood,2019,21.0,251.0,21.9,0.607,26.1,0.4,0.1
Christian Wood,2019,13.0,62.0,17.1,0.585,23.4,-1.3,0.0
Christian Wood,2019,8.0,189.0,23.4,0.613,26.9,0.9,0.1
Deonte Burton,2019,32.0,240.0,7.0,0.47,16.3,-4.3,-0.1
Dwight Howard,2019,9.0,230.0,17.4,0.638,19.6,-3.0,-0.1
J.R. Smith,2019,11.0,222.0,7.8,0.444,18.6,-3.2,-0.1
Isaiah Hartenstein,2019,28.0,221.0,10.0,0.562,11.8,-3.9,-0.1
Jalen Jones,2019,16.0,214.0,11.7,0.548,16.7,-4.2,-0.1
Brandon Sampson,2019,14.0,214.0,8.5,0.567,15.2,-4.7,-0.1
Lorenzo Brown,2019,26.0,212.0,6.3,0.38,17.9,-3.5,-0.1
Theo Pinson,2019,18.0,211.0,8.1,0.49,20.0,-3.2,-0.1
Edmond Sumner,2019,23.0,210.0,7.6,0.443,17.6,-5.3,-0.2
Jacob Evans,2019,30.0,204.0,3.5,0.374,13.5,-8.2,-0.3
Daniel Hamilton,2019,19.0,204.0,7.1,0.455,15.7,-4.1,-0.1
Khyri Thomas,2019,26.0,195.0,6.2,0.413,17.2,-5.0,-0.2
Deng Adel,2019,19.0,194.0,2.7,0.424,9.9,-7.5,-0.3
Jason Smith,2019,20.0,190.0,9.8,0.492,17.5,-4.7,-0.1
Jason Smith,2019,12.0,130.0,11.7,0.52,16.1,-3.4,0.0
Jason Smith,2019,6.0,40.0,6.3,0.468,19.8,-6.9,-0.1
Jason Smith,2019,2.0,20.0,4.6,0.405,22.3,-8.8,0.0
John Henson,2019,14.0,188.0,17.1,0.553,18.6,2.5,0.2
Andrew Harrison,2019,17.0,187.0,5.8,0.443,16.8,-7.1,-0.2
Andrew Harrison,2019,1.0,5.0,4.6,0.5,17.9,-15.4,0.0
Andrew Harrison,2019,10.0,144.0,6.6,0.467,17.0,-6.2,-0.2
Andrew Harrison,2019,6.0,38.0,3.1,0.349,16.1,-9.2,-0.1
Isaiah Thomas,2019,12.0,181.0,7.0,0.437,30.4,-6.5,-0.2
Caleb Swanigan,2019,21.0,178.0,4.7,0.377,17.7,-7.2,-0.2
Caleb Swanigan,2019,18.0,145.0,3.1,0.372,18.4,-8.2,-0.2
Caleb Swanigan,2019,3.0,33.0,11.7,0.405,14.9,-2.7,0.0
Skal Labissière,2019,22.0,176.0,12.6,0.593,16.0,-3.0,0.0
Skal Labissière,2019,13.0,113.0,7.0,0.517,15.3,-6.4,-0.1
Skal Labissière,2019,9.0,63.0,22.6,0.716,17.2,3.0,0.1
Yuta Watanabe,2019,15.0,174.0,3.3,0.352,15.8,-9.1,-0.3
Miles Plumlee,2019,18.0,173.0,18.9,0.654,16.7,1.6,0.2
Dairis Bertāns,2019,12.0,167.0,2.0,0.362,12.0,-8.8,-0.3
Walt Lemon Jr.,2019,6.0,167.0,16.3,0.468,26.6,-2.2,0.0
Chris Boucher,2019,28.0,163.0,22.2,0.563,23.6,2.6,0.2
Duncan Robinson,2019,15.0,161.0,7.6,0.514,14.0,-3.5,-0.1
Ben McLemore,2019,19.0,158.0,10.5,0.541,19.4,-3.5,-0.1
Johnathan Motley,2019,22.0,156.0,18.9,0.563,28.8,-1.9,0.0
Ron Baker,2019,15.0,152.0,2.5,0.309,7.8,-7.0,-0.2
Ron Baker,2019,11.0,107.0,4.4,0.376,8.6,-6.6,-0.1
Ron Baker,2019,4.0,45.0,-2.0,0.0,5.7,-7.9,-0.1
Miloš Teodosić,2019,15.0,150.0,6.5,0.557,18.0,-5.4,-0.1
Ray Spalding,2019,14.0,148.0,14.6,0.516,17.8,-5.1,-0.1
Ray Spalding,2019,1.0,1.0,0.0,,0.0,-12.6,0.0
Ray Spalding,2019,13.0,147.0,14.7,0.516,17.9,-5.1,-0.1
Chimezie Metu,2019,29.0,145.0,6.4,0.389,24.4,-8.7,-0.2
Jemerrio Jones,2019,6.0,143.0,12.1,0.398,11.3,0.2,0.1
Anfernee Simons,2019,20.0,141.0,11.1,0.535,24.3,-5.3,-0.1
Andrew Bogut,2019,11.0,134.0,13.4,0.523,14.5,-2.9,0.0
C.J. Williams,2019,15.0,128.0,8.8,0.55,13.3,-3.7,-0.1
JaKarr Sampson,2019,4.0,127.0,22.5,0.633,23.1,3.7,0.2
Quincy Acy,2019,10.0,123.0,2.9,0.379,9.2,-8.1,-0.2
Isaac Bonga,2019,22.0,120.0,6.0,0.24,15.7,-4.8,-0.1
Rawle Alkins,2019,10.0,120.0,8.1,0.418,19.0,-7.3,-0.2
Lonnie Walker IV,2019,17.0,118.0,10.8,0.446,20.3,-2.4,0.0
Deyonta Davis,2019,9.0,118.0,15.6,0.682,10.1,-2.0,0.0
Drew Eubanks,2019,23.0,113.0,15.1,0.646,15.5,-1.3,0.0
Gary Trent Jr.,2019,15.0,111.0,3.6,0.377,21.7,-10.8,-0.2
Jared Terrell,2019,14.0,111.0,0.7,0.372,19.6,-10.9,-0.2
Zhaire Smith,2019,6.0,111.0,9.5,0.533,16.4,-5.0,-0.1
Jodie Meeks,2019,8.0,104.0,16.0,0.647,17.1,0.5,0.1
Malachi Richardson,2019,22.0,103.0,0.9,0.481,16.4,-8.8,-0.2
James Nunnally,2019,15.0,102.0,7.3,0.503,15.3,-4.8,-0.1
James Nunnally,2019,13.0,64.0,12.1,0.593,15.6,0.1,0.0
James Nunnally,2019,2.0,38.0,-0.8,0.346,14.8,-13.0,-0.1
Bonzie Colson,2019,8.0,98.0,12.9,0.454,19.6,-3.5,0.0
Devin Robinson,2019,7.0,95.0,20.6,0.616,17.9,1.9,0.1
Tyler Lydon,2019,25.0,94.0,9.3,0.595,10.6,-4.2,-0.1
Wade Baldwin,2019,16.0,94.0,1.3,0.396,23.3,-10.3,-0.2
Tyler Zeller,2019,6.0,93.0,17.3,0.607,20.1,-5.0,-0.1
Tyler Zeller,2019,2.0,11.0,1.5,0.0,7.4,-10.2,0.0
Tyler Zeller,2019,4.0,82.0,19.4,0.64,21.8,-4.3,0.0
Daryl Macon,2019,8.0,90.0,5.5,0.482,17.2,-7.9,-0.1
Naz Mitrou-Long,2019,14.0,84.0,2.2,0.383,14.7,-8.7,-0.1
Udonis Haslem,2019,10.0,74.0,3.6,0.36,21.9,-10.9,-0.2
Jarred Vanderbilt,2019,17.0,69.0,12.4,0.513,19.4,-4.2,0.0
Amile Jefferson,2019,12.0,68.0,21.1,0.692,13.1,2.5,0.1
Marcus Derrickson,2019,11.0,67.0,19.4,0.653,24.4,-2.7,0.0
Malcolm Miller,2019,10.0,67.0,13.7,0.63,18.5,-0.5,0.0
Jimmer Fredette,2019,6.0,65.0,3.6,0.348,24.2,-11.3,-0.2
Jawun Evans,2019,8.0,65.0,0.1,0.214,13.2,-10.3,-0.1
Jawun Evans,2019,7.0,64.0,0.7,0.231,12.7,-9.2,-0.1
Jawun Evans,2019,1.0,1.0,-38.1,0.0,40.7,-81.4,0.0
Alize Johnson,2019,14.0,64.0,6.3,0.333,13.3,-7.7,-0.1
Billy Garrett,2019,4.0,63.0,9.8,0.452,20.9,-5.5,-0.1
Luc Mbah a Moute,2019,4.0,61.0,6.7,0.495,15.4,-3.0,0.0
Brandon Goodwin,2019,16.0,57.0,8.3,0.413,23.1,-9.5,-0.1
Isaac Humphries,2019,5.0,56.0,3.4,0.357,15.2,-11.0,-0.1
Jordan Loyd,2019,12.0,55.0,16.3,0.635,19.4,-1.0,0.0
PJ Dozier,2019,6.0,51.0,16.0,0.434,18.5,-2.0,0.0
B.J. Johnson,2019,7.0,49.0,12.8,0.609,17.4,-4.3,0.0
B.J. Johnson,2019,6.0,43.0,14.0,0.622,17.9,-2.9,0.0
B.J. Johnson,2019,1.0,6.0,3.7,0.5,13.8,-14.1,0.0
Mitch Creek,2019,5.0,48.0,20.2,0.55,17.6,3.5,0.1
Mitch Creek,2019,4.0,36.0,21.5,0.573,15.3,5.7,0.1
Mitch Creek,2019,1.0,12.0,16.3,0.5,24.5,-3.0,0.0
Davon Reed,2019,10.0,47.0,8.1,0.5,12.1,-5.5,0.0
Melvin Frazier,2019,10.0,44.0,1.2,0.33,23.5,-14.5,-0.1
Eric Moreland,2019,5.0,43.0,6.7,0.5,12.0,-4.7,0.0
Eric Moreland,2019,1.0,5.0,3.9,,0.0,-6.1,0.0
Eric Moreland,2019,4.0,38.0,7.1,0.5,13.6,-4.5,0.0
Haywood Highsmith,2019,5.0,40.0,4.5,0.414,12.4,-8.2,-0.1
Tyler Cavanaugh,2019,11.0,39.0,5.0,0.414,13.0,-8.4,-0.1
Džanan Musa,2019,9.0,39.0,5.8,0.415,29.0,-7.2,-0.1
Demetrius Jackson,2019,6.0,39.0,21.0,0.656,19.1,4.5,0.1
Nick Young,2019,4.0,37.0,2.3,0.5,12.7,-6.9,0.0
Thomas Welsh,2019,11.0,36.0,16.1,0.648,17.7,1.2,0.0
Tony Bradley,2019,3.0,36.0,19.6,0.504,23.6,-6.0,0.0
Chris Chiozza,2019,7.0,33.0,7.0,0.375,11.8,-1.3,0.0
Isaiah Hicks,2019,3.0,32.0,17.4,0.588,15.0,0.1,0.0
Jaylen Morris,2019,4.0,29.0,12.2,0.46,17.2,-0.4,0.0
Alan Williams,2019,5.0,26.0,32.9,0.61,25.5,11.8,0.1
Dusty Hannahs,2019,2.0,26.0,4.5,0.311,23.9,-9.7,-0.1
R.J. Hunter,2019,1.0,26.0,21.5,0.612,23.0,3.6,0.0
Emanuel Terry,2019,3.0,23.0,19.7,0.571,20.1,2.3,0.0
Emanuel Terry,2019,2.0,20.0,19.9,0.654,19.1,2.3,0.0
Emanuel Terry,2019,1.0,3.0,18.4,0.266,26.8,2.1,0.0
DeVaughn Akoon-Purcell,2019,7.0,22.0,8.2,0.322,25.0,-5.8,0.0
Justin Patton,2019,3.0,21.0,10.5,0.317,15.7,-2.0,0.0
Scott Machado,2019,4.0,19.0,22.2,0.776,14.0,5.5,0.0
J.P. Macura,2019,2.0,17.0,5.7,0.333,22.8,-7.7,0.0
Troy Caupain,2019,4.0,16.0,30.7,0.625,21.8,13.3,0.1
Gary Payton II,2019,3.0,16.0,36.9,0.688,23.8,18.9,0.1
Vince Edwards,2019,2.0,16.0,3.8,0.375,10.9,-6.4,0.0
Andre Ingram,2019,4.0,15.0,-11.9,0.0,19.3,-19.6,-0.1
Ángel Delgado,2019,2.0,15.0,4.3,0.255,16.5,-12.0,0.0
Donatas Motiejūnas,2019,3.0,13.0,-0.5,0.436,33.5,-21.7,-0.1
Yante Maten,2019,2.0,13.0,5.7,0.25,13.2,-9.1,0.0
Kostas Antetokounmpo,2019,2.0,11.0,-0.9,0.21,22.5,-12.7,0.0
Joe Chealey,2019,1.0,8.0,2.0,0.333,16.2,-14.6,0.0
Tahjere McCall,2019,1.0,8.0,9.6,0.581,18.1,-6.6,0.0
D.J. Stephens,2019,1.0,7.0,5.5,0.5,19.1,-5.5,0.0
Ike Anigbogu,2019,3.0,6.0,-6.0,0.0,29.1,-16.2,0.0
Trevon Duval,2019,3.0,6.0,38.3,0.833,20.9,24.4,0.0
Okaro White,2019,3.0,6.0,-4.5,0.0,14.1,-16.8,0.0
George King,2019,1.0,6.0,1.9,,0.0,-7.9,0.0
Kalin Lucas,2019,1.0,6.0,16.6,0.532,13.5,0.8,0.0
Terrence Jones,2019,2.0,5.0,-15.8,0.225,47.2,-31.1,0.0
Zach Lofton,2019,1.0,4.0,-10.0,0.0,21.6,-11.5,0.0
Jordan Sibert,2019,1.0,4.0,29.7,1.5,10.2,16.0,0.0
Donte Grantham,2019,3.0,2.0,-38.1,0.0,40.7,-37.6,0.0
Kobi Simmons,2019,1.0,2.0,0.0,,0.0,-10.6,0.0
Tyler Davis,2019,1.0,1.0,0.0,0.0,40.7,-40.7,0.0
John Holland,2019,1.0,1.0,0.0,,0.0,-5.0,0.0
Zhou Qi,2019,1.0,1.0,80.4,1.0,43.4,52.0,0.0
Tyler Ulis,2019,1.0,1.0,0.0,,0.0,-10.4,0.0
League Average,2019,,,,0.56,19.9,,
CJ McCollum,2020,70.0,2556.0,17.0,0.541,25.9,0.5,1.6
Devin Booker,2020,70.0,2512.0,20.6,0.618,30.0,2.2,2.6
James Harden,2020,68.0,2483.0,29.1,0.626,36.3,9.6,7.3
Harrison Barnes,2020,72.0,2482.0,13.3,0.574,17.4,-1.3,0.5
Damian Lillard,2020,66.0,2474.0,26.9,0.627,30.3,7.5,5.9
Tobias Harris,2020,72.0,2469.0,17.2,0.556,23.9,0.8,1.8
P.J. Tucker,2020,72.0,2467.0,8.3,0.559,8.7,-1.9,0.1
Shai Gilgeous-Alexander,2020,70.0,2428.0,17.7,0.568,23.7,1.7,2.2
Bam Adebayo,2020,72.0,2417.0,20.3,0.598,21.2,3.4,3.3
Donovan Mitchell,2020,69.0,2364.0,18.8,0.558,30.8,1.9,2.3
Nikola Jokić,2020,73.0,2336.0,24.9,0.605,26.6,7.4,5.5
Rudy Gobert,2020,68.0,2333.0,21.7,0.699,16.2,3.6,3.3
DeMar DeRozan,2020,68.0,2316.0,21.6,0.603,26.3,1.9,2.3
LeBron James,2020,67.0,2316.0,25.5,0.577,31.5,8.4,6.1
Jayson Tatum,2020,66.0,2265.0,20.4,0.567,28.6,4.0,3.4
Buddy Hield,2020,72.0,2216.0,16.0,0.566,27.2,1.1,1.7
Devonte' Graham,2020,63.0,2211.0,15.8,0.537,24.8,0.5,1.4
Chris Paul,2020,70.0,2208.0,21.7,0.61,23.3,4.4,3.5
T.J. Warren,2020,67.0,2202.0,18.4,0.61,23.3,1.1,1.7
Duncan Robinson,2020,73.0,2166.0,13.1,0.684,16.0,0.5,1.3
Terry Rozier,2020,63.0,2164.0,14.8,0.553,23.7,-0.4,0.8
Domantas Sabonis,2020,62.0,2159.0,20.7,0.586,23.3,3.2,2.9
Collin Sexton,2020,65.0,2143.0,16.3,0.56,27.2,-1.8,0.1
Joe Ingles,2020,72.0,2137.0,12.6,0.595,15.1,0.7,1.5
Robert Covington,2020,70.0,2137.0,13.3,0.559,17.0,0.0,1.1
Robert Covington,2020,48.0,1411.0,13.5,0.572,17.8,0.0,0.7
Robert Covington,2020,22.0,726.0,13.1,0.531,15.4,0.2,0.4
Anthony Davis,2020,62.0,2131.0,27.4,0.61,29.3,8.0,5.4
Joe Harris,2020,69.0,2123.0,13.3,0.606,18.3,-0.2,1.0
Dorian Finney-Smith,2020,71.0,2120.0,12.3,0.595,12.9,-0.2,0.9
Trae Young,2020,60.0,2120.0,23.9,0.595,34.9,3.9,3.1
Jrue Holiday,2020,61.0,2117.0,17.0,0.537,24.5,1.8,2.0
Dillon Brooks,2020,73.0,2112.0,11.3,0.51,25.2,-4.1,-1.1
Pascal Siakam,2020,60.0,2110.0,17.9,0.554,28.1,1.8,2.0
Brandon Ingram,2020,62.0,2104.0,18.8,0.587,28.1,2.1,2.2
Kyle Lowry,2020,58.0,2098.0,17.7,0.59,23.1,3.2,2.8
Tim Hardaway Jr.,2020,71.0,2091.0,14.5,0.581,21.1,-0.1,1.0
Zach LaVine,2020,60.0,2085.0,19.4,0.568,31.7,2.5,2.4
Bojan Bogdanović,2020,63.0,2083.0,15.6,0.603,25.5,0.1,1.1
Julius Randle,2020,64.0,2080.0,17.5,0.538,27.6,-0.3,0.9
Evan Fournier,2020,66.0,2076.0,16.4,0.595,23.9,1.0,1.6
Ja Morant,2020,67.0,2074.0,17.4,0.556,25.9,0.3,1.2
OG Anunoby,2020,69.0,2066.0,13.2,0.6,14.3,1.2,1.7
Bradley Beal,2020,57.0,2053.0,23.2,0.579,34.4,2.9,2.5
Royce O'Neale,2020,71.0,2049.0,9.5,0.578,9.6,0.9,1.5
Russell Westbrook,2020,57.0,2049.0,21.0,0.536,34.4,1.5,1.8
Luka Dončić,2020,61.0,2047.0,27.6,0.585,36.8,8.4,5.4
Mikal Bridges,2020,73.0,2042.0,12.9,0.62,12.7,0.8,1.5
Al Horford,2020,67.0,2025.0,15.7,0.536,17.5,2.2,2.2
Lonzo Ball,2020,63.0,2025.0,13.1,0.517,18.5,0.6,1.3
De'Andre Hunter,2020,63.0,2018.0,8.6,0.521,17.5,-4.7,-1.4
Aaron Gordon,2020,62.0,2017.0,15.1,0.516,20.7,0.0,1.0
Ben Simmons,2020,57.0,2017.0,20.4,0.602,20.9,3.6,2.8
Ricky Rubio,2020,65.0,2016.0,16.5,0.535,20.4,1.0,1.5
Nemanja Bjelica,2020,72.0,2011.0,15.7,0.602,17.0,1.8,1.9
Hassan Whiteside,2020,67.0,2008.0,25.0,0.644,19.6,3.2,2.6
Dennis Schröder,2020,65.0,1999.0,16.7,0.575,27.2,-0.1,1.0
Nikola Vučević,2020,62.0,1998.0,21.9,0.549,25.8,4.2,3.1
Markelle Fultz,2020,72.0,1996.0,14.3,0.517,21.4,-1.8,0.1
Miles Bridges,2020,65.0,1995.0,12.1,0.52,20.0,-2.5,-0.3
Spencer Dinwiddie,2020,64.0,1994.0,17.8,0.541,29.2,1.8,1.9
Kendrick Nunn,2020,67.0,1962.0,12.9,0.534,24.1,-2.3,-0.1
Jimmy Butler,2020,58.0,1959.0,23.6,0.585,25.1,5.4,3.7
Marcus Morris,2020,62.0,1936.0,14.3,0.57,21.9,-0.1,0.9
Marcus Morris,2020,43.0,1387.0,16.5,0.582,24.4,0.7,0.9
Marcus Morris,2020,19.0,549.0,8.9,0.523,15.8,-2.2,0.0
Jaylen Brown,2020,57.0,1934.0,16.9,0.583,24.7,0.8,1.4
Kelly Oubre Jr.,2020,56.0,1933.0,14.9,0.56,22.4,-0.5,0.7
Fred VanVleet,2020,54.0,1928.0,16.3,0.553,21.7,2.7,2.3
Marcus Smart,2020,60.0,1919.0,13.8,0.518,18.9,1.4,1.6
Giannis Antetokounmpo,2020,63.0,1917.0,31.9,0.613,37.5,11.5,6.6
Will Barton,2020,58.0,1916.0,15.6,0.549,20.1,1.1,1.5
Danuel House Jr.,2020,63.0,1913.0,11.3,0.572,13.7,-0.7,0.6
Cedi Osman,2020,65.0,1910.0,10.7,0.552,16.6,-2.6,-0.3
Jamal Murray,2020,59.0,1904.0,17.7,0.559,25.2,1.2,1.5
Carmelo Anthony,2020,58.0,1902.0,12.4,0.525,21.2,-3.6,-0.8
Jerami Grant,2020,71.0,1892.0,14.4,0.591,18.0,-0.5,0.7
Maxi Kleber,2020,74.0,1890.0,13.6,0.605,13.9,0.4,1.1
Terrence Ross,2020,69.0,1889.0,14.0,0.548,22.8,-0.4,0.8
Andre Drummond,2020,57.0,1879.0,22.0,0.553,25.9,0.9,1.4
Andre Drummond,2020,49.0,1654.0,22.1,0.55,25.5,1.1,1.3
Andre Drummond,2020,8.0,225.0,21.1,0.573,28.7,-0.4,0.1
Tomáš Satoranský,2020,65.0,1878.0,13.5,0.533,16.7,-1.2,0.4
Jae Crowder,2020,65.0,1875.0,12.5,0.553,15.5,-0.1,0.9
Jae Crowder,2020,45.0,1322.0,11.0,0.507,15.6,-1.2,0.3
Jae Crowder,2020,20.0,553.0,16.3,0.669,15.3,2.5,0.6
Lou Williams,2020,65.0,1864.0,17.3,0.546,28.4,0.7,1.3
Andrew Wiggins,2020,54.0,1858.0,16.4,0.536,27.4,-0.3,0.8
Andrew Wiggins,2020,42.0,1455.0,16.1,0.535,28.0,-0.4,0.6
Andrew Wiggins,2020,12.0,403.0,17.5,0.542,25.4,-0.1,0.2
Taurean Prince,2020,64.0,1857.0,9.1,0.497,20.4,-2.9,-0.4
Khris Middleton,2020,62.0,1853.0,21.1,0.619,26.4,4.1,2.9
Jarrett Allen,2020,70.0,1852.0,20.7,0.664,14.9,2.3,2.0
Kawhi Leonard,2020,57.0,1848.0,26.9,0.589,33.0,8.9,5.1
Jonas Valančiūnas,2020,70.0,1845.0,22.2,0.631,21.5,2.4,2.0
Danilo Gallinari,2020,62.0,1834.0,19.5,0.612,24.6,3.3,2.4
Justin Holiday,2020,73.0,1826.0,12.1,0.585,13.4,1.3,1.5
Myles Turner,2020,62.0,1826.0,14.8,0.566,17.9,0.1,1.0
Darius Garland,2020,59.0,1824.0,8.5,0.498,20.7,-5.5,-1.7
Brook Lopez,2020,68.0,1817.0,15.0,0.551,18.3,2.0,1.9
Kristaps Porziņģis,2020,57.0,1814.0,20.2,0.551,27.0,1.9,1.8
Ish Smith,2020,68.0,1787.0,13.9,0.509,19.1,-1.3,0.3
Glenn Robinson III,2020,62.0,1786.0,13.3,0.577,16.4,-1.7,0.1
Glenn Robinson III,2020,48.0,1516.0,13.1,0.574,16.6,-1.7,0.1
Glenn Robinson III,2020,14.0,270.0,14.7,0.598,15.2,-1.4,0.0
Troy Brown Jr.,2020,69.0,1782.0,13.7,0.524,17.8,-1.2,0.3
Gary Harris,2020,56.0,1780.0,9.7,0.519,15.1,-2.5,-0.2
Kevin Love,2020,56.0,1780.0,17.9,0.599,23.1,2.0,1.8
Bogdan Bogdanović,2020,61.0,1766.0,15.2,0.565,22.6,0.6,1.2
Kentavious Caldwell-Pope,2020,69.0,1762.0,11.0,0.584,14.7,-0.8,0.5
Kevin Huerter,2020,56.0,1760.0,11.5,0.536,17.1,-1.6,0.2
Cory Joseph,2020,72.0,1759.0,10.1,0.517,12.9,-2.0,0.0
P.J. Washington,2020,58.0,1759.0,12.4,0.547,18.6,-1.6,0.2
Josh Hart,2020,65.0,1755.0,11.9,0.563,15.3,-0.7,0.6
LaMarcus Aldridge,2020,53.0,1754.0,19.7,0.571,23.4,1.4,1.5
Alec Burks,2020,66.0,1754.0,16.7,0.561,23.8,0.5,1.1
Alec Burks,2020,48.0,1390.0,16.1,0.552,23.8,0.1,0.7
Alec Burks,2020,18.0,364.0,19.0,0.594,23.7,2.0,0.4
Montrezl Harrell,2020,63.0,1749.0,23.2,0.607,25.7,2.9,2.2
Kemba Walker,2020,56.0,1742.0,20.0,0.575,27.2,4.6,2.9
Gordon Hayward,2020,52.0,1740.0,18.1,0.595,21.1,2.7,2.0
Garrett Temple,2020,62.0,1730.0,10.5,0.513,16.6,-1.1,0.4
Tristan Thompson,2020,57.0,1721.0,16.8,0.54,18.3,-1.5,0.2
Jordan Clarkson,2020,71.0,1705.0,17.3,0.574,26.3,1.1,1.3
Jordan Clarkson,2020,29.0,666.0,18.6,0.581,25.9,2.7,0.8
Jordan Clarkson,2020,42.0,1039.0,16.5,0.569,26.7,0.0,0.5
RJ Barrett,2020,56.0,1704.0,10.7,0.479,24.0,-4.3,-1.0
Langston Galloway,2020,66.0,1702.0,12.3,0.584,15.9,-0.8,0.5
Josh Richardson,2020,55.0,1693.0,12.0,0.533,20.6,-1.8,0.1
Kent Bazemore,2020,68.0,1688.0,9.3,0.499,17.5,-3.0,-0.5
Kent Bazemore,2020,43.0,1111.0,7.5,0.475,15.9,-3.2,-0.3
Kent Bazemore,2020,25.0,577.0,12.6,0.533,20.4,-2.8,-0.1
Danny Green,2020,68.0,1687.0,10.8,0.552,13.9,0.5,1.1
Dejounte Murray,2020,66.0,1687.0,16.2,0.524,20.8,0.4,1.0
Steven Adams,2020,63.0,1680.0,20.5,0.604,17.3,2.9,2.1
Derrick White,2020,68.0,1677.0,16.4,0.593,18.9,1.3,1.4
Coby White,2020,65.0,1674.0,11.9,0.506,24.4,-2.9,-0.4
Malcolm Brogdon,2020,54.0,1666.0,17.7,0.541,25.2,1.8,1.6
Goran Dragić,2020,59.0,1663.0,16.3,0.573,25.9,-0.1,0.8
Eric Paschall,2020,60.0,1654.0,14.5,0.571,21.4,-2.7,-0.3
Eric Bledsoe,2020,61.0,1646.0,17.6,0.571,23.7,1.8,1.6
Tony Snell,2020,59.0,1641.0,9.7,0.598,11.4,-1.8,0.1
Monte Morris,2020,73.0,1636.0,14.9,0.545,17.5,-0.2,0.7
Wesley Matthews,2020,67.0,1635.0,8.1,0.547,12.5,-1.8,0.1
Bruce Brown,2020,58.0,1634.0,11.9,0.518,16.0,-1.2,0.3
De'Aaron Fox,2020,51.0,1634.0,20.6,0.558,29.8,1.8,1.6
Dario Šarić,2020,66.0,1632.0,14.2,0.592,17.8,-0.4,0.7
Jaren Jackson Jr.,2020,57.0,1622.0,16.3,0.593,24.0,0.4,1.0
Ben McLemore,2020,71.0,1619.0,11.8,0.622,16.0,-0.5,0.6
Aaron Holiday,2020,66.0,1617.0,11.6,0.521,18.7,-1.6,0.2
Austin Rivers,2020,68.0,1594.0,10.4,0.542,15.6,-2.5,-0.2
Thaddeus Young,2020,64.0,1591.0,13.3,0.521,19.7,-1.2,0.3
Dāvis Bertāns,2020,54.0,1583.0,15.5,0.628,19.0,0.9,1.1
JJ Redick,2020,60.0,1581.0,15.4,0.644,20.4,0.7,1.1
Bryn Forbes,2020,63.0,1579.0,11.1,0.57,18.5,-2.7,-0.3
Seth Curry,2020,64.0,1576.0,15.5,0.643,18.4,0.8,1.2
Delon Wright,2020,73.0,1570.0,15.4,0.554,14.4,1.9,1.5
Daniel Theis,2020,65.0,1566.0,17.9,0.631,14.4,2.4,1.7
Furkan Korkmaz,2020,72.0,1559.0,12.0,0.579,18.4,-1.3,0.3
Cam Reddish,2020,58.0,1551.0,9.0,0.5,18.9,-4.2,-0.9
Josh Okogie,2020,62.0,1547.0,11.5,0.553,15.1,-2.4,-0.2
Kyle Kuzma,2020,61.0,1526.0,12.2,0.531,22.9,-2.6,-0.2
Donte DiVincenzo,2020,66.0,1520.0,14.1,0.557,17.3,1.3,1.3
Tyler Herro,2020,55.0,1508.0,12.5,0.55,22.3,-1.6,0.1
Jarrett Culver,2020,63.0,1506.0,9.6,0.467,19.2,-4.0,-0.8
Joel Embiid,2020,51.0,1506.0,25.8,0.59,32.9,4.7,2.5
Trevor Ariza,2020,53.0,1493.0,11.0,0.593,11.8,-0.5,0.6
Trevor Ariza,2020,32.0,791.0,9.4,0.543,11.2,-0.6,0.3
Trevor Ariza,2020,21.0,702.0,12.8,0.643,12.5,-0.4,0.3
Lauri Markkanen,2020,50.0,1492.0,14.3,0.56,21.1,-0.6,0.5
Patty Mills,2020,66.0,1485.0,14.8,0.592,20.4,0.0,0.8
Serge Ibaka,2020,55.0,1485.0,17.3,0.583,24.0,0.1,0.8
Norman Powell,2020,52.0,1479.0,16.8,0.624,21.5,2.0,1.5
Larry Nance Jr.,2020,56.0,1472.0,17.3,0.608,15.2,1.7,1.4
Jeff Teague,2020,59.0,1464.0,14.6,0.557,19.5,-1.5,0.2
Jeff Teague,2020,34.0,945.0,15.9,0.578,20.2,-0.6,0.3
Jeff Teague,2020,25.0,519.0,12.2,0.512,18.3,-3.2,-0.2
Rudy Gay,2020,67.0,1461.0,15.4,0.553,22.0,-0.8,0.4
Landry Shamet,2020,53.0,1452.0,8.5,0.58,13.4,-2.1,0.0
D'Angelo Russell,2020,45.0,1452.0,18.7,0.556,31.5,1.9,1.4
D'Angelo Russell,2020,33.0,1060.0,19.1,0.558,32.2,2.6,1.2
D'Angelo Russell,2020,12.0,392.0,17.6,0.553,29.5,0.1,0.2
Anfernee Simons,2020,70.0,1449.0,9.0,0.502,18.7,-4.5,-0.9
Rui Hachimura,2020,48.0,1444.0,13.5,0.535,19.0,-3.2,-0.4
Maurice Harkless,2020,62.0,1427.0,9.8,0.572,10.7,-0.7,0.5
Maurice Harkless,2020,50.0,1141.0,9.7,0.584,10.3,0.0,0.6
Maurice Harkless,2020,12.0,286.0,10.1,0.536,12.4,-3.5,-0.1
Damion Lee,2020,49.0,1423.0,12.7,0.548,19.0,-2.3,-0.1
D.J. Augustin,2020,57.0,1420.0,14.0,0.554,19.1,-1.6,0.2
Paul George,2020,48.0,1419.0,21.1,0.589,29.6,4.9,2.5
Mitchell Robinson,2020,61.0,1412.0,23.5,0.726,13.3,2.9,1.8
Bobby Portis,2020,66.0,1393.0,14.6,0.53,21.4,-1.1,0.3
Derrick Jones Jr.,2020,59.0,1375.0,14.9,0.62,13.9,0.7,1.0
Doug McDermott,2020,69.0,1372.0,14.4,0.62,19.6,0.0,0.7
Brad Wanamaker,2020,71.0,1369.0,12.8,0.577,15.5,-0.6,0.5
Mike Conley,2020,47.0,1363.0,14.1,0.537,23.1,0.3,0.8
John Collins,2020,41.0,1363.0,23.5,0.659,22.7,3.1,1.7
Shabazz Napier,2020,56.0,1344.0,13.8,0.552,20.0,-1.1,0.3
Shabazz Napier,2020,36.0,856.0,13.9,0.539,19.1,-0.8,0.3
Shabazz Napier,2020,20.0,488.0,13.6,0.573,21.6,-1.6,0.0
Patrick Beverley,2020,51.0,1342.0,12.5,0.56,13.3,2.2,1.4
Cody Zeller,2020,58.0,1341.0,18.8,0.576,20.8,-0.6,0.5
Gary Trent Jr.,2020,61.0,1332.0,12.9,0.587,15.3,-0.3,0.6
Kyle Anderson,2020,67.0,1330.0,12.5,0.534,13.5,0.5,0.9
Caris LeVert,2020,45.0,1330.0,16.1,0.514,29.5,-0.3,0.5
Ivica Zubac,2020,72.0,1326.0,21.7,0.651,16.4,2.8,1.6
T.J. McConnell,2020,71.0,1326.0,16.5,0.54,17.5,0.5,0.8
Christian Wood,2020,62.0,1325.0,23.2,0.659,23.0,3.1,1.7
JaMychal Green,2020,63.0,1307.0,11.1,0.576,13.7,-0.5,0.5
Dwight Howard,2020,69.0,1306.0,18.7,0.696,14.7,0.2,0.7
Kelly Olynyk,2020,67.0,1300.0,14.6,0.621,17.4,1.0,1.0
Brandon Clarke,2020,58.0,1300.0,20.9,0.663,18.7,3.1,1.7
Derrick Rose,2020,50.0,1298.0,21.0,0.555,31.6,2.2,1.4
Jeremy Lamb,2020,46.0,1291.0,14.0,0.547,19.6,-0.4,0.5
Matisse Thybulle,2020,65.0,1287.0,10.0,0.539,11.2,0.3,0.8
Clint Capela,2020,39.0,1279.0,20.6,0.626,16.1,1.4,1.1
Jordan Poole,2020,57.0,1274.0,7.2,0.454,21.1,-6.6,-1.5
Trey Lyles,2020,63.0,1271.0,12.6,0.557,13.6,-1.2,0.3
George Hill,2020,59.0,1271.0,16.9,0.659,15.5,2.9,1.6
Kris Dunn,2020,51.0,1269.0,12.1,0.51,14.6,-0.6,0.4
Svi Mykhailiuk,2020,56.0,1265.0,11.2,0.578,17.1,-1.9,0.0
James Ennis III,2020,69.0,1265.0,11.5,0.565,15.7,-2.6,-0.2
James Ennis III,2020,49.0,776.0,12.3,0.564,15.7,-1.5,0.1
James Ennis III,2020,20.0,489.0,10.3,0.566,15.6,-4.4,-0.3
Terrance Ferguson,2020,56.0,1257.0,3.7,0.481,9.1,-4.5,-0.8
Wendell Carter Jr.,2020,43.0,1256.0,15.5,0.59,16.4,-2.4,-0.1
Cameron Johnson,2020,57.0,1255.0,12.9,0.586,15.7,0.3,0.7
Isaac Bonga,2020,66.0,1250.0,10.2,0.608,11.0,-2.8,-0.3
Elfrid Payton,2020,45.0,1246.0,16.0,0.47,19.5,0.0,0.6
Pat Connaughton,2020,67.0,1243.0,11.5,0.565,12.3,0.6,0.8
Derrick Favors,2020,51.0,1243.0,18.5,0.62,14.0,1.0,0.9
Richaun Holmes,2020,44.0,1242.0,19.7,0.681,15.6,1.0,0.9
Paul Millsap,2020,51.0,1240.0,16.9,0.591,20.0,0.1,0.7
Deandre Ayton,2020,38.0,1236.0,20.0,0.568,23.7,0.4,0.7
DeAndre Jordan,2020,56.0,1234.0,19.9,0.682,14.1,3.0,1.5
Tyus Jones,2020,65.0,1232.0,15.7,0.532,17.2,0.6,0.8
Draymond Green,2020,43.0,1222.0,12.5,0.489,15.7,-0.2,0.5
Terence Davis,2020,72.0,1209.0,13.8,0.588,19.0,0.8,0.8
Malik Beasley,2020,55.0,1209.0,12.7,0.546,21.8,-2.1,0.0
Malik Beasley,2020,41.0,746.0,10.5,0.511,20.6,-2.9,-0.2
Malik Beasley,2020,14.0,463.0,16.2,0.591,23.7,-0.7,0.2
Mike Scott,2020,68.0,1207.0,11.2,0.557,14.0,-1.8,0.1
Marquese Chriss,2020,59.0,1196.0,19.5,0.604,19.0,0.6,0.8
Frank Ntilikina,2020,57.0,1187.0,9.8,0.497,15.4,-3.2,-0.4
Karl-Anthony Towns,2020,35.0,1187.0,26.5,0.642,28.8,7.8,2.9
Markieff Morris,2020,58.0,1187.0,12.5,0.565,20.9,-2.0,0.0
Markieff Morris,2020,44.0,988.0,12.7,0.573,21.8,-2.1,0.0
Markieff Morris,2020,14.0,199.0,11.5,0.516,16.5,-1.4,0.0
Avery Bradley,2020,49.0,1186.0,8.9,0.537,15.7,-2.5,-0.2
Alex Caruso,2020,64.0,1175.0,10.8,0.525,13.8,-0.2,0.5
Jakob Poeltl,2020,66.0,1171.0,19.1,0.612,13.2,2.5,1.3
Malik Monk,2020,55.0,1169.0,12.6,0.53,22.9,-2.3,-0.1
De'Anthony Melton,2020,60.0,1167.0,13.5,0.501,19.2,-0.2,0.5
Kevin Knox,2020,65.0,1166.0,8.3,0.47,17.8,-4.2,-0.7
Kevin Porter Jr.,2020,50.0,1162.0,10.8,0.535,20.5,-3.8,-0.5
Marc Gasol,2020,44.0,1161.0,11.8,0.551,13.2,1.6,1.1
Thomas Bryant,2020,46.0,1147.0,21.1,0.649,18.9,2.2,1.2
JaVale McGee,2020,68.0,1130.0,19.4,0.652,14.8,1.5,1.0
Darius Bazley,2020,61.0,1130.0,9.6,0.497,15.1,-1.6,0.1
Marvin Williams,2020,58.0,1129.0,11.2,0.587,12.5,-0.6,0.4
Marvin Williams,2020,41.0,808.0,11.8,0.593,14.0,-1.3,0.1
Marvin Williams,2020,17.0,321.0,9.8,0.566,8.7,0.9,0.2
Nerlens Noel,2020,61.0,1127.0,20.4,0.711,14.9,3.1,1.5
Rondae Hollis-Jefferson,2020,60.0,1122.0,15.1,0.533,17.2,0.3,0.6
Willie Cauley-Stein,2020,54.0,1097.0,17.0,0.589,14.4,0.5,0.7
Willie Cauley-Stein,2020,41.0,940.0,16.2,0.573,14.4,0.0,0.5
Willie Cauley-Stein,2020,13.0,157.0,22.2,0.684,14.7,3.1,0.2
Gorgui Dieng,2020,63.0,1096.0,17.1,0.568,17.6,1.5,1.0
Gorgui Dieng,2020,46.0,778.0,17.8,0.563,18.4,1.8,0.7
Gorgui Dieng,2020,17.0,318.0,15.5,0.583,15.9,1.0,0.2
Solomon Hill,2020,59.0,1088.0,9.8,0.535,13.6,-1.7,0.1
Solomon Hill,2020,48.0,901.0,10.2,0.549,13.4,-1.4,0.1
Solomon Hill,2020,11.0,187.0,8.1,0.471,14.8,-2.8,0.0
Jaxson Hayes,2020,64.0,1080.0,17.6,0.689,15.0,-0.3,0.5
Torrey Craig,2020,58.0,1072.0,10.8,0.553,12.6,-2.3,-0.1
Dwight Powell,2020,40.0,1061.0,15.9,0.677,12.6,1.3,0.9
Mason Plumlee,2020,61.0,1057.0,18.8,0.613,18.0,2.0,1.1
Justin Jackson,2020,65.0,1045.0,9.5,0.496,15.4,-3.4,-0.4
Grant Williams,2020,69.0,1043.0,7.9,0.505,11.6,-2.7,-0.2
Nicolò Melli,2020,60.0,1042.0,11.4,0.556,15.7,-1.3,0.2
Meyers Leonard,2020,51.0,1034.0,10.6,0.627,12.2,-0.9,0.3
Bismack Biyombo,2020,53.0,1029.0,16.1,0.57,16.8,-2.5,-0.1
Taj Gibson,2020,62.0,1025.0,16.1,0.61,14.8,-1.1,0.2
Jalen Brunson,2020,57.0,1022.0,14.9,0.553,20.4,-0.9,0.3
E'Twaun Moore,2020,56.0,1020.0,11.3,0.51,19.9,-2.7,-0.2
Eric Gordon,2020,36.0,1016.0,10.3,0.51,22.5,-3.9,-0.5
Ky Bowman,2020,45.0,1015.0,9.1,0.494,17.2,-4.3,-0.6
Semi Ojeleye,2020,69.0,1011.0,7.7,0.562,9.7,-1.7,0.1
Lonnie Walker IV,2020,61.0,988.0,10.5,0.507,18.7,-3.5,-0.4
Ersan İlyasova,2020,63.0,986.0,14.9,0.589,16.1,0.4,0.6
Rajon Rondo,2020,48.0,984.0,12.4,0.494,18.7,-1.4,0.2
Enes Freedom,2020,58.0,983.0,22.4,0.599,19.4,1.5,0.9
Jonathan Isaac,2020,34.0,980.0,17.3,0.552,18.3,2.3,1.1
Jerome Robinson,2020,63.0,979.0,7.4,0.476,16.4,-3.9,-0.5
Jerome Robinson,2020,42.0,476.0,4.8,0.423,15.0,-4.7,-0.3
Jerome Robinson,2020,21.0,503.0,9.8,0.516,17.7,-3.2,-0.1
Alex Len,2020,55.0,970.0,17.7,0.6,18.1,-0.7,0.3
Alex Len,2020,40.0,745.0,17.5,0.59,18.6,-0.4,0.3
Alex Len,2020,15.0,225.0,18.2,0.64,16.5,-1.6,0.0
Kyle Korver,2020,58.0,960.0,11.3,0.62,15.4,0.1,0.5
Jeff Green,2020,48.0,960.0,13.7,0.59,19.0,-0.1,0.5
Jeff Green,2020,30.0,553.0,10.0,0.523,19.7,-2.1,0.0
Jeff Green,2020,18.0,407.0,18.6,0.682,17.9,2.6,0.5
Robin Lopez,2020,66.0,958.0,10.2,0.554,16.6,-2.6,-0.2
Wes Iwundu,2020,52.0,953.0,10.3,0.544,13.7,-2.6,-0.2
Jevon Carter,2020,58.0,945.0,11.3,0.563,12.9,0.6,0.6
Aron Baynes,2020,42.0,934.0,15.2,0.581,21.1,-1.0,0.2
Ryan Arcidiacono,2020,58.0,930.0,9.0,0.551,12.5,-2.8,-0.2
Treveon Graham,2020,55.0,929.0,6.6,0.456,13.1,-5.6,-0.8
Treveon Graham,2020,33.0,663.0,6.0,0.447,13.1,-5.8,-0.6
Treveon Graham,2020,22.0,266.0,8.0,0.478,13.3,-5.0,-0.2
Isaiah Thomas,2020,40.0,925.0,11.6,0.531,24.1,-4.4,-0.5
Georges Niang,2020,66.0,923.0,11.7,0.589,17.2,-0.1,0.4
Khem Birch,2020,48.0,922.0,11.7,0.566,10.2,-2.4,-0.1
Luke Kennard,2020,28.0,922.0,14.4,0.589,19.8,-0.3,0.4
Jabari Parker,2020,38.0,917.0,18.0,0.571,24.0,0.3,0.5
Jabari Parker,2020,32.0,837.0,17.2,0.565,24.0,0.0,0.4
Jabari Parker,2020,6.0,80.0,26.5,0.638,23.8,2.6,0.1
DeAndre' Bembry,2020,43.0,915.0,9.6,0.5,14.0,-2.5,-0.1
Patrick McCaw,2020,37.0,908.0,7.3,0.5,9.4,-1.8,0.0
Michael Porter Jr.,2020,55.0,903.0,19.8,0.617,22.3,1.5,0.8
Cody Martin,2020,48.0,903.0,10.5,0.505,13.6,-2.1,0.0
Hamidou Diallo,2020,46.0,896.0,9.3,0.491,18.4,-3.9,-0.4
Damian Jones,2020,55.0,887.0,15.6,0.712,11.4,-1.5,0.1
Omari Spellman,2020,49.0,886.0,14.4,0.551,18.8,-1.8,0.1
Marco Belinelli,2020,57.0,883.0,10.8,0.532,17.5,-2.7,-0.2
Mo Bamba,2020,62.0,878.0,17.5,0.542,17.1,0.4,0.5
Vince Carter,2020,60.0,876.0,7.5,0.47,16.6,-4.3,-0.5
Anthony Tolliver,2020,55.0,872.0,7.0,0.513,11.1,-3.2,-0.3
Anthony Tolliver,2020,33.0,554.0,7.5,0.515,11.2,-3.3,-0.2
Anthony Tolliver,2020,9.0,82.0,0.2,0.252,11.6,-8.8,-0.1
Anthony Tolliver,2020,13.0,236.0,8.0,0.602,10.7,-1.2,0.0
Rodney McGruder,2020,56.0,871.0,6.7,0.477,10.6,-3.0,-0.2
Mario Hezonja,2020,53.0,871.0,9.5,0.525,13.9,-2.9,-0.2
Abdel Nader,2020,55.0,867.0,11.3,0.591,17.0,-1.0,0.2
Timothé Luwawu-Cabarrot,2020,47.0,853.0,11.0,0.599,16.8,-2.2,-0.1
Emmanuel Mudiay,2020,54.0,850.0,13.0,0.543,22.6,-1.9,0.0
Damyean Dotson,2020,48.0,836.0,10.9,0.527,16.5,-1.4,0.1
Moritz Wagner,2020,45.0,835.0,15.1,0.638,18.6,-2.3,-0.1
Michael Carter-Williams,2020,45.0,833.0,15.3,0.535,18.3,0.1,0.5
Juancho Hernangómez,2020,48.0,833.0,10.4,0.518,15.7,-3.4,-0.3
Juancho Hernangómez,2020,34.0,422.0,6.9,0.442,14.3,-5.2,-0.3
Juancho Hernangómez,2020,14.0,411.0,14.1,0.576,17.1,-1.5,0.1
Kenrich Williams,2020,39.0,832.0,7.5,0.429,8.9,-2.4,-0.1
Matthew Dellavedova,2020,57.0,821.0,8.1,0.463,13.0,-5.2,-0.7
Luguentz Dort,2020,36.0,820.0,7.6,0.506,14.1,-3.7,-0.4
Chris Boucher,2020,62.0,819.0,20.7,0.587,19.7,2.0,0.8
Ian Mahinmi,2020,38.0,808.0,14.2,0.545,15.7,-2.7,-0.2
Shake Milton,2020,40.0,805.0,14.4,0.617,18.9,-1.0,0.2
Frank Jackson,2020,59.0,797.0,9.1,0.51,21.2,-5.5,-0.7
Jordan McRae,2020,37.0,784.0,14.2,0.515,24.4,-1.5,0.1
Jordan McRae,2020,29.0,654.0,15.2,0.523,24.9,-0.4,0.3
Jordan McRae,2020,4.0,32.0,16.7,0.58,10.5,2.5,0.0
Jordan McRae,2020,4.0,98.0,6.5,0.446,25.7,-9.8,-0.2
Frank Kaminsky,2020,39.0,777.0,14.2,0.545,21.0,-0.5,0.3
Thon Maker,2020,60.0,776.0,13.7,0.582,16.1,-1.4,0.1
Patrick Patterson,2020,59.0,776.0,11.5,0.58,14.7,0.3,0.5
Dewayne Dedmon,2020,44.0,774.0,9.4,0.473,18.1,-5.8,-0.7
Dewayne Dedmon,2020,34.0,541.0,8.5,0.477,18.5,-6.4,-0.6
Dewayne Dedmon,2020,10.0,233.0,11.4,0.463,17.4,-4.5,-0.1
Sterling Brown,2020,52.0,767.0,9.5,0.486,17.0,-2.0,0.0
Sekou Doumbouya,2020,38.0,754.0,6.2,0.474,16.9,-6.7,-0.9
Keita Bates-Diop,2020,44.0,744.0,12.4,0.539,15.8,-1.4,0.1
Keita Bates-Diop,2020,37.0,646.0,12.5,0.535,15.8,-0.9,0.2
Keita Bates-Diop,2020,7.0,98.0,12.1,0.571,15.7,-5.0,-0.1
Reggie Jackson,2020,31.0,743.0,13.7,0.529,23.1,-0.4,0.3
Reggie Jackson,2020,14.0,381.0,14.7,0.492,27.0,-0.5,0.1
Reggie Jackson,2020,17.0,362.0,12.6,0.587,19.1,-0.3,0.2
Wilson Chandler,2020,35.0,734.0,7.4,0.531,12.9,-2.7,-0.1
Elie Okobo,2020,55.0,719.0,10.6,0.516,14.8,-1.9,0.0
Grayson Allen,2020,38.0,718.0,12.0,0.609,17.6,-1.3,0.1
Bruno Fernando,2020,56.0,713.0,11.9,0.542,15.3,-4.1,-0.4
Tyler Johnson,2020,39.0,709.0,10.1,0.504,18.0,-2.9,-0.2
Tyler Johnson,2020,31.0,515.0,8.1,0.481,17.3,-3.6,-0.2
Tyler Johnson,2020,8.0,194.0,15.6,0.552,19.8,-1.1,0.0
Dwayne Bacon,2020,39.0,687.0,6.1,0.419,19.5,-6.8,-0.8
Rodions Kurucs,2020,47.0,684.0,8.9,0.555,14.7,-2.8,-0.1
Reggie Bullock,2020,29.0,684.0,9.3,0.502,15.6,-3.0,-0.2
Raul Neto,2020,54.0,668.0,12.7,0.567,18.7,-1.8,0.0
Zion Williamson,2020,24.0,668.0,24.1,0.616,30.5,2.1,0.7
Harry Giles,2020,46.0,667.0,16.4,0.58,20.6,-1.3,0.1
Tony Bradley,2020,58.0,663.0,21.7,0.681,15.8,1.3,0.6
Kyrie Irving,2020,20.0,658.0,26.2,0.595,32.6,7.7,1.6
Allen Crabbe,2020,37.0,653.0,6.0,0.47,12.7,-5.3,-0.5
Allen Crabbe,2020,28.0,522.0,7.2,0.482,12.7,-4.1,-0.3
Allen Crabbe,2020,9.0,131.0,1.1,0.416,12.5,-9.7,-0.3
Rodney Hood,2020,21.0,619.0,12.2,0.625,13.9,-0.9,0.2
James Johnson,2020,32.0,619.0,14.8,0.572,19.4,0.0,0.3
James Johnson,2020,18.0,281.0,11.1,0.547,17.0,-1.8,0.0
James Johnson,2020,14.0,338.0,17.9,0.588,21.4,1.6,0.3
Daniel Gafford,2020,43.0,609.0,16.2,0.686,13.3,-1.3,0.1
John Henson,2020,40.0,600.0,17.0,0.578,16.3,0.9,0.4
John Henson,2020,29.0,412.0,16.9,0.539,16.1,1.1,0.3
John Henson,2020,11.0,188.0,17.1,0.67,16.7,0.5,0.1
Alfonzo McKinnie,2020,40.0,593.0,8.7,0.493,15.2,-5.3,-0.5
Nickeil Alexander-Walker,2020,47.0,591.0,8.9,0.473,23.3,-4.6,-0.4
Jordan McLaughlin,2020,30.0,590.0,16.3,0.587,15.8,0.3,0.3
Nassir Little,2020,48.0,573.0,9.6,0.505,13.7,-3.5,-0.2
Mike Muscala,2020,47.0,572.0,12.5,0.569,16.6,-0.1,0.3
Skal Labissière,2020,33.0,567.0,15.4,0.588,14.3,-1.3,0.1
Gary Clark,2020,42.0,567.0,10.7,0.568,11.0,-1.9,0.0
Gary Clark,2020,18.0,212.0,11.8,0.564,12.5,-0.6,0.1
Gary Clark,2020,24.0,355.0,10.1,0.571,10.1,-2.6,-0.1
Luke Kornet,2020,36.0,559.0,12.7,0.539,16.3,-1.2,0.1
Wayne Ellington,2020,36.0,558.0,8.5,0.509,15.0,-2.9,-0.1
Dennis Smith Jr.,2020,34.0,537.0,7.4,0.399,23.1,-6.1,-0.6
Troy Daniels,2020,47.0,532.0,8.4,0.518,16.3,-2.9,-0.1
Troy Daniels,2020,41.0,456.0,9.0,0.527,16.1,-2.2,0.0
Troy Daniels,2020,6.0,76.0,5.3,0.464,17.7,-7.2,-0.1
Yogi Ferrell,2020,50.0,530.0,12.2,0.528,19.2,-1.8,0.0
Victor Oladipo,2020,19.0,528.0,11.3,0.506,26.5,-3.3,-0.2
Chandler Hutchison,2020,28.0,527.0,12.4,0.521,19.1,-2.6,-0.1
Trey Burke,2020,33.0,520.0,15.6,0.548,20.0,-0.2,0.2
Trey Burke,2020,25.0,329.0,15.4,0.545,19.2,-0.5,0.1
Trey Burke,2020,8.0,191.0,16.0,0.553,21.4,0.2,0.1
Blake Griffin,2020,18.0,512.0,11.9,0.476,28.4,-4.3,-0.3
Quinn Cook,2020,44.0,508.0,10.0,0.509,21.0,-3.8,-0.2
Jake Layman,2020,23.0,505.0,10.3,0.544,17.7,-3.7,-0.2
Nicolas Batum,2020,22.0,505.0,9.2,0.463,9.4,-1.9,0.0
Kelan Martin,2020,31.0,495.0,9.2,0.506,17.8,-4.3,-0.3
Naz Reid,2020,30.0,495.0,15.3,0.505,24.0,-1.9,0.0
Denzel Valentine,2020,36.0,488.0,13.0,0.511,23.3,-0.6,0.2
Džanan Musa,2020,40.0,487.0,9.4,0.484,20.1,-4.4,-0.3
Danté Exum,2020,35.0,485.0,10.3,0.576,15.0,-2.9,-0.1
Danté Exum,2020,11.0,83.0,4.8,0.503,17.8,-5.7,-0.1
Danté Exum,2020,24.0,402.0,11.5,0.592,14.4,-2.4,0.0
Marko Gudurić,2020,44.0,484.0,8.8,0.514,17.6,-3.4,-0.2
Shaquille Harrison,2020,43.0,484.0,17.8,0.559,18.1,2.8,0.6
Cheick Diallo,2020,47.0,479.0,16.5,0.688,17.0,-1.3,0.1
Goga Bitadze,2020,54.0,471.0,12.1,0.523,17.9,-2.3,0.0
JaKarr Sampson,2020,34.0,471.0,12.6,0.615,13.2,-1.4,0.1
Javonte Green,2020,48.0,468.0,13.1,0.564,15.3,-0.7,0.2
Jahlil Okafor,2020,30.0,467.0,18.3,0.642,19.9,-0.2,0.2
Brandon Knight,2020,25.0,462.0,8.5,0.503,20.6,-4.4,-0.3
Brandon Knight,2020,16.0,241.0,5.4,0.431,19.1,-6.5,-0.3
Brandon Knight,2020,9.0,221.0,11.9,0.576,22.2,-2.0,0.0
J.J. Barea,2020,29.0,450.0,14.6,0.512,24.2,-1.4,0.1
Edmond Sumner,2020,31.0,447.0,10.1,0.491,17.3,-2.9,-0.1
Matt Thomas,2020,41.0,440.0,13.3,0.65,16.6,1.1,0.3
Anžejs Pasečņiks,2020,27.0,437.0,11.3,0.551,15.8,-5.6,-0.4
Thabo Sefolosha,2020,41.0,436.0,9.4,0.487,10.4,-1.2,0.1
Gary Payton II,2020,29.0,432.0,11.3,0.473,13.4,-1.6,0.0
Brandon Goodwin,2020,34.0,430.0,11.6,0.507,22.4,-2.9,-0.1
Boban Marjanović,2020,44.0,422.0,25.7,0.612,26.9,1.2,0.3
Andre Iguodala,2020,21.0,418.0,10.5,0.507,12.7,-0.5,0.2
Jacob Evans,2020,29.0,418.0,5.5,0.436,17.5,-7.1,-0.5
Jacob Evans,2020,27.0,414.0,5.6,0.439,17.6,-7.0,-0.5
Jacob Evans,2020,2.0,4.0,-9.6,0.0,10.3,-16.1,0.0
PJ Dozier,2020,29.0,412.0,11.6,0.495,20.8,-3.8,-0.2
Chris Chiozza,2020,28.0,401.0,12.0,0.499,18.1,-1.2,0.1
Chris Chiozza,2020,10.0,123.0,9.2,0.397,14.5,-1.5,0.0
Chris Chiozza,2020,18.0,278.0,13.2,0.531,19.7,-1.1,0.1
Robert Williams,2020,29.0,388.0,23.1,0.728,13.6,5.1,0.7
Cristiano Felício,2020,22.0,386.0,12.8,0.671,9.1,-3.1,-0.1
Josh Jackson,2020,22.0,381.0,14.1,0.547,22.8,0.1,0.2
Al-Farouq Aminu,2020,18.0,380.0,7.6,0.395,13.2,-3.0,-0.1
Noah Vonleh,2020,36.0,377.0,15.5,0.622,13.9,-1.0,0.1
Noah Vonleh,2020,29.0,347.0,15.3,0.605,13.9,-1.0,0.1
Noah Vonleh,2020,7.0,30.0,17.6,0.838,14.1,-0.6,0.0
Willy Hernangómez,2020,31.0,375.0,19.2,0.576,22.9,0.1,0.2
Romeo Langford,2020,32.0,370.0,5.4,0.434,11.8,-4.9,-0.3
Admiral Schofield,2020,33.0,368.0,6.1,0.502,11.9,-5.5,-0.3
Theo Pinson,2020,33.0,365.0,5.2,0.37,22.3,-7.0,-0.5
Jared Dudley,2020,45.0,364.0,7.8,0.558,8.0,-0.7,0.1
D.J. Wilson,2020,37.0,363.0,8.2,0.475,18.1,-4.0,-0.2
Terance Mann,2020,41.0,362.0,10.6,0.545,12.6,-1.5,0.0
Deonte Burton,2020,39.0,356.0,4.3,0.396,18.5,-6.8,-0.4
Tim Frazier,2020,27.0,355.0,9.8,0.464,17.3,-4.6,-0.2
Justise Winslow,2020,11.0,352.0,8.5,0.44,20.6,-3.6,-0.1
Carsen Edwards,2020,37.0,351.0,6.9,0.444,18.4,-4.6,-0.2
Chris Silva,2020,44.0,346.0,17.3,0.651,17.1,-2.3,0.0
Courtney Lee,2020,24.0,345.0,10.8,0.629,11.9,-0.6,0.1
Marvin Bagley III,2020,13.0,334.0,15.6,0.512,25.8,-3.5,-0.1
Otto Porter Jr.,2020,14.0,331.0,15.8,0.55,21.0,1.0,0.3
Ty Jerome,2020,31.0,328.0,7.9,0.425,17.9,-3.7,-0.1
Caleb Martin,2020,18.0,317.0,12.0,0.595,15.0,-1.0,0.1
Kyle O'Quinn,2020,29.0,313.0,18.6,0.544,15.7,3.0,0.4
Ed Davis,2020,28.0,303.0,9.5,0.489,9.4,-3.2,-0.1
Keldon Johnson,2020,17.0,301.0,19.1,0.711,17.4,1.5,0.3
Jalen McDaniels,2020,16.0,293.0,10.7,0.574,13.3,-3.3,-0.1
Chris Clemons,2020,33.0,291.0,13.1,0.548,23.6,-1.0,0.1
Allonzo Trier,2020,24.0,291.0,14.5,0.62,21.4,-0.4,0.1
Zach Collins,2020,11.0,290.0,9.9,0.538,12.5,-3.1,-0.1
DeMarre Carroll,2020,24.0,290.0,9.1,0.515,14.8,-3.9,-0.1
DeMarre Carroll,2020,15.0,135.0,4.9,0.437,15.3,-7.0,-0.2
DeMarre Carroll,2020,9.0,155.0,12.8,0.578,14.3,-1.1,0.0
Caleb Swanigan,2020,27.0,288.0,7.6,0.597,13.5,-6.0,-0.3
Caleb Swanigan,2020,7.0,23.0,-0.1,0.512,20.5,-11.7,-0.1
Caleb Swanigan,2020,20.0,265.0,8.2,0.605,12.9,-5.5,-0.2
Dragan Bender,2020,16.0,286.0,10.9,0.545,17.7,-2.9,-0.1
Dragan Bender,2020,7.0,91.0,8.4,0.582,12.4,-1.2,0.0
Dragan Bender,2020,9.0,195.0,12.1,0.534,20.1,-3.7,-0.1
Michael Kidd-Gilchrist,2020,25.0,281.0,4.2,0.416,13.7,-7.4,-0.4
Michael Kidd-Gilchrist,2020,12.0,160.0,6.1,0.421,17.6,-6.9,-0.2
Michael Kidd-Gilchrist,2020,13.0,121.0,1.7,0.395,8.5,-8.0,-0.2
Drew Eubanks,2020,22.0,272.0,17.3,0.682,15.8,-1.8,0.0
Juan Toscano-Anderson,2020,13.0,272.0,9.4,0.529,12.7,-3.6,-0.1
David Nwaba,2020,20.0,268.0,14.0,0.627,14.2,1.1,0.2
Isaiah Hartenstein,2020,23.0,266.0,18.6,0.674,14.8,0.3,0.2
Kevon Looney,2020,20.0,262.0,9.4,0.403,15.7,-5.6,-0.2
Jordan Bell,2020,29.0,256.0,13.9,0.577,16.4,-2.5,0.0
Jordan Bell,2020,27.0,235.0,14.1,0.57,15.9,-2.6,0.0
Jordan Bell,2020,2.0,21.0,12.6,0.635,21.6,-1.6,0.0
Jusuf Nurkić,2020,8.0,253.0,22.6,0.567,24.0,2.0,0.2
Evan Turner,2020,19.0,251.0,6.8,0.424,16.4,-5.5,-0.2
Derrick Walton,2020,26.0,248.0,8.7,0.617,8.1,-1.0,0.1
Derrick Walton,2020,23.0,222.0,8.4,0.626,8.3,-1.3,0.0
Derrick Walton,2020,3.0,26.0,11.3,0.5,6.7,1.8,0.0
Bruno Caboclo,2020,30.0,244.0,14.1,0.484,18.0,-2.1,0.0
Bruno Caboclo,2020,22.0,192.0,11.9,0.441,16.8,-2.7,0.0
Bruno Caboclo,2020,8.0,52.0,22.1,0.618,22.8,0.2,0.0
Iman Shumpert,2020,13.0,241.0,5.3,0.403,13.4,-5.5,-0.2
Wenyen Gabriel,2020,30.0,235.0,9.6,0.546,13.4,-3.8,-0.1
Wenyen Gabriel,2020,11.0,61.0,7.4,0.444,18.8,-3.9,0.0
Wenyen Gabriel,2020,19.0,174.0,10.3,0.606,11.5,-3.8,-0.1
Justin James,2020,36.0,232.0,11.0,0.477,18.9,-1.4,0.0
Norvel Pelle,2020,24.0,232.0,10.5,0.526,13.4,-5.2,-0.2
Garrison Mathews,2020,18.0,227.0,13.1,0.691,14.5,-1.1,0.1
T.J. Leaf,2020,28.0,222.0,12.9,0.451,20.0,-2.4,0.0
Ante Žižić,2020,22.0,221.0,16.4,0.597,17.5,-3.2,-0.1
Tyson Chandler,2020,26.0,219.0,10.8,0.717,6.0,-1.5,0.0
Dion Waiters,2020,10.0,207.0,11.5,0.521,25.2,-1.2,0.0
Dion Waiters,2020,3.0,42.0,13.4,0.53,30.9,1.8,0.0
Dion Waiters,2020,7.0,165.0,11.0,0.518,23.8,-2.0,0.0
Mychal Mulder,2020,7.0,204.0,7.8,0.533,16.2,-6.0,-0.2
Nic Claxton,2020,15.0,187.0,14.8,0.577,14.8,-0.7,0.1
Cameron Payne,2020,8.0,183.0,15.7,0.612,19.1,1.7,0.2
John Konchar,2020,19.0,181.0,18.0,0.713,10.3,4.5,0.3
Ryan Broekhoff,2020,17.0,180.0,13.1,0.568,16.3,0.8,0.1
Johnathan Williams,2020,15.0,180.0,14.0,0.566,10.3,-2.0,0.0
Malcolm Miller,2020,28.0,162.0,6.7,0.538,9.6,-2.3,0.0
Rayjon Tucker,2020,20.0,161.0,9.7,0.584,16.6,-6.1,-0.2
C.J. Miles,2020,10.0,161.0,11.1,0.472,18.6,-1.7,0.0
Tyrone Wallace,2020,14.0,160.0,3.9,0.389,16.0,-8.7,-0.3
Amir Coffey,2020,18.0,159.0,8.5,0.493,17.6,-4.1,-0.1
Jaylen Nowell,2020,15.0,151.0,10.5,0.471,17.3,-3.8,-0.1
Stanley Johnson,2020,25.0,150.0,9.9,0.454,23.1,-2.5,0.0
Michael Frazier,2020,13.0,145.0,-0.9,0.384,11.5,-11.0,-0.3
DaQuan Jeffries,2020,13.0,141.0,11.2,0.586,13.7,-3.8,-0.1
Alen Smailagić,2020,14.0,139.0,14.5,0.61,18.2,-2.2,0.0
Stephen Curry,2020,5.0,139.0,21.7,0.557,33.6,3.9,0.2
Oshae Brissett,2020,19.0,135.0,6.7,0.458,15.0,-5.3,-0.1
Juwan Morgan,2020,21.0,134.0,10.1,0.648,11.0,-3.2,0.0
Donta Hall,2020,9.0,133.0,13.6,0.652,11.1,-3.9,-0.1
Donta Hall,2020,4.0,48.0,7.3,0.452,7.9,-7.0,-0.1
Donta Hall,2020,5.0,85.0,17.2,0.709,12.9,-2.1,0.0
Vincent Poirier,2020,22.0,130.0,12.7,0.525,15.4,-3.8,-0.1
Thanasis Antetokounmpo,2020,20.0,129.0,12.2,0.496,21.6,-3.2,0.0
Melvin Frazier,2020,19.0,126.0,9.8,0.559,14.0,-2.3,0.0
Tremont Waters,2020,11.0,119.0,4.3,0.381,24.2,-7.5,-0.2
Alize Johnson,2020,17.0,118.0,13.3,0.509,15.0,-1.6,0.0
Frank Mason III,2020,9.0,118.0,16.9,0.53,24.3,0.0,0.1
Kadeem Allen,2020,10.0,117.0,14.0,0.512,20.6,-0.9,0.0
Adam Mokoka,2020,11.0,112.0,8.2,0.538,12.1,-4.1,-0.1
Miye Oni,2020,10.0,109.0,9.7,0.512,15.3,-4.3,-0.1
Justin Anderson,2020,10.0,107.0,3.2,0.352,17.1,-7.7,-0.2
Chimezie Metu,2020,18.0,105.0,22.2,0.608,23.7,1.7,0.1
Yuta Watanabe,2020,18.0,105.0,11.2,0.48,15.7,-1.7,0.0
Jaylen Hoard,2020,13.0,103.0,14.9,0.504,17.2,-2.1,0.0
Jeremiah Martin,2020,9.0,99.0,21.8,0.541,26.7,3.2,0.1
Lance Thomas,2020,7.0,98.0,3.0,0.485,13.1,-8.2,-0.2
Jarrell Brantley,2020,9.0,96.0,8.0,0.416,16.3,-4.6,-0.1
Bol Bol,2020,7.0,87.0,14.4,0.617,21.2,-3.0,0.0
Andre Roberson,2020,7.0,87.0,5.4,0.335,16.1,-5.4,-0.1
Paul Watson,2020,10.0,87.0,12.6,0.517,16.1,-0.2,0.0
Paul Watson,2020,2.0,17.0,-7.1,0.0,17.1,-13.1,0.0
Paul Watson,2020,8.0,70.0,17.3,0.675,15.9,2.9,0.1
B.J. Johnson,2020,10.0,83.0,5.4,0.412,22.1,-9.0,-0.1
Gabe Vincent,2020,9.0,83.0,1.2,0.297,20.2,-10.4,-0.2
Devon Hall,2020,11.0,81.0,3.1,0.298,20.9,-6.7,-0.1
Talen Horton-Tucker,2020,6.0,81.0,12.3,0.535,19.7,-2.1,0.0
Jerian Grant,2020,6.0,80.0,6.6,0.449,17.2,-6.5,-0.1
J.R. Smith,2020,6.0,79.0,0.0,0.372,14.3,-9.8,-0.2
Quinndary Weatherspoon,2020,11.0,78.0,3.2,0.336,12.7,-7.4,-0.1
Amile Jefferson,2020,18.0,74.0,8.9,0.372,13.5,-5.8,-0.1
Dean Wade,2020,12.0,71.0,13.9,0.744,9.9,-1.3,0.0
Mfiondu Kabengele,2020,12.0,64.0,18.2,0.614,23.7,2.2,0.1
Louis King,2020,10.0,62.0,6.2,0.448,17.1,-6.2,-0.1
Vic Law,2020,8.0,62.0,3.7,0.363,15.8,-9.6,-0.1
Khyri Thomas,2020,8.0,61.0,3.1,0.453,15.6,-7.9,-0.1
Chandler Parsons,2020,5.0,54.0,5.6,0.389,16.1,-6.0,-0.1
Tyler Cook,2020,13.0,54.0,19.4,0.741,14.7,-0.2,0.0
Tyler Cook,2020,11.0,35.0,23.9,0.752,16.7,2.3,0.0
Tyler Cook,2020,2.0,19.0,11.3,0.694,11.2,-4.8,0.0
Jordan Bone,2020,10.0,53.0,0.8,0.3,18.1,-11.9,-0.1
Ignas Brazdeikis,2020,9.0,53.0,3.2,0.351,21.0,-9.0,-0.1
Jarrod Uthoff,2020,7.0,53.0,8.8,0.503,14.8,-4.6,0.0
Jarrod Uthoff,2020,4.0,14.0,-0.1,0.254,23.4,-13.9,0.0
Jarrod Uthoff,2020,3.0,39.0,12.0,0.682,11.7,-1.3,0.0
Kevin Hervey,2020,10.0,52.0,5.0,0.315,22.8,-5.1,0.0
Zylan Cheatham,2020,4.0,51.0,6.7,0.667,10.4,-7.2,-0.1
Nigel Williams-Goss,2020,10.0,50.0,8.1,0.415,17.4,-3.9,0.0
Joakim Noah,2020,5.0,50.0,11.1,0.608,14.7,-1.6,0.0
Justin Robinson,2020,9.0,49.0,8.2,0.542,12.7,-5.7,0.0
Luka Šamanić,2020,3.0,48.0,8.8,0.45,17.8,-4.1,0.0
Naz Mitrou-Long,2020,5.0,47.0,7.8,0.412,18.7,-1.4,0.0
Jonah Bolden,2020,7.0,47.0,4.9,0.392,13.4,-9.2,-0.1
Jonah Bolden,2020,4.0,14.0,-2.0,0.515,18.1,-14.7,0.0
Jonah Bolden,2020,3.0,33.0,7.9,0.338,11.4,-6.9,0.0
Antonius Cleveland,2020,11.0,46.0,2.5,0.34,16.9,-10.1,-0.1
Jarred Vanderbilt,2020,11.0,46.0,7.6,0.676,14.9,-6.3,-0.1
Jarred Vanderbilt,2020,9.0,41.0,7.2,0.714,14.8,-6.4,0.0
Jarred Vanderbilt,2020,2.0,5.0,11.1,0.532,15.5,-5.6,0.0
Vlatko Čančar,2020,14.0,45.0,11.4,0.507,19.1,-4.8,0.0
Justin Wright-Foreman,2020,4.0,45.0,8.8,0.437,24.1,-9.0,-0.1
Udonis Haslem,2020,4.0,44.0,6.5,0.47,13.8,-7.4,-0.1
Jeremy Pargo,2020,3.0,44.0,12.6,0.557,25.7,-5.9,0.0
Johnathan Motley,2020,13.0,41.0,28.5,0.774,23.5,8.1,0.1
Zach Norvell,2020,5.0,41.0,2.6,0.402,16.1,-8.4,-0.1
Zach Norvell,2020,2.0,5.0,-5.6,0.0,8.4,-12.8,0.0
Zach Norvell,2020,3.0,36.0,3.7,0.437,17.1,-7.7,-0.1
Charlie Brown Jr.,2020,10.0,40.0,11.0,0.472,25.1,-2.5,0.0
Chasson Randle,2020,3.0,40.0,6.7,0.377,7.1,-5.9,0.0
Josh Magette,2020,8.0,38.0,5.1,0.378,23.7,-6.2,0.0
Sindarius Thornwell,2020,2.0,35.0,14.7,0.627,17.3,-0.8,0.0
Moses Brown,2020,9.0,33.0,6.7,0.407,21.2,-10.0,-0.1
Tacko Fall,2020,7.0,33.0,28.4,0.751,23.7,6.5,0.1
Corey Brewer,2020,5.0,33.0,8.7,0.47,9.6,-3.2,0.0
Joe Chealey,2020,4.0,33.0,-2.9,0.127,13.2,-12.5,-0.1
Zhaire Smith,2020,7.0,32.0,1.1,0.313,19.9,-9.8,-0.1
Jalen Lecque,2020,5.0,32.0,2.7,0.46,17.1,-9.5,-0.1
Brian Bowen,2020,6.0,31.0,0.1,0.3,15.6,-10.9,-0.1
Dewan Hernandez,2020,6.0,28.0,12.9,0.432,29.3,-9.6,-0.1
Josh Reaves,2020,4.0,28.0,5.8,0.405,15.1,-9.4,-0.1
Marial Shayok,2020,4.0,28.0,1.4,0.4,25.8,-13.0,-0.1
KZ Okpala,2020,5.0,26.0,13.7,0.595,11.7,2.4,0.0
Luc Mbah a Moute,2020,3.0,25.0,6.4,0.425,11.4,-7.4,0.0
Justin Patton,2020,5.0,24.0,4.7,0.45,22.0,-10.1,0.0
Josh Gray,2020,2.0,23.0,-5.0,0.5,12.5,-16.0,-0.1
Kostas Antetokounmpo,2020,5.0,20.0,16.3,0.902,10.3,-0.7,0.0
Matt Mooney,2020,4.0,19.0,8.1,0.25,9.0,-0.4,0.0
Eric Mika,2020,1.0,19.0,13.9,0.773,8.9,-3.4,0.0
Henry Ellenson,2020,5.0,15.0,-1.3,0.143,19.5,-10.9,0.0
Stanton Kidd,2020,4.0,15.0,-13.7,0.0,14.6,-17.6,-0.1
Tariq Owens,2020,3.0,15.0,8.4,0.34,16.7,-5.8,0.0
Daryl Macon,2020,4.0,14.0,-3.1,0.5,15.7,-12.0,0.0
Ryan Anderson,2020,2.0,14.0,9.4,0.357,23.7,-2.8,0.0
Kyle Alexander,2020,2.0,13.0,4.7,0.5,10.2,-10.1,0.0
Dusty Hannahs,2020,2.0,13.0,21.3,0.607,31.6,3.1,0.0
William Howard,2020,2.0,13.0,-12.7,0.0,15.9,-19.6,-0.1
Shamorie Ponds,2020,4.0,11.0,33.1,0.765,22.8,13.7,0.0
Isaiah Roby,2020,3.0,11.0,-7.7,0.0,8.0,-15.4,0.0
Kyle Guy,2020,3.0,10.0,6.6,0.4,21.7,-12.3,0.0
Devontae Cacok,2020,1.0,9.0,28.6,0.5,28.1,0.2,0.0
Jared Harper,2020,3.0,8.0,-5.3,0.25,21.3,-15.7,0.0
Max Strus,2020,2.0,6.0,30.7,0.727,24.4,3.9,0.0
Jamal Crawford,2020,1.0,6.0,33.2,0.625,27.9,15.0,0.0
Tyler Zeller,2020,2.0,4.0,22.4,0.25,43.2,-22.4,0.0
Malik Newman,2020,1.0,4.0,-11.4,0.347,41.5,-25.7,0.0
Marques Bolden,2020,1.0,3.0,19.8,,0.0,5.4,0.0
J.P. Macura,2020,1.0,1.0,0.0,,0.0,-6.4,0.0
League Average,2020,,,,0.565,19.9,,
Julius Randle,2021,71.0,2667.0,19.7,0.567,29.3,3.8,3.9
RJ Barrett,2021,72.0,2511.0,13.4,0.535,23.4,-1.2,0.5
Nikola Jokić,2021,72.0,2488.0,31.3,0.647,29.6,12.1,8.8
Buddy Hield,2021,71.0,2433.0,12.8,0.567,20.7,-0.6,0.9
Damian Lillard,2021,67.0,2398.0,25.6,0.623,31.4,6.3,5.0
Terry Rozier,2021,69.0,2383.0,17.1,0.575,24.4,1.6,2.2
Russell Westbrook,2021,65.0,2369.0,19.5,0.509,30.2,3.7,3.4
Andrew Wiggins,2021,71.0,2364.0,15.0,0.568,23.3,-0.4,1.0
Mikal Bridges,2021,72.0,2348.0,16.4,0.667,14.9,3.3,3.1
Nikola Vučević,2021,70.0,2348.0,22.9,0.56,29.3,5.3,4.4
Nikola Vučević,2021,44.0,1500.0,23.5,0.565,29.9,5.9,3.0
Nikola Vučević,2021,26.0,848.0,21.8,0.55,28.2,4.4,1.4
Anthony Edwards,2021,72.0,2314.0,13.9,0.523,27.0,-2.1,-0.1
Jayson Tatum,2021,64.0,2290.0,21.3,0.576,30.8,3.9,3.4
Devin Booker,2021,67.0,2270.0,19.2,0.587,32.7,0.3,1.3
Khris Middleton,2021,68.0,2269.0,18.2,0.588,25.0,1.3,1.9
Duncan Robinson,2021,72.0,2262.0,11.0,0.628,16.6,-1.0,0.6
Luka Dončić,2021,66.0,2262.0,25.3,0.587,36.0,6.8,5.1
Robert Covington,2021,70.0,2243.0,11.2,0.553,11.5,0.2,1.2
Royce O'Neale,2021,71.0,2241.0,9.9,0.599,9.6,1.0,1.7
Domantas Sabonis,2021,62.0,2231.0,20.6,0.601,24.1,3.8,3.3
Bojan Bogdanović,2021,72.0,2216.0,14.0,0.588,22.8,-0.4,0.9
Norman Powell,2021,69.0,2205.0,16.2,0.618,22.6,0.4,1.3
Norman Powell,2021,42.0,1277.0,17.7,0.645,24.2,1.5,1.1
Norman Powell,2021,27.0,928.0,14.2,0.576,20.5,-1.2,0.2
Chris Paul,2021,70.0,2199.0,21.4,0.599,22.6,4.6,3.6
Rudy Gobert,2021,71.0,2187.0,23.5,0.683,17.0,4.9,3.8
Justin Holiday,2021,72.0,2183.0,10.4,0.571,14.0,-1.0,0.6
Isaac Okoro,2021,67.0,2173.0,7.9,0.514,14.3,-5.1,-1.7
Coby White,2021,69.0,2156.0,12.0,0.54,22.5,-2.4,-0.2
Stephen Curry,2021,63.0,2152.0,26.3,0.655,34.8,8.7,5.8
Bradley Beal,2021,60.0,2147.0,22.7,0.593,34.1,3.4,2.9
Bam Adebayo,2021,64.0,2143.0,22.7,0.626,23.7,4.9,3.7
Joe Harris,2021,69.0,2141.0,14.1,0.663,16.2,0.4,1.3
Dejounte Murray,2021,67.0,2139.0,16.5,0.509,23.4,0.8,1.5
Kevin Huerter,2021,69.0,2126.0,12.2,0.541,17.2,-0.3,1.0
Trae Young,2021,63.0,2125.0,23.0,0.589,33.0,3.7,3.0
Deandre Ayton,2021,69.0,2115.0,20.3,0.653,18.2,1.2,1.7
Collin Sexton,2021,60.0,2115.0,18.0,0.573,29.7,-0.2,1.0
Eric Bledsoe,2021,71.0,2111.0,11.5,0.533,18.5,-2.0,0.0
Harrison Barnes,2021,58.0,2102.0,15.4,0.626,17.2,0.2,1.1
Brandon Ingram,2021,61.0,2093.0,19.2,0.584,28.0,2.2,2.2
DeMar DeRozan,2021,61.0,2056.0,22.0,0.591,26.1,3.1,2.6
Ja Morant,2021,63.0,2053.0,16.7,0.537,27.2,-0.4,0.8
Jae'Sean Tate,2021,70.0,2043.0,13.8,0.576,16.4,-1.4,0.3
De'Aaron Fox,2021,58.0,2036.0,20.7,0.565,31.0,1.8,2.0
Zach LaVine,2021,58.0,2034.0,21.5,0.634,31.0,4.0,3.1
Zion Williamson,2021,61.0,2026.0,27.1,0.649,29.8,5.8,4.0
Tobias Harris,2021,62.0,2014.0,20.0,0.597,23.9,3.7,2.9
Giannis Antetokounmpo,2021,61.0,2013.0,29.2,0.633,32.5,9.0,5.6
Pascal Siakam,2021,56.0,2006.0,17.7,0.547,26.3,0.8,1.4
Jaylen Brown,2021,58.0,1999.0,19.9,0.586,29.7,2.5,2.3
Dillon Brooks,2021,67.0,1997.0,12.1,0.515,26.1,-3.7,-0.9
Kelly Olynyk,2021,70.0,1997.0,16.4,0.61,19.7,1.2,1.6
Kelly Olynyk,2021,43.0,1157.0,12.1,0.549,17.5,-0.7,0.4
Kelly Olynyk,2021,27.0,840.0,22.3,0.674,22.9,3.8,1.2
Tim Hardaway Jr.,2021,70.0,1985.0,15.7,0.589,23.4,0.4,1.2
Patrick Williams,2021,71.0,1983.0,10.5,0.562,14.9,-2.4,-0.2
Draymond Green,2021,63.0,1982.0,13.3,0.53,13.1,1.7,1.9
Keldon Johnson,2021,69.0,1968.0,13.8,0.557,19.2,-1.6,0.2
Dennis Schröder,2021,61.0,1956.0,13.8,0.543,22.9,-1.1,0.4
Kyle Kuzma,2021,68.0,1954.0,12.7,0.546,20.3,-0.4,0.8
P.J. Washington,2021,64.0,1954.0,13.4,0.549,19.4,-0.9,0.6
Reggie Bullock,2021,65.0,1949.0,11.1,0.606,14.4,-0.1,0.9
Danny Green,2021,69.0,1934.0,12.1,0.582,14.0,1.9,1.9
Miles Bridges,2021,66.0,1932.0,14.7,0.625,17.3,0.2,1.1
Malcolm Brogdon,2021,56.0,1930.0,17.9,0.561,25.9,2.1,2.0
Dorian Finney-Smith,2021,60.0,1921.0,12.0,0.609,12.2,0.1,1.0
Michael Porter Jr.,2021,61.0,1912.0,20.6,0.663,21.7,3.1,2.5
Saddiq Bey,2021,70.0,1909.0,12.6,0.567,18.7,-0.5,0.7
Jrue Holiday,2021,59.0,1907.0,20.0,0.592,22.2,3.4,2.6
Brook Lopez,2021,70.0,1902.0,15.4,0.611,16.9,0.0,0.9
Kentavious Caldwell-Pope,2021,67.0,1902.0,10.7,0.588,14.2,-0.5,0.7
Fred VanVleet,2021,52.0,1899.0,16.8,0.534,23.9,2.5,2.2
Clint Capela,2021,63.0,1898.0,24.3,0.601,19.9,2.7,2.2
Kyle Anderson,2021,69.0,1887.0,17.2,0.578,18.5,3.3,2.5
Kyrie Irving,2021,54.0,1886.0,24.4,0.614,30.4,5.5,3.6
Ben Simmons,2021,58.0,1877.0,18.3,0.584,20.2,2.9,2.3
Joe Ingles,2021,67.0,1867.0,15.9,0.672,16.6,3.5,2.6
Jarrett Allen,2021,63.0,1864.0,20.1,0.661,16.6,1.1,1.4
Jarrett Allen,2021,12.0,320.0,21.5,0.73,15.5,2.6,0.4
Jarrett Allen,2021,51.0,1544.0,19.8,0.649,16.8,0.8,1.1
Dwayne Bacon,2021,72.0,1853.0,9.9,0.49,19.8,-5.1,-1.5
John Collins,2021,63.0,1848.0,20.6,0.645,22.2,2.3,2.0
Jakob Poeltl,2021,69.0,1845.0,17.5,0.612,13.4,0.8,1.3
Jeff Green,2021,68.0,1835.0,13.0,0.624,15.6,-0.8,0.5
Nicolas Batum,2021,67.0,1835.0,12.9,0.617,11.8,2.1,1.9
Jerami Grant,2021,54.0,1829.0,16.9,0.556,28.5,1.1,1.4
Paul George,2021,54.0,1821.0,20.5,0.598,30.0,4.2,2.9
Jordan Clarkson,2021,68.0,1818.0,17.1,0.549,29.7,1.4,1.6
Donte DiVincenzo,2021,66.0,1814.0,13.0,0.542,16.7,0.2,1.0
Gary Trent Jr.,2021,58.0,1802.0,12.1,0.534,20.9,-2.3,-0.1
Gary Trent Jr.,2021,41.0,1262.0,12.4,0.55,20.1,-1.9,0.0
Gary Trent Jr.,2021,17.0,540.0,11.3,0.501,22.9,-3.1,-0.2
Rui Hachimura,2021,57.0,1797.0,11.4,0.549,18.1,-3.1,-0.5
T.J. McConnell,2021,69.0,1796.0,16.9,0.583,15.3,1.4,1.5
Josh Richardson,2021,59.0,1790.0,11.9,0.537,18.4,-1.7,0.1
Darius Garland,2021,54.0,1790.0,14.2,0.547,24.9,-2.1,-0.1
Richaun Holmes,2021,61.0,1782.0,20.2,0.669,17.5,0.6,1.2
Théo Maledon,2021,65.0,1778.0,8.2,0.489,19.4,-5.0,-1.3
Kawhi Leonard,2021,52.0,1773.0,26.0,0.622,28.6,7.3,4.2
Ricky Rubio,2021,68.0,1772.0,13.5,0.516,16.0,-1.9,0.0
Donovan Mitchell,2021,53.0,1771.0,21.3,0.569,33.5,4.3,2.8
Enes Freedom,2021,72.0,1758.0,22.4,0.636,17.4,0.6,1.2
Jonas Valančiūnas,2021,62.0,1755.0,24.4,0.636,22.4,3.0,2.2
Delon Wright,2021,63.0,1748.0,16.3,0.562,16.3,2.2,1.8
Delon Wright,2021,36.0,1052.0,16.5,0.562,15.8,2.8,1.2
Delon Wright,2021,27.0,696.0,15.9,0.563,17.1,1.2,0.6
Lonzo Ball,2021,55.0,1747.0,15.2,0.551,20.5,1.7,1.6
Tyrese Haliburton,2021,58.0,1746.0,16.2,0.585,18.1,1.4,1.5
Jimmy Butler,2021,52.0,1745.0,26.5,0.607,26.6,7.7,4.3
Will Barton,2021,56.0,1736.0,11.8,0.538,19.0,-1.9,0.1
Darius Bazley,2021,55.0,1714.0,9.7,0.491,22.1,-4.4,-1.0
Jamal Murray,2021,48.0,1704.0,18.3,0.592,24.8,2.0,1.7
Jalen Brunson,2021,68.0,1697.0,17.1,0.618,20.2,0.9,1.2
Carmelo Anthony,2021,69.0,1690.0,14.6,0.547,23.1,-1.1,0.4
Karl-Anthony Towns,2021,50.0,1689.0,23.1,0.612,29.1,4.5,2.8
Kelly Oubre Jr.,2021,55.0,1687.0,13.3,0.529,22.1,-1.9,0.0
Patty Mills,2021,68.0,1685.0,11.8,0.57,18.4,-1.2,0.4
Devonte' Graham,2021,55.0,1659.0,14.6,0.552,21.4,0.7,1.1
Thaddeus Young,2021,68.0,1652.0,20.3,0.578,22.3,3.3,2.2
Kendrick Nunn,2021,56.0,1650.0,14.2,0.596,20.9,-0.5,0.6
Jae Crowder,2021,60.0,1648.0,11.8,0.574,15.7,1.1,1.3
Seth Curry,2021,57.0,1638.0,12.9,0.607,17.1,-0.3,0.7
Tyler Herro,2021,54.0,1635.0,13.3,0.543,23.5,-1.3,0.3
Doug McDermott,2021,66.0,1619.0,15.6,0.635,20.0,-0.6,0.6
Ivica Zubac,2021,72.0,1609.0,19.1,0.693,15.1,1.0,1.2
James Harden,2021,44.0,1609.0,24.5,0.618,28.4,7.2,3.7
James Harden,2021,8.0,290.0,22.4,0.613,28.7,4.8,0.5
James Harden,2021,36.0,1319.0,25.0,0.619,28.4,7.7,3.2
Steven Adams,2021,58.0,1605.0,15.1,0.596,11.7,-0.3,0.7
Kyle Lowry,2021,46.0,1601.0,16.5,0.593,21.4,1.6,1.5
Daniel Theis,2021,65.0,1601.0,15.0,0.609,15.6,0.0,0.8
Daniel Theis,2021,42.0,1027.0,15.0,0.625,15.0,0.4,0.6
Daniel Theis,2021,23.0,574.0,14.9,0.584,16.8,-0.7,0.2
CJ McCollum,2021,47.0,1600.0,20.8,0.577,27.1,3.9,2.4
Joel Embiid,2021,51.0,1585.0,30.3,0.636,35.3,7.5,3.8
Marcus Smart,2021,48.0,1581.0,13.8,0.539,18.4,-0.3,0.7
Montrezl Harrell,2021,69.0,1580.0,22.7,0.65,21.7,3.0,2.0
Pat Connaughton,2021,69.0,1575.0,11.3,0.578,11.6,0.0,0.8
Josh Jackson,2021,62.0,1560.0,12.0,0.516,26.5,-3.0,-0.4
Nerlens Noel,2021,64.0,1547.0,14.8,0.638,9.2,1.4,1.3
Reggie Jackson,2021,67.0,1544.0,14.2,0.576,19.9,0.4,0.9
Luguentz Dort,2021,52.0,1543.0,10.1,0.513,21.7,-3.5,-0.6
Khem Birch,2021,67.0,1529.0,15.1,0.552,13.6,-1.0,0.4
Khem Birch,2021,48.0,952.0,14.1,0.517,12.2,-1.6,0.1
Khem Birch,2021,19.0,577.0,16.9,0.596,15.8,0.1,0.3
Garrett Temple,2021,56.0,1528.0,8.2,0.525,13.1,-3.0,-0.4
Lonnie Walker IV,2021,60.0,1522.0,9.8,0.523,20.1,-3.7,-0.7
Desmond Bane,2021,68.0,1519.0,12.2,0.6,16.1,-0.8,0.5
Solomon Hill,2021,71.0,1513.0,6.7,0.498,10.4,-2.5,-0.2
Jaden McDaniels,2021,63.0,1511.0,8.9,0.552,12.0,-3.5,-0.6
Cedi Osman,2021,59.0,1510.0,10.3,0.488,20.4,-3.2,-0.5
LeBron James,2021,45.0,1504.0,24.2,0.602,31.9,8.1,3.8
Marcus Morris,2021,57.0,1502.0,14.5,0.614,20.1,0.0,0.8
Mason Plumlee,2021,56.0,1499.0,18.7,0.638,16.3,2.2,1.6
Mike Conley,2021,51.0,1498.0,19.2,0.589,23.1,4.9,2.6
Gordon Hayward,2021,44.0,1496.0,17.6,0.584,23.9,1.6,1.4
Caris LeVert,2021,47.0,1486.0,17.8,0.531,28.7,0.4,0.9
Caris LeVert,2021,12.0,334.0,19.1,0.516,31.5,1.5,0.3
Caris LeVert,2021,35.0,1152.0,17.4,0.535,27.9,0.0,0.6
Elfrid Payton,2021,63.0,1484.0,11.7,0.478,23.2,-3.0,-0.4
LaMelo Ball,2021,51.0,1469.0,17.5,0.539,26.1,1.8,1.4
Dāvis Bertāns,2021,57.0,1464.0,11.4,0.62,15.9,-0.8,0.4
Shake Milton,2021,63.0,1461.0,14.6,0.549,24.9,-1.6,0.1
Isaiah Stewart,2021,68.0,1455.0,16.4,0.597,15.5,-1.1,0.3
Myles Turner,2021,47.0,1455.0,15.3,0.599,16.4,0.4,0.9
Chris Boucher,2021,60.0,1453.0,21.9,0.634,20.5,3.3,2.0
Bruce Brown,2021,65.0,1451.0,16.1,0.604,15.9,-0.1,0.7
Cory Joseph,2021,63.0,1446.0,12.5,0.556,16.3,-1.8,0.1
Cory Joseph,2021,44.0,944.0,9.9,0.534,14.3,-3.3,-0.3
Cory Joseph,2021,19.0,502.0,17.3,0.588,19.9,0.9,0.4
Cameron Johnson,2021,60.0,1437.0,11.8,0.563,17.0,-0.2,0.7
OG Anunoby,2021,43.0,1433.0,15.4,0.605,19.3,1.2,1.2
Kenrich Williams,2021,66.0,1426.0,14.0,0.599,15.3,-0.7,0.4
Facundo Campazzo,2021,65.0,1425.0,11.6,0.558,13.1,-0.6,0.5
Isaiah Roby,2021,61.0,1425.0,11.9,0.555,17.7,-3.3,-0.5
Lou Williams,2021,66.0,1423.0,14.0,0.519,25.7,-2.5,-0.2
Lou Williams,2021,42.0,918.0,15.7,0.529,26.5,-1.5,0.1
Lou Williams,2021,24.0,505.0,10.8,0.498,24.3,-4.3,-0.3
Brandon Clarke,2021,59.0,1415.0,17.3,0.56,17.2,1.5,1.3
Raul Neto,2021,64.0,1403.0,13.0,0.575,15.8,-0.6,0.5
Landry Shamet,2021,61.0,1403.0,10.3,0.578,16.7,-2.4,-0.2
Aaron Gordon,2021,50.0,1384.0,14.5,0.547,20.7,0.1,0.7
Aaron Gordon,2021,25.0,736.0,14.9,0.537,23.8,0.6,0.5
Aaron Gordon,2021,25.0,648.0,14.1,0.564,17.2,-0.4,0.3
Wendell Carter Jr.,2021,54.0,1375.0,16.7,0.566,19.3,-1.3,0.2
Wendell Carter Jr.,2021,32.0,792.0,16.3,0.578,19.1,-1.0,0.2
Wendell Carter Jr.,2021,22.0,583.0,17.3,0.549,19.5,-1.7,0.0
Bobby Portis,2021,66.0,1372.0,19.9,0.598,20.9,1.5,1.2
Kemba Walker,2021,43.0,1369.0,17.7,0.559,26.1,2.1,1.4
Rudy Gay,2021,63.0,1358.0,14.7,0.532,23.6,-0.1,0.6
P.J. Tucker,2021,52.0,1356.0,5.5,0.51,7.2,-4.1,-0.7
P.J. Tucker,2021,32.0,959.0,5.5,0.5,7.7,-4.6,-0.6
P.J. Tucker,2021,20.0,397.0,5.7,0.539,5.8,-2.9,-0.1
Robin Lopez,2021,71.0,1354.0,16.7,0.661,17.1,-1.0,0.4
Bryn Forbes,2021,70.0,1354.0,12.8,0.631,18.5,-1.3,0.2
Bismack Biyombo,2021,66.0,1349.0,11.7,0.574,11.5,-3.0,-0.4
Josh Hart,2021,47.0,1349.0,12.2,0.566,13.5,-0.8,0.4
Naz Reid,2021,70.0,1347.0,18.2,0.599,22.5,-0.2,0.6
Terrence Ross,2021,46.0,1347.0,13.2,0.53,24.1,-2.3,-0.1
Maxi Kleber,2021,50.0,1341.0,10.6,0.606,10.6,0.0,0.7
Andre Iguodala,2021,63.0,1339.0,9.2,0.519,11.2,-0.4,0.5
Goran Dragić,2021,50.0,1337.0,13.0,0.552,24.5,-2.3,-0.1
Kent Bazemore,2021,67.0,1333.0,10.6,0.564,16.3,-1.2,0.2
Kristaps Porziņģis,2021,43.0,1327.0,21.3,0.582,26.5,2.2,1.4
Christian Wood,2021,41.0,1326.0,20.0,0.591,25.9,1.4,1.1
Svi Mykhailiuk,2021,66.0,1324.0,10.4,0.529,20.0,-2.6,-0.2
Svi Mykhailiuk,2021,36.0,634.0,10.2,0.527,19.0,-1.8,0.0
Svi Mykhailiuk,2021,30.0,690.0,10.6,0.531,21.0,-3.3,-0.2
Derrick Jones Jr.,2021,58.0,1318.0,11.9,0.576,12.3,-1.4,0.2
Lauri Markkanen,2021,51.0,1317.0,15.2,0.619,20.2,0.1,0.7
Tomáš Satoranský,2021,58.0,1307.0,13.8,0.614,15.2,-0.5,0.5
Bogdan Bogdanović,2021,44.0,1305.0,17.6,0.616,21.3,3.6,1.8
Talen Horton-Tucker,2021,65.0,1304.0,12.9,0.536,21.7,-1.2,0.3
Matisse Thybulle,2021,65.0,1298.0,10.1,0.508,9.4,1.9,1.3
John Wall,2021,40.0,1288.0,15.4,0.503,31.7,-0.7,0.4
Tristan Thompson,2021,54.0,1287.0,14.2,0.54,14.8,-2.5,-0.2
Derrick Rose,2021,50.0,1279.0,18.3,0.55,25.8,1.9,1.3
Derrick Rose,2021,15.0,342.0,17.1,0.517,30.0,0.6,0.2
Derrick Rose,2021,35.0,937.0,18.8,0.565,24.3,2.4,1.0
Cole Anthony,2021,47.0,1273.0,12.1,0.496,24.3,-3.3,-0.4
Payton Pritchard,2021,66.0,1268.0,12.4,0.582,16.7,-0.7,0.4
Terance Mann,2021,67.0,1263.0,13.8,0.603,15.1,-0.2,0.6
Grayson Allen,2021,50.0,1259.0,12.8,0.586,16.8,-0.2,0.6
Evan Fournier,2021,42.0,1259.0,16.7,0.598,23.1,1.1,1.0
Evan Fournier,2021,26.0,787.0,18.2,0.604,26.2,1.7,0.7
Evan Fournier,2021,16.0,472.0,14.1,0.584,18.0,0.3,0.3
Deni Avdija,2021,54.0,1257.0,7.6,0.515,12.0,-3.1,-0.4
Alec Burks,2021,49.0,1255.0,14.8,0.564,21.3,1.5,1.1
DeAndre Jordan,2021,57.0,1246.0,17.1,0.736,13.1,1.0,0.9
Immanuel Quickley,2021,64.0,1243.0,15.8,0.557,25.6,0.9,0.9
Andre Drummond,2021,46.0,1242.0,19.4,0.519,27.6,-1.2,0.3
Andre Drummond,2021,25.0,722.0,20.5,0.5,31.3,-0.8,0.2
Andre Drummond,2021,21.0,520.0,17.9,0.554,22.4,-1.7,0.0
Luke Kennard,2021,63.0,1232.0,12.7,0.608,17.1,-0.2,0.6
Sterling Brown,2021,51.0,1229.0,11.1,0.597,13.5,-1.6,0.1
Hamidou Diallo,2021,52.0,1226.0,14.3,0.541,22.2,-2.1,0.0
Hamidou Diallo,2021,32.0,761.0,15.0,0.536,22.5,-1.5,0.1
Hamidou Diallo,2021,20.0,465.0,13.1,0.549,21.6,-3.2,-0.1
Tyus Jones,2021,70.0,1222.0,15.0,0.511,16.6,0.8,0.9
Danilo Gallinari,2021,51.0,1222.0,16.3,0.613,21.2,1.1,1.0
Alex Caruso,2021,58.0,1216.0,11.1,0.547,14.8,0.0,0.6
Malik Beasley,2021,37.0,1214.0,14.6,0.57,24.0,-0.2,0.6
Dean Wade,2021,63.0,1212.0,11.3,0.573,12.9,-1.3,0.2
Markieff Morris,2021,61.0,1200.0,9.3,0.509,16.4,-2.6,-0.2
Josh Okogie,2021,59.0,1197.0,9.1,0.524,12.1,-3.3,-0.4
Dwight Howard,2021,69.0,1196.0,17.8,0.61,18.2,-1.5,0.1
Monte Morris,2021,47.0,1196.0,14.0,0.574,16.5,-0.3,0.5
D'Angelo Russell,2021,42.0,1196.0,17.6,0.555,29.1,1.6,1.1
Blake Griffin,2021,46.0,1186.0,12.9,0.546,19.3,-0.8,0.3
Blake Griffin,2021,20.0,626.0,9.8,0.491,19.6,-2.2,-0.1
Blake Griffin,2021,26.0,560.0,16.3,0.61,18.9,0.8,0.4
Shai Gilgeous-Alexander,2021,35.0,1180.0,21.6,0.623,27.8,4.1,1.8
Aaron Holiday,2021,66.0,1176.0,9.2,0.503,19.5,-4.2,-0.7
Paul Millsap,2021,56.0,1162.0,16.4,0.565,18.6,1.0,0.9
Anthony Davis,2021,36.0,1162.0,22.1,0.556,29.2,4.8,2.0
Kevon Looney,2021,61.0,1161.0,11.9,0.575,9.4,-0.9,0.3
Kevin Durant,2021,35.0,1157.0,26.4,0.666,31.2,7.2,2.7
Georges Niang,2021,72.0,1154.0,11.4,0.602,17.4,-0.3,0.5
Jarred Vanderbilt,2021,64.0,1139.0,16.2,0.612,12.3,-0.1,0.5
Grant Williams,2021,63.0,1138.0,7.5,0.546,12.3,-3.7,-0.5
Chuma Okeke,2021,45.0,1133.0,11.8,0.511,14.5,-1.5,0.1
Wesley Matthews,2021,58.0,1130.0,7.2,0.517,11.4,-1.7,0.1
D.J. Augustin,2021,57.0,1129.0,12.1,0.57,16.8,-2.1,0.0
D.J. Augustin,2021,37.0,713.0,10.2,0.542,14.3,-2.2,0.0
D.J. Augustin,2021,20.0,416.0,15.5,0.604,21.0,-2.0,0.0
JaMychal Green,2021,58.0,1120.0,13.6,0.59,17.6,-1.5,0.1
Marvin Bagley III,2021,43.0,1112.0,16.3,0.554,23.5,-3.1,-0.3
Juan Toscano-Anderson,2021,53.0,1107.0,12.6,0.676,11.0,0.8,0.8
Anfernee Simons,2021,64.0,1104.0,12.3,0.589,18.3,-1.0,0.3
Larry Nance Jr.,2021,35.0,1091.0,13.2,0.557,13.9,0.4,0.7
Aleksej Pokusevski,2021,45.0,1090.0,6.1,0.43,20.5,-6.1,-1.1
PJ Dozier,2021,50.0,1088.0,10.4,0.501,17.2,-2.6,-0.2
Xavier Tillman Sr.,2021,59.0,1085.0,14.7,0.605,14.3,-0.2,0.5
Victor Oladipo,2021,33.0,1080.0,14.3,0.512,28.5,-1.7,0.1
Victor Oladipo,2021,9.0,300.0,15.5,0.535,26.4,-0.2,0.1
Victor Oladipo,2021,20.0,669.0,14.9,0.508,29.8,-1.3,0.1
Victor Oladipo,2021,4.0,111.0,8.1,0.471,26.4,-8.7,-0.2
Gary Harris,2021,39.0,1080.0,9.1,0.511,16.7,-4.2,-0.6
Gary Harris,2021,19.0,581.0,9.3,0.544,13.8,-2.8,-0.1
Gary Harris,2021,20.0,499.0,9.0,0.485,20.2,-5.8,-0.5
Cameron Payne,2021,60.0,1079.0,17.4,0.602,19.8,3.1,1.4
Damion Lee,2021,57.0,1079.0,11.8,0.636,12.8,0.2,0.6
Terence Davis,2021,61.0,1074.0,12.7,0.555,21.8,-1.7,0.1
Terence Davis,2021,34.0,493.0,11.1,0.537,21.6,-2.6,-0.1
Terence Davis,2021,27.0,581.0,14.0,0.57,21.9,-0.9,0.2
KJ Martin,2021,45.0,1068.0,14.6,0.59,15.6,-1.8,0.0
Derrick White,2021,36.0,1064.0,15.0,0.55,22.4,1.3,0.9
Furkan Korkmaz,2021,55.0,1062.0,12.8,0.544,20.5,-0.1,0.5
Devin Vassell,2021,62.0,1056.0,10.6,0.524,14.3,-1.5,0.1
Brad Wanamaker,2021,61.0,1053.0,9.5,0.489,16.9,-4.0,-0.5
Brad Wanamaker,2021,39.0,625.0,8.5,0.468,16.0,-3.5,-0.2
Brad Wanamaker,2021,22.0,428.0,10.9,0.518,18.1,-4.8,-0.3
Timothé Luwawu-Cabarrot,2021,58.0,1050.0,7.8,0.493,17.4,-4.4,-0.6
De'Anthony Melton,2021,52.0,1045.0,15.2,0.568,19.5,2.3,1.1
James Johnson,2021,51.0,1043.0,11.4,0.51,17.1,-1.2,0.2
James Johnson,2021,29.0,504.0,12.2,0.526,16.2,0.5,0.3
James Johnson,2021,22.0,539.0,10.6,0.498,18.0,-2.7,-0.1
Derrick Favors,2021,68.0,1039.0,19.7,0.663,13.0,2.6,1.2
Garrison Mathews,2021,64.0,1038.0,9.7,0.635,11.5,-1.8,0.1
Denzel Valentine,2021,62.0,1036.0,10.1,0.479,19.5,-2.7,-0.2
Wayne Ellington,2021,46.0,1012.0,12.2,0.625,16.7,-0.2,0.5
Nickeil Alexander-Walker,2021,46.0,1007.0,12.5,0.522,23.2,-1.3,0.2
Stanley Johnson,2021,61.0,1006.0,8.8,0.519,13.4,-2.5,-0.1
Cody Zeller,2021,48.0,1005.0,18.2,0.599,18.3,-0.5,0.4
Marc Gasol,2021,52.0,993.0,12.2,0.606,11.8,2.3,1.1
Tony Snell,2021,47.0,992.0,9.5,0.708,8.6,-0.5,0.4
Jordan Poole,2021,51.0,988.0,15.1,0.581,25.0,-0.5,0.4
James Ennis III,2021,41.0,986.0,12.5,0.613,13.9,-2.2,-0.1
Robert Williams,2021,52.0,985.0,25.7,0.719,15.0,6.0,2.0
Aron Baynes,2021,53.0,980.0,10.5,0.503,16.2,-4.5,-0.6
Alex Len,2021,64.0,979.0,16.4,0.643,16.3,-0.1,0.5
Alex Len,2021,7.0,76.0,4.3,0.633,11.7,-4.0,0.0
Alex Len,2021,57.0,903.0,17.5,0.643,16.7,0.2,0.5
DeAndre' Bembry,2021,51.0,972.0,11.2,0.57,14.6,-1.9,0.0
Dwight Powell,2021,58.0,966.0,16.8,0.688,13.2,0.6,0.6
Jaxson Hayes,2021,60.0,964.0,19.1,0.675,16.2,0.6,0.6
Serge Ibaka,2021,41.0,955.0,18.2,0.585,20.1,1.4,0.8
Semi Ojeleye,2021,56.0,950.0,8.3,0.553,11.6,-2.4,-0.1
Jeff Teague,2021,55.0,950.0,12.3,0.562,17.7,-2.2,-0.1
Jeff Teague,2021,34.0,616.0,11.4,0.542,17.7,-2.7,-0.1
Jeff Teague,2021,21.0,334.0,14.1,0.598,17.6,-1.4,0.1
Rodney Hood,2021,55.0,942.0,5.6,0.452,14.1,-6.4,-1.0
Rodney Hood,2021,38.0,726.0,5.0,0.436,14.1,-6.8,-0.9
Rodney Hood,2021,17.0,216.0,7.5,0.5,14.2,-4.9,-0.2
Jordan McLaughlin,2021,51.0,938.0,12.0,0.502,13.7,-1.7,0.1
Taj Gibson,2021,45.0,936.0,16.0,0.661,9.7,1.3,0.8
Tyrese Maxey,2021,61.0,935.0,14.5,0.531,23.0,-1.5,0.1
Danuel House Jr.,2021,36.0,932.0,9.1,0.525,15.3,-3.5,-0.3
Malachi Flynn,2021,47.0,928.0,10.9,0.484,19.0,-2.6,-0.1
Ish Smith,2021,44.0,924.0,11.6,0.473,15.8,-1.5,0.1
Moses Brown,2021,43.0,920.0,18.8,0.572,16.9,-2.4,-0.1
Trey Burke,2021,62.0,911.0,12.6,0.544,20.0,-1.8,0.0
Damyean Dotson,2021,46.0,907.0,8.1,0.499,16.9,-4.8,-0.6
Willie Cauley-Stein,2021,53.0,906.0,14.3,0.647,12.0,-1.3,0.2
Taurean Prince,2021,41.0,905.0,12.1,0.54,19.6,-1.8,0.0
Taurean Prince,2021,12.0,218.0,11.7,0.565,19.4,-2.2,0.0
Taurean Prince,2021,29.0,687.0,12.2,0.532,19.7,-1.7,0.0
Ben McLemore,2021,53.0,905.0,8.5,0.523,20.4,-3.9,-0.4
Ben McLemore,2021,32.0,537.0,8.3,0.5,21.1,-4.5,-0.3
Ben McLemore,2021,21.0,368.0,8.8,0.559,19.4,-3.0,-0.1
Kira Lewis Jr.,2021,54.0,904.0,10.3,0.477,18.3,-3.4,-0.3
Jalen McDaniels,2021,47.0,904.0,11.4,0.554,17.0,-3.2,-0.3
Juancho Hernangómez,2021,52.0,900.0,12.1,0.549,17.2,-2.9,-0.2
R.J. Hampton,2021,51.0,888.0,11.1,0.507,19.6,-3.8,-0.4
R.J. Hampton,2021,25.0,233.0,7.7,0.49,14.3,-5.3,-0.2
R.J. Hampton,2021,26.0,655.0,12.3,0.511,21.5,-3.3,-0.2
Jusuf Nurkić,2021,37.0,880.0,20.5,0.554,22.3,2.5,1.0
Malik Monk,2021,42.0,878.0,13.6,0.569,23.8,-1.8,0.0
Dario Šarić,2021,50.0,871.0,14.3,0.567,22.6,-2.0,0.0
Sekou Doumbouya,2021,56.0,869.0,6.9,0.459,17.8,-6.7,-1.0
Edmond Sumner,2021,53.0,861.0,12.7,0.626,18.3,-2.8,-0.2
Mitchell Robinson,2021,31.0,853.0,17.7,0.642,11.8,1.2,0.7
Mike Scott,2021,51.0,852.0,6.8,0.492,11.9,-2.8,-0.2
Cody Martin,2021,52.0,849.0,10.6,0.5,12.5,-2.0,0.0
Willy Hernangómez,2021,47.0,846.0,19.6,0.591,17.0,0.0,0.4
Austin Rivers,2021,36.0,845.0,9.9,0.551,15.4,-1.9,0.0
Austin Rivers,2021,21.0,442.0,9.5,0.545,16.5,-2.2,0.0
Austin Rivers,2021,15.0,403.0,10.3,0.558,14.2,-1.7,0.0
Trevor Ariza,2021,30.0,841.0,11.9,0.542,15.1,-1.1,0.2
Chasson Randle,2021,41.0,837.0,7.4,0.515,15.7,-5.9,-0.8
James Wiseman,2021,39.0,836.0,13.1,0.552,23.8,-5.0,-0.6
Kevin Porter Jr.,2021,26.0,835.0,12.5,0.528,25.4,-3.5,-0.3
Patrick Beverley,2021,37.0,832.0,12.0,0.58,14.6,0.7,0.6
Caleb Martin,2021,53.0,818.0,9.5,0.465,16.7,-3.4,-0.3
Torrey Craig,2021,50.0,803.0,14.2,0.579,14.3,0.4,0.5
Torrey Craig,2021,18.0,201.0,10.3,0.48,10.8,-0.6,0.1
Torrey Craig,2021,32.0,602.0,15.5,0.603,15.5,0.8,0.4
Michael Carter-Williams,2021,31.0,800.0,9.5,0.449,20.2,-4.8,-0.6
Daniel Gafford,2021,54.0,791.0,22.2,0.697,16.7,2.2,0.8
Daniel Gafford,2021,31.0,383.0,18.8,0.7,14.4,0.2,0.2
Daniel Gafford,2021,23.0,408.0,25.4,0.696,18.9,4.0,0.6
Eric Gordon,2021,27.0,789.0,14.4,0.577,25.2,-1.0,0.2
Ty Jerome,2021,33.0,788.0,13.4,0.585,18.8,-0.7,0.3
Al Horford,2021,28.0,782.0,17.4,0.538,21.6,3.4,1.1
Saben Lee,2021,48.0,781.0,13.8,0.536,17.0,-2.0,0.0
Maurice Harkless,2021,37.0,772.0,8.1,0.527,11.5,-3.7,-0.3
Maurice Harkless,2021,11.0,124.0,4.6,0.54,6.1,-2.8,0.0
Maurice Harkless,2021,26.0,648.0,8.8,0.526,12.6,-3.8,-0.3
Rajon Rondo,2021,45.0,770.0,13.2,0.544,17.2,-0.2,0.4
Rajon Rondo,2021,27.0,402.0,9.9,0.478,16.2,-2.5,0.0
Rajon Rondo,2021,18.0,368.0,16.8,0.609,18.2,2.3,0.4
Mychal Mulder,2021,60.0,766.0,10.8,0.613,16.2,-1.8,0.0
Jeremy Lamb,2021,36.0,765.0,15.8,0.587,18.4,1.4,0.7
Jaylen Nowell,2021,42.0,759.0,12.3,0.528,21.4,-2.8,-0.2
Drew Eubanks,2021,54.0,755.0,17.9,0.618,17.1,0.0,0.4
Cam Reddish,2021,26.0,750.0,9.3,0.488,19.3,-3.2,-0.2
Frank Jackson,2021,40.0,738.0,13.2,0.598,21.3,-1.7,0.1
Precious Achiuwa,2021,61.0,737.0,14.2,0.55,19.5,-4.1,-0.4
Mo Bamba,2021,46.0,725.0,19.3,0.556,21.8,0.1,0.4
Yuta Watanabe,2021,50.0,723.0,12.2,0.565,12.7,-0.7,0.2
JJ Redick,2021,44.0,723.0,9.9,0.564,19.2,-3.5,-0.3
JJ Redick,2021,31.0,576.0,10.9,0.575,19.0,-2.8,-0.1
JJ Redick,2021,13.0,147.0,5.9,0.516,19.9,-6.0,-0.1
Moritz Wagner,2021,45.0,722.0,12.5,0.58,18.1,-2.6,-0.1
Moritz Wagner,2021,25.0,375.0,15.4,0.614,18.3,-0.1,0.2
Moritz Wagner,2021,9.0,61.0,-1.0,0.37,16.9,-10.3,-0.1
Moritz Wagner,2021,11.0,286.0,11.5,0.563,18.2,-4.0,-0.1
Jevon Carter,2021,60.0,717.0,12.2,0.548,15.0,0.5,0.5
Frank Kaminsky,2021,47.0,715.0,15.8,0.547,19.0,1.3,0.6
DeMarcus Cousins,2021,41.0,713.0,16.4,0.537,24.5,0.4,0.4
DeMarcus Cousins,2021,25.0,506.0,14.9,0.511,23.1,-0.1,0.2
DeMarcus Cousins,2021,16.0,207.0,20.3,0.597,27.7,1.7,0.2
Naji Marshall,2021,32.0,700.0,11.4,0.508,16.8,-1.3,0.1
Eric Paschall,2021,40.0,695.0,13.4,0.561,23.5,-2.7,-0.1
Tyler Johnson,2021,39.0,684.0,8.2,0.546,13.3,-3.4,-0.2
Tony Bradley,2021,42.0,684.0,20.7,0.678,15.8,1.3,0.6
Tony Bradley,2021,20.0,287.0,21.1,0.683,12.9,3.3,0.4
Tony Bradley,2021,22.0,397.0,20.4,0.676,18.0,-0.2,0.2
Obi Toppin,2021,62.0,683.0,12.7,0.574,15.9,-0.7,0.2
David Nwaba,2021,30.0,679.0,14.4,0.557,16.6,-0.8,0.2
De'Andre Hunter,2021,23.0,678.0,15.7,0.603,20.2,1.2,0.5
JaVale McGee,2021,46.0,678.0,17.0,0.541,23.9,-2.5,-0.1
JaVale McGee,2021,33.0,503.0,18.4,0.554,24.6,-1.1,0.1
JaVale McGee,2021,13.0,175.0,12.9,0.498,21.8,-6.6,-0.2
LaMarcus Aldridge,2021,26.0,674.0,15.7,0.556,22.2,-0.3,0.3
LaMarcus Aldridge,2021,21.0,544.0,15.1,0.545,22.7,-0.9,0.2
LaMarcus Aldridge,2021,5.0,130.0,18.2,0.611,19.9,2.2,0.1
George Hill,2021,30.0,672.0,13.1,0.596,15.9,-1.2,0.1
George Hill,2021,14.0,369.0,15.9,0.63,16.5,1.0,0.3
George Hill,2021,16.0,303.0,9.7,0.545,15.2,-3.9,-0.1
Killian Hayes,2021,26.0,670.0,5.3,0.422,19.0,-7.2,-0.9
Aaron Nesmith,2021,46.0,669.0,9.4,0.573,13.7,-3.2,-0.2
Gabe Vincent,2021,50.0,655.0,7.6,0.498,19.1,-5.4,-0.6
Gary Clark,2021,39.0,654.0,6.0,0.436,10.1,-4.9,-0.5
Gary Clark,2021,35.0,637.0,6.1,0.439,10.3,-4.9,-0.5
Gary Clark,2021,2.0,4.0,2.9,,0.0,-6.4,0.0
Gary Clark,2021,2.0,13.0,3.8,0.0,3.3,-5.9,0.0
Mike Muscala,2021,35.0,645.0,14.7,0.599,20.0,-0.1,0.3
Nassir Little,2021,48.0,640.0,11.6,0.589,13.8,-2.7,-0.1
Jake Layman,2021,45.0,627.0,11.4,0.577,15.1,-2.1,0.0
Kevin Love,2021,25.0,622.0,15.1,0.556,21.9,-0.1,0.3
Brandon Goodwin,2021,47.0,620.0,9.2,0.471,19.5,-3.1,-0.2
Otto Porter Jr.,2021,28.0,606.0,14.5,0.552,19.3,0.0,0.3
Otto Porter Jr.,2021,25.0,540.0,14.8,0.566,19.5,0.2,0.3
Otto Porter Jr.,2021,3.0,66.0,11.7,0.441,17.8,-1.7,0.0
Avery Bradley,2021,27.0,602.0,6.3,0.487,14.9,-5.4,-0.5
Avery Bradley,2021,10.0,211.0,10.4,0.607,16.9,-2.4,0.0
Avery Bradley,2021,17.0,391.0,4.0,0.409,13.8,-6.9,-0.5
Onyeka Okongwu,2021,50.0,601.0,16.8,0.655,14.7,-1.4,0.1
Nemanja Bjelica,2021,37.0,595.0,12.9,0.554,18.4,-2.2,0.0
Nemanja Bjelica,2021,26.0,439.0,12.7,0.555,19.3,-2.6,-0.1
Nemanja Bjelica,2021,11.0,156.0,13.3,0.55,15.9,-1.3,0.0
Nic Claxton,2021,32.0,594.0,16.9,0.612,14.0,0.4,0.4
Patrick Patterson,2021,38.0,582.0,10.9,0.571,14.0,-0.6,0.2
Justin Jackson,2021,34.0,577.0,10.4,0.516,19.8,-3.5,-0.2
Justin Jackson,2021,33.0,544.0,10.7,0.519,20.2,-3.2,-0.2
Justin Jackson,2021,1.0,33.0,5.8,0.455,13.8,-8.0,0.0
John Konchar,2021,43.0,575.0,14.8,0.608,12.4,1.2,0.5
Nicolò Melli,2021,45.0,566.0,7.9,0.441,12.5,-3.5,-0.2
Nicolò Melli,2021,22.0,241.0,5.8,0.346,12.1,-3.9,-0.1
Nicolò Melli,2021,23.0,325.0,9.4,0.506,12.9,-3.2,-0.1
Goga Bitadze,2021,45.0,561.0,16.3,0.523,18.1,-1.0,0.1
Isaiah Hartenstein,2021,46.0,559.0,17.9,0.583,19.2,-0.9,0.2
Isaiah Hartenstein,2021,30.0,272.0,15.5,0.543,18.7,-3.7,-0.1
Isaiah Hartenstein,2021,16.0,287.0,20.3,0.62,19.6,1.7,0.3
Gorgui Dieng,2021,38.0,552.0,19.2,0.67,17.4,3.4,0.7
Gorgui Dieng,2021,22.0,371.0,19.2,0.682,17.0,3.3,0.5
Gorgui Dieng,2021,16.0,181.0,19.0,0.648,18.2,3.5,0.2
Thanasis Antetokounmpo,2021,57.0,551.0,10.3,0.523,15.3,-3.5,-0.2
Damian Jones,2021,39.0,547.0,14.6,0.712,12.3,-1.4,0.1
Damian Jones,2021,14.0,94.0,6.7,0.528,12.7,-5.9,-0.1
Damian Jones,2021,8.0,112.0,17.1,0.965,10.6,-0.2,0.1
Damian Jones,2021,17.0,341.0,15.9,0.691,12.7,-0.6,0.1
Hassan Whiteside,2021,36.0,546.0,19.2,0.566,23.5,-2.2,0.0
Wes Iwundu,2021,41.0,539.0,4.3,0.428,10.8,-6.3,-0.6
Wes Iwundu,2021,23.0,288.0,4.9,0.421,9.9,-4.9,-0.2
Wes Iwundu,2021,18.0,251.0,3.7,0.435,11.8,-7.9,-0.4
Troy Brown Jr.,2021,34.0,524.0,8.5,0.525,14.0,-4.0,-0.3
Troy Brown Jr.,2021,21.0,287.0,6.3,0.471,16.1,-5.5,-0.3
Troy Brown Jr.,2021,13.0,237.0,11.2,0.616,11.5,-2.2,0.0
Armoni Brooks,2021,20.0,520.0,10.4,0.565,17.9,-3.2,-0.2
Miye Oni,2021,54.0,519.0,6.4,0.517,9.8,-1.7,0.0
Oshae Brissett,2021,21.0,519.0,17.2,0.638,15.6,0.6,0.3
Dylan Windler,2021,31.0,513.0,10.8,0.567,14.8,-1.7,0.0
Max Strus,2021,39.0,507.0,12.1,0.597,18.3,-2.2,0.0
Justise Winslow,2021,26.0,507.0,6.2,0.395,21.9,-6.0,-0.5
Lamar Stevens,2021,40.0,499.0,10.5,0.521,15.8,-4.2,-0.3
Jarrett Culver,2021,34.0,499.0,8.8,0.476,18.2,-5.6,-0.5
DaQuan Jeffries,2021,31.0,493.0,7.9,0.514,11.9,-4.7,-0.3
DaQuan Jeffries,2021,18.0,232.0,7.2,0.524,12.6,-5.3,-0.2
DaQuan Jeffries,2021,13.0,261.0,8.5,0.504,11.3,-4.2,-0.1
Chimezie Metu,2021,36.0,488.0,14.5,0.571,20.0,-3.6,-0.2
Javonte Green,2021,41.0,473.0,12.1,0.61,12.6,-0.5,0.2
Javonte Green,2021,25.0,345.0,11.8,0.624,12.1,-0.5,0.1
Javonte Green,2021,16.0,128.0,13.1,0.579,14.0,-0.6,0.0
Kevin Knox,2021,42.0,464.0,9.1,0.537,16.2,-1.4,0.1
Ryan Arcidiacono,2021,44.0,450.0,9.8,0.541,13.1,-2.3,0.0
KZ Okpala,2021,37.0,447.0,5.2,0.448,11.9,-7.1,-0.6
Josh Green,2021,39.0,445.0,8.8,0.49,11.9,-3.6,-0.2
Langston Galloway,2021,40.0,438.0,12.1,0.605,17.3,-0.9,0.1
Tyler Cook,2021,32.0,438.0,12.8,0.659,13.9,-3.0,-0.1
Tyler Cook,2021,4.0,17.0,1.6,0.333,10.3,-6.2,0.0
Tyler Cook,2021,28.0,421.0,13.2,0.667,14.1,-2.9,-0.1
Al-Farouq Aminu,2021,23.0,434.0,8.9,0.469,13.6,-3.8,-0.2
Al-Farouq Aminu,2021,17.0,367.0,9.9,0.482,14.3,-3.1,-0.1
Al-Farouq Aminu,2021,6.0,67.0,3.0,0.369,9.8,-7.3,-0.1
D.J. Wilson,2021,35.0,433.0,11.5,0.511,19.7,-3.3,-0.1
D.J. Wilson,2021,12.0,105.0,8.4,0.49,19.1,-5.1,-0.1
D.J. Wilson,2021,23.0,328.0,12.5,0.518,19.9,-2.7,-0.1
Isaac Bonga,2021,40.0,432.0,4.0,0.461,10.2,-5.8,-0.4
Dennis Smith Jr.,2021,23.0,420.0,13.6,0.492,19.0,0.4,0.3
Dennis Smith Jr.,2021,3.0,28.0,6.8,0.356,21.7,-3.8,0.0
Dennis Smith Jr.,2021,20.0,392.0,14.1,0.504,18.8,0.7,0.3
Anthony Lamb,2021,24.0,415.0,8.7,0.523,15.0,-6.1,-0.4
Brodric Thomas,2021,32.0,399.0,8.0,0.487,16.4,-4.4,-0.2
Brodric Thomas,2021,4.0,24.0,7.2,0.496,24.9,-6.4,0.0
Brodric Thomas,2021,28.0,375.0,8.0,0.487,15.8,-4.3,-0.2
Zeke Nnaji,2021,42.0,397.0,11.3,0.615,12.9,-1.7,0.0
Amir Coffey,2021,44.0,394.0,10.1,0.585,15.1,-2.0,0.0
Freddie Gillespie,2021,20.0,392.0,13.4,0.563,12.2,-3.2,-0.1
E'Twaun Moore,2021,27.0,389.0,10.4,0.523,17.2,-2.9,-0.1
Isaiah Joe,2021,41.0,383.0,9.5,0.533,17.4,-3.0,-0.1
Glenn Robinson III,2021,23.0,369.0,9.0,0.554,14.0,-4.0,-0.2
Nico Mannion,2021,30.0,364.0,9.3,0.487,18.5,-3.9,-0.2
Trey Lyles,2021,23.0,358.0,11.4,0.574,12.9,-1.8,0.0
Abdel Nader,2021,24.0,355.0,13.4,0.605,19.0,0.0,0.2
Harry Giles,2021,38.0,348.0,12.4,0.496,15.9,-2.9,-0.1
Luke Kornet,2021,31.0,348.0,13.3,0.511,13.7,0.8,0.3
Luke Kornet,2021,13.0,94.0,9.8,0.452,13.7,0.5,0.1
Luke Kornet,2021,18.0,254.0,14.5,0.534,13.7,0.9,0.2
Jahlil Okafor,2021,27.0,347.0,13.1,0.644,16.8,-3.2,-0.1
Chandler Hutchison,2021,25.0,346.0,6.8,0.469,16.2,-5.6,-0.3
Chandler Hutchison,2021,7.0,64.0,0.4,0.344,16.2,-10.0,-0.1
Chandler Hutchison,2021,18.0,282.0,8.2,0.494,16.2,-4.5,-0.2
Josh Hall,2021,21.0,336.0,1.0,0.363,18.1,-11.9,-0.8
Mason Jones,2021,32.0,334.0,12.1,0.556,23.0,-2.7,-0.1
Mason Jones,2021,26.0,307.0,11.1,0.546,23.1,-3.3,-0.1
Mason Jones,2021,6.0,27.0,23.5,0.662,20.8,4.8,0.0
Shaquille Harrison,2021,34.0,333.0,6.8,0.416,12.9,-4.1,-0.2
Shaquille Harrison,2021,17.0,56.0,6.5,0.375,21.3,-6.7,-0.1
Shaquille Harrison,2021,17.0,277.0,6.9,0.431,11.2,-3.6,-0.1
Matt Thomas,2021,45.0,326.0,9.1,0.522,19.5,-4.6,-0.2
Matt Thomas,2021,26.0,192.0,8.2,0.545,16.0,-3.9,-0.1
Matt Thomas,2021,19.0,134.0,10.5,0.499,24.5,-5.5,-0.1
Kelan Martin,2021,35.0,322.0,13.9,0.551,20.9,-2.4,0.0
Frank Ntilikina,2021,33.0,322.0,7.7,0.512,13.6,-1.7,0.0
Jaylen Hoard,2021,19.0,320.0,13.4,0.547,16.3,-2.5,0.0
JaKarr Sampson,2021,29.0,316.0,10.9,0.533,19.0,-7.5,-0.4
Justin James,2021,36.0,310.0,11.3,0.548,19.7,-4.3,-0.2
Luka Šamanić,2021,33.0,308.0,9.8,0.518,19.5,-4.9,-0.2
Jerome Robinson,2021,17.0,305.0,4.1,0.4,16.7,-7.0,-0.4
Trent Forrest,2021,30.0,302.0,11.2,0.554,14.3,-1.3,0.1
Ed Davis,2021,23.0,299.0,13.1,0.487,7.9,-2.2,0.0
Paul Watson,2021,27.0,297.0,10.9,0.649,13.7,-1.3,0.1
Romeo Langford,2021,18.0,283.0,5.1,0.436,11.3,-4.6,-0.2
Vlatko Čančar,2021,41.0,281.0,9.7,0.547,14.2,-2.6,0.0
Mfiondu Kabengele,2021,39.0,280.0,9.5,0.486,17.7,-4.3,-0.2
Mfiondu Kabengele,2021,23.0,94.0,1.4,0.39,19.2,-10.1,-0.2
Mfiondu Kabengele,2021,16.0,186.0,13.7,0.538,16.9,-1.3,0.0
Nathan Knight,2021,33.0,279.0,13.9,0.499,21.7,-3.7,-0.1
Carsen Edwards,2021,31.0,276.0,10.2,0.527,19.3,-4.5,-0.2
Jordan Nwora,2021,30.0,274.0,16.1,0.586,26.0,-1.1,0.1
Boban Marjanović,2021,33.0,271.0,22.6,0.562,24.6,-0.8,0.1
Thomas Bryant,2021,10.0,271.0,18.7,0.704,17.2,0.9,0.2
Tre Jones,2021,37.0,269.0,12.1,0.544,16.1,-3.5,-0.1
Skylar Mays,2021,33.0,269.0,16.8,0.569,19.1,1.9,0.3
Alfonzo McKinnie,2021,39.0,258.0,15.5,0.604,17.8,-0.4,0.1
Jaren Jackson Jr.,2021,11.0,258.0,18.0,0.551,25.9,0.1,0.1
Ignas Brazdeikis,2021,13.0,249.0,9.5,0.51,17.6,-5.3,-0.2
Ignas Brazdeikis,2021,4.0,7.0,11.2,0.532,18.3,-4.1,0.0
Ignas Brazdeikis,2021,1.0,8.0,-12.0,0.0,16.1,-21.4,0.0
Ignas Brazdeikis,2021,8.0,234.0,10.2,0.528,17.6,-4.8,-0.2
Justin Patton,2021,13.0,247.0,11.6,0.488,13.0,-2.2,0.0
Keita Bates-Diop,2021,30.0,245.0,12.0,0.518,14.8,-1.9,0.0
Wenyen Gabriel,2021,21.0,241.0,9.8,0.533,14.4,-3.3,-0.1
Tremont Waters,2021,26.0,238.0,14.6,0.541,21.4,0.3,0.1
Mike James,2021,13.0,236.0,11.9,0.481,22.9,-4.4,-0.1
Kyle Guy,2021,31.0,235.0,8.5,0.449,19.7,-5.8,-0.2
Sam Merrill,2021,30.0,233.0,11.9,0.603,15.0,-1.0,0.1
Chris Chiozza,2021,22.0,232.0,12.9,0.461,21.0,-0.7,0.1
Bruno Fernando,2021,33.0,226.0,6.2,0.475,14.4,-6.5,-0.3
Matthew Dellavedova,2021,13.0,224.0,7.3,0.312,12.4,-6.4,-0.3
Anthony Gill,2021,26.0,218.0,13.7,0.597,14.2,-1.3,0.0
Sindarius Thornwell,2021,21.0,217.0,6.6,0.414,11.1,-4.7,-0.2
Sindarius Thornwell,2021,14.0,73.0,4.5,0.388,14.9,-5.3,-0.1
Sindarius Thornwell,2021,7.0,144.0,7.7,0.434,9.2,-4.4,-0.1
Markelle Fultz,2021,8.0,215.0,12.0,0.458,26.2,-4.4,-0.1
Gabriel Deck,2021,10.0,212.0,16.1,0.548,16.6,-0.4,0.1
Reggie Perry,2021,26.0,211.0,11.0,0.466,20.4,-6.7,-0.2
Dewayne Dedmon,2021,16.0,210.0,24.5,0.735,19.3,1.7,0.2
Markus Howard,2021,37.0,205.0,6.4,0.477,27.2,-8.7,-0.3
Darius Miller,2021,18.0,197.0,15.9,0.685,13.2,3.6,0.3
Jordan Bone,2021,14.0,196.0,8.9,0.519,12.6,-4.2,-0.1
Rodney McGruder,2021,16.0,194.0,16.1,0.619,18.1,0.7,0.1
CJ Elleby,2021,30.0,192.0,9.4,0.468,17.4,-4.9,-0.1
Alize Johnson,2021,18.0,189.0,23.5,0.638,19.1,2.7,0.2
Killian Tillie,2021,18.0,182.0,8.5,0.461,14.8,-3.7,-0.1
Donta Hall,2021,13.0,179.0,22.3,0.731,14.0,1.6,0.2
Paul Reed,2021,26.0,177.0,21.2,0.54,22.7,-1.0,0.0
Jalen Harris,2021,13.0,172.0,15.2,0.632,22.6,0.3,0.1
Jabari Parker,2021,13.0,165.0,14.7,0.593,18.5,-0.9,0.0
Jabari Parker,2021,3.0,27.0,5.0,0.571,15.9,-9.1,0.0
Jabari Parker,2021,10.0,138.0,16.6,0.596,18.9,0.7,0.1
Daniel Oturu,2021,30.0,161.0,12.5,0.471,18.2,-5.2,-0.1
Bol Bol,2021,32.0,160.0,9.4,0.534,21.2,-4.1,-0.1
Sean McDermott,2021,18.0,158.0,7.2,0.534,10.8,-4.3,-0.1
Quinn Cook,2021,23.0,157.0,12.7,0.531,21.8,-1.2,0.0
Quinn Cook,2021,16.0,62.0,13.8,0.585,21.9,-0.4,0.0
Quinn Cook,2021,7.0,95.0,12.0,0.496,21.7,-1.7,0.0
Jalen Smith,2021,27.0,156.0,8.4,0.499,17.1,-6.1,-0.2
Khyri Thomas,2021,5.0,153.0,21.3,0.586,21.1,2.4,0.2
Charlie Brown Jr.,2021,9.0,152.0,4.1,0.422,14.9,-8.7,-0.3
Ersan İlyasova,2021,17.0,148.0,12.1,0.578,18.7,-0.9,0.0
Juwan Morgan,2021,29.0,147.0,8.5,0.529,10.9,-2.3,0.0
Mamadi Diakite,2021,14.0,141.0,12.3,0.477,14.6,-2.4,0.0
Jarrell Brantley,2021,28.0,138.0,16.6,0.605,19.0,2.2,0.1
Tacko Fall,2021,19.0,136.0,19.6,0.66,13.2,1.2,0.1
Yogi Ferrell,2021,10.0,136.0,14.4,0.459,20.7,0.2,0.1
Yogi Ferrell,2021,2.0,40.0,12.4,0.434,27.1,-1.0,0.0
Yogi Ferrell,2021,8.0,96.0,15.3,0.473,18.0,0.7,0.1
Deividas Sirvydis,2021,20.0,133.0,5.7,0.481,15.7,-5.4,-0.1
Rodions Kurucs,2021,21.0,125.0,6.3,0.459,15.9,-4.6,-0.1
Rodions Kurucs,2021,5.0,16.0,7.7,0.5,8.2,0.0,0.0
Rodions Kurucs,2021,11.0,75.0,0.8,0.297,17.5,-8.6,-0.1
Rodions Kurucs,2021,5.0,34.0,17.9,0.845,15.9,2.2,0.0
Dakota Mathias,2021,8.0,123.0,9.8,0.474,18.1,-2.6,0.0
Quinndary Weatherspoon,2021,20.0,121.0,9.6,0.547,18.7,-5.0,-0.1
T.J. Warren,2021,4.0,117.0,11.6,0.56,21.6,-5.5,-0.1
Danté Exum,2021,6.0,116.0,5.9,0.428,12.7,-3.8,-0.1
Vernon Carey Jr.,2021,19.0,115.0,11.7,0.563,17.2,-6.1,-0.1
Rondae Hollis-Jefferson,2021,11.0,107.0,14.4,0.539,10.9,0.1,0.1
Robert Franks,2021,7.0,101.0,16.5,0.638,15.3,-0.2,0.0
Anthony Tolliver,2021,11.0,99.0,4.0,0.433,9.8,-7.0,-0.1
Cassius Winston,2021,22.0,98.0,10.8,0.575,17.2,-3.2,0.0
Devontae Cacok,2021,20.0,98.0,17.2,0.576,17.2,-1.0,0.0
Jahmi'us Ramsey,2021,13.0,94.0,10.5,0.498,19.8,-4.5,-0.1
Cassius Stanley,2021,24.0,93.0,5.5,0.383,22.0,-11.2,-0.2
Nate Hinton,2021,21.0,93.0,10.4,0.442,24.4,-3.4,0.0
Chris Silva,2021,15.0,92.0,11.5,0.708,15.9,-5.5,-0.1
Chris Silva,2021,11.0,83.0,13.4,0.765,15.5,-3.9,0.0
Chris Silva,2021,4.0,9.0,-5.9,0.333,19.1,-20.6,0.0
Karim Mané,2021,10.0,88.0,1.3,0.362,8.9,-9.9,-0.2
Justin Robinson,2021,9.0,88.0,6.0,0.453,12.2,-6.8,-0.1
Cameron Oliver,2021,4.0,87.0,17.2,0.619,18.5,-2.0,0.0
Louis King,2021,6.0,85.0,21.2,0.6,20.6,4.9,0.1
Cristiano Felício,2021,18.0,84.0,14.7,0.574,12.4,0.1,0.0
Alen Smailagić,2021,15.0,84.0,8.9,0.472,17.6,-5.3,-0.1
Jay Scrubb,2021,4.0,84.0,6.3,0.458,23.8,-10.9,-0.2
Norvel Pelle,2021,13.0,84.0,11.6,0.567,10.8,-2.6,0.0
Norvel Pelle,2021,3.0,28.0,2.1,0.429,15.6,-13.0,-0.1
Norvel Pelle,2021,1.0,4.0,30.1,0.543,29.7,3.2,0.0
Norvel Pelle,2021,9.0,52.0,15.3,0.698,6.8,2.5,0.1
Jordan Bell,2021,6.0,82.0,8.0,0.328,13.6,-5.8,-0.1
Jordan Bell,2021,5.0,67.0,8.5,0.35,14.2,-5.7,-0.1
Jordan Bell,2021,1.0,15.0,5.6,0.174,11.1,-6.5,0.0
Jared Dudley,2021,12.0,81.0,4.4,0.333,5.9,-3.5,0.0
Frank Mason III,2021,4.0,79.0,7.5,0.462,17.5,-7.7,-0.1
Thon Maker,2021,8.0,76.0,18.6,0.657,14.8,0.7,0.1
Keljin Blevins,2021,17.0,75.0,-0.9,0.3,14.3,-10.7,-0.2
Jeremiah Martin,2021,9.0,75.0,1.4,0.313,23.9,-9.5,-0.1
Devin Cannady,2021,8.0,74.0,11.2,0.547,19.3,-3.1,0.0
Tyler Bey,2021,18.0,71.0,5.9,0.372,16.9,-9.5,-0.1
Rayjon Tucker,2021,14.0,68.0,15.1,0.645,19.2,-3.4,0.0
Elijah Hughes,2021,18.0,64.0,8.4,0.488,25.4,-2.8,0.0
Spencer Dinwiddie,2021,3.0,64.0,10.1,0.536,16.1,0.2,0.0
Nick Richards,2021,18.0,63.0,5.5,0.542,11.5,-8.0,-0.1
Andre Roberson,2021,5.0,63.0,4.2,0.202,11.7,-6.1,-0.1
Tim Frazier,2021,5.0,62.0,-0.5,0.177,18.1,-11.9,-0.2
Axel Toupane,2021,8.0,61.0,9.0,0.497,9.7,-3.0,0.0
Udoka Azubuike,2021,15.0,57.0,10.3,0.597,12.4,-3.8,0.0
Kostas Antetokounmpo,2021,15.0,56.0,0.0,0.382,20.7,-12.6,-0.1
Adam Mokoka,2021,14.0,56.0,2.2,0.386,18.9,-9.3,-0.1
Tyrell Terry,2021,11.0,56.0,6.0,0.318,15.3,-5.0,0.0
Didi Louzada,2021,3.0,56.0,-0.9,0.308,12.0,-9.6,-0.1
Jontay Porter,2021,11.0,54.0,9.2,0.64,18.9,-6.5,-0.1
Devon Dotson,2021,11.0,50.0,19.3,0.548,18.2,2.1,0.1
Terrance Ferguson,2021,13.0,49.0,-7.1,0.143,9.7,-14.3,-0.2
James Nunnally,2021,9.0,48.0,8.3,0.54,13.9,-2.7,0.0
Isaiah Thomas,2021,3.0,48.0,2.4,0.412,29.7,-13.1,-0.1
Ty-Shon Alexander,2021,15.0,47.0,4.2,0.349,15.0,-6.5,-0.1
Robert Woodard II,2021,13.0,45.0,12.5,0.425,23.4,-5.3,0.0
Kris Dunn,2021,4.0,45.0,-5.7,0.182,16.2,-13.7,-0.1
Gary Payton II,2021,10.0,40.0,29.2,0.847,16.8,9.2,0.1
Cameron Reynolds,2021,5.0,40.0,6.5,0.417,19.2,-8.1,-0.1
Cameron Reynolds,2021,3.0,6.0,6.2,0.5,14.5,-8.0,0.0
Cameron Reynolds,2021,2.0,34.0,6.5,0.406,20.0,-8.2,-0.1
Vincent Poirier,2021,10.0,39.0,1.6,0.273,20.6,-14.8,-0.1
Henry Ellenson,2021,2.0,38.0,12.8,0.476,17.9,-1.8,0.0
Bruno Caboclo,2021,6.0,36.0,9.0,0.475,25.8,-10.1,-0.1
Anderson Varejão,2021,5.0,36.0,12.9,0.326,25.4,-7.1,0.0
T.J. Leaf,2021,7.0,35.0,11.2,0.551,15.8,-3.0,0.0
Theo Pinson,2021,17.0,34.0,-8.1,0.111,13.1,-15.7,-0.1
Patrick McCaw,2021,5.0,33.0,12.0,1.078,3.0,0.9,0.0
Elijah Bryant,2021,1.0,32.0,10.6,0.559,24.0,-7.3,0.0
Marques Bolden,2021,6.0,29.0,13.3,0.537,12.8,-3.0,0.0
Amida Brimah,2021,5.0,29.0,16.6,0.697,19.6,-4.8,0.0
Meyers Leonard,2021,3.0,29.0,6.6,0.635,15.4,-3.7,0.0
Grant Riller,2021,7.0,27.0,23.6,0.75,20.7,5.1,0.0
Marquese Chriss,2021,2.0,27.0,11.8,0.412,28.1,-2.1,0.0
Nate Darling,2021,7.0,26.0,8.2,0.541,15.4,-4.0,0.0
Ray Spalding,2021,2.0,19.0,0.8,0.41,17.6,-14.3,-0.1
Jaylen Adams,2021,7.0,18.0,-6.5,0.125,18.6,-19.8,-0.1
Jared Harper,2021,8.0,16.0,-10.8,0.26,24.4,-22.1,-0.1
Brian Bowen,2021,6.0,15.0,1.0,0.338,12.6,-11.0,0.0
Jalen Lecque,2021,4.0,12.0,4.7,0.242,36.6,-13.0,0.0
Greg Whittington,2021,4.0,12.0,-10.2,0.0,10.9,-17.2,0.0
Noah Vonleh,2021,4.0,11.0,-19.0,0.0,19.8,-26.3,-0.1
Malik Fitts,2021,3.0,11.0,2.9,0.5,12.1,-9.1,0.0
Iman Shumpert,2021,2.0,11.0,-0.4,0.25,19.8,-12.6,0.0
Anžejs Pasečņiks,2021,1.0,6.0,-40.6,0.0,41.4,-46.6,-0.1
Ashton Hagans,2021,2.0,4.0,-12.4,,10.5,-21.1,0.0
Udonis Haslem,2021,1.0,3.0,54.6,1.0,30.1,31.1,0.0
Will Magnay,2021,1.0,3.0,-35.1,0.0,28.0,-39.3,0.0
League Average,2021,,,,0.572,19.9,,
Mikal Bridges,2022,82.0,2854.0,14.4,0.627,15.0,1.6,2.6
Miles Bridges,2022,80.0,2837.0,17.9,0.593,22.6,1.5,2.5
DeMar DeRozan,2022,76.0,2743.0,23.1,0.59,31.8,2.5,3.1
Jayson Tatum,2022,76.0,2731.0,21.8,0.578,32.1,5.0,4.8
Saddiq Bey,2022,82.0,2704.0,14.0,0.529,21.3,-0.3,1.2
Tyrese Haliburton,2022,77.0,2695.0,18.2,0.595,19.0,2.6,3.1
Tyrese Haliburton,2022,51.0,1757.0,17.0,0.575,18.3,2.6,2.0
Tyrese Haliburton,2022,26.0,938.0,20.5,0.629,20.3,2.8,1.1
Russell Westbrook,2022,78.0,2678.0,15.0,0.512,27.3,-1.6,0.2
Trae Young,2022,76.0,2652.0,25.4,0.603,34.4,5.2,4.8
Tyrese Maxey,2022,75.0,2650.0,16.2,0.594,20.2,0.6,1.8
Dorian Finney-Smith,2022,80.0,2644.0,12.5,0.604,13.8,0.8,1.9
Scottie Barnes,2022,74.0,2617.0,16.3,0.552,19.0,0.9,1.9
Harrison Barnes,2022,77.0,2580.0,15.7,0.623,18.8,0.2,1.4
Pascal Siakam,2022,68.0,2578.0,20.3,0.565,25.8,3.5,3.6
Julius Randle,2022,72.0,2544.0,15.7,0.509,28.7,0.5,1.6
Tobias Harris,2022,73.0,2543.0,15.9,0.566,21.7,0.0,1.3
Jalen Brunson,2022,79.0,2524.0,17.1,0.583,21.9,0.9,1.9
Buddy Hield,2022,81.0,2499.0,12.9,0.548,22.4,-1.2,0.5
Buddy Hield,2022,55.0,1574.0,11.9,0.54,22.5,-1.3,0.3
Buddy Hield,2022,26.0,925.0,14.5,0.563,22.4,-1.1,0.2
Nikola Jokić,2022,74.0,2476.0,32.8,0.661,31.9,13.7,9.8
Karl-Anthony Towns,2022,74.0,2476.0,24.1,0.64,27.8,5.0,4.4
Anthony Edwards,2022,72.0,2466.0,16.5,0.56,26.4,1.2,2.0
Fred VanVleet,2022,65.0,2462.0,17.3,0.552,23.7,3.6,3.5
Terry Rozier,2022,73.0,2458.0,17.6,0.566,23.2,1.7,2.3
Gary Trent Jr.,2022,70.0,2448.0,14.7,0.546,21.8,0.2,1.3
Darius Garland,2022,68.0,2430.0,19.0,0.576,27.8,2.6,2.8
Franz Wagner,2022,79.0,2429.0,14.7,0.559,21.2,-0.7,0.8
LaMelo Ball,2022,75.0,2422.0,19.7,0.554,28.2,3.4,3.3
James Harden,2022,65.0,2419.0,20.9,0.583,27.2,4.0,3.7
James Harden,2022,44.0,1627.0,20.4,0.576,28.3,4.1,2.5
James Harden,2022,21.0,792.0,21.8,0.601,24.9,3.8,1.2
Nikola Vučević,2022,73.0,2418.0,18.2,0.533,24.5,0.9,1.8
RJ Barrett,2022,70.0,2417.0,13.7,0.511,27.6,-1.6,0.2
Royce O'Neale,2022,77.0,2406.0,10.3,0.608,9.9,0.8,1.7
Keldon Johnson,2022,75.0,2392.0,15.2,0.574,21.3,-0.5,0.9
Aaron Gordon,2022,75.0,2376.0,15.3,0.602,19.7,-0.6,0.9
Dejounte Murray,2022,68.0,2366.0,22.3,0.533,27.3,5.4,4.4
Evan Fournier,2022,80.0,2358.0,12.3,0.554,20.8,-0.7,0.7
Patty Mills,2022,81.0,2346.0,10.4,0.563,16.4,-1.7,0.2
Devin Booker,2022,68.0,2345.0,21.3,0.576,32.0,4.1,3.6
Reggie Jackson,2022,75.0,2337.0,12.1,0.488,27.6,-3.0,-0.6
Herbert Jones,2022,78.0,2335.0,12.3,0.573,13.7,-0.5,0.9
Evan Mobley,2022,69.0,2331.0,16.1,0.549,20.4,0.6,1.5
Andrew Wiggins,2022,73.0,2330.0,15.0,0.56,23.1,0.4,1.4
Kentavious Caldwell-Pope,2022,77.0,2329.0,12.6,0.568,19.0,-1.5,0.3
Zach LaVine,2022,67.0,2328.0,20.0,0.605,28.8,2.4,2.6
Alec Burks,2022,81.0,2318.0,13.7,0.559,17.7,0.8,1.7
Terance Mann,2022,81.0,2317.0,13.4,0.572,16.0,-0.6,0.8
Luka Dončić,2022,65.0,2301.0,25.1,0.571,37.4,8.2,5.9
Joel Embiid,2022,68.0,2297.0,31.2,0.616,37.2,9.2,6.5
Marcus Smart,2022,71.0,2296.0,13.6,0.54,18.3,0.5,1.5
Jordan Poole,2022,76.0,2283.0,16.1,0.598,26.0,1.0,1.7
Will Barton,2022,71.0,2277.0,13.4,0.548,20.8,-0.5,0.9
Desmond Bane,2022,76.0,2266.0,17.6,0.592,23.1,2.7,2.7
Donovan Mitchell,2022,67.0,2266.0,21.6,0.572,32.9,4.3,3.6
Jonas Valančiūnas,2022,74.0,2240.0,21.2,0.617,23.8,1.9,2.2
Monte Morris,2022,75.0,2239.0,14.7,0.583,17.4,0.0,1.1
Jaylen Brown,2022,66.0,2220.0,18.9,0.574,30.5,2.1,2.2
Stephen Curry,2022,64.0,2211.0,21.4,0.601,30.8,5.8,4.4
Jrue Holiday,2022,67.0,2208.0,19.8,0.593,23.5,3.2,2.9
Giannis Antetokounmpo,2022,67.0,2204.0,32.1,0.633,34.9,11.2,7.4
Kyle Kuzma,2022,66.0,2204.0,15.2,0.547,24.2,-0.2,1.0
Derrick White,2022,75.0,2199.0,14.8,0.549,19.9,0.9,1.6
Derrick White,2022,49.0,1486.0,15.7,0.551,20.7,1.8,1.4
Derrick White,2022,26.0,713.0,12.9,0.544,18.2,-0.9,0.2
Kevin Huerter,2022,74.0,2188.0,11.9,0.57,17.5,-1.2,0.4
Devonte' Graham,2022,76.0,2162.0,12.1,0.514,19.5,-1.0,0.5
Tyler Herro,2022,66.0,2151.0,16.2,0.561,28.8,0.7,1.5
CJ McCollum,2022,62.0,2145.0,18.3,0.553,27.5,1.9,2.1
CJ McCollum,2022,36.0,1267.0,15.8,0.532,26.1,0.1,0.7
CJ McCollum,2022,26.0,878.0,21.9,0.58,29.4,4.5,1.5
Jordan Clarkson,2022,79.0,2141.0,14.9,0.532,26.8,-0.6,0.7
Khris Middleton,2022,66.0,2141.0,18.1,0.577,26.7,1.6,1.9
Malik Monk,2022,76.0,2139.0,14.4,0.597,20.1,-0.5,0.8
Chris Paul,2022,65.0,2139.0,20.8,0.581,19.7,5.4,4.0
Jalen Green,2022,67.0,2138.0,12.5,0.547,23.7,-2.9,-0.5
Domantas Sabonis,2022,62.0,2136.0,21.9,0.637,22.3,4.1,3.2
Domantas Sabonis,2022,47.0,1632.0,22.2,0.649,21.7,4.6,2.7
Domantas Sabonis,2022,15.0,504.0,21.0,0.603,24.4,2.3,0.5
Seth Curry,2022,64.0,2135.0,13.7,0.615,18.5,-0.6,0.8
Seth Curry,2022,45.0,1566.0,13.3,0.603,18.5,-1.0,0.4
Seth Curry,2022,19.0,569.0,14.6,0.645,18.5,0.7,0.4
Kyle Lowry,2022,63.0,2133.0,15.0,0.6,18.2,2.0,2.1
Bojan Bogdanović,2022,69.0,2131.0,15.7,0.599,23.7,0.0,1.1
Jaren Jackson Jr.,2022,78.0,2126.0,17.0,0.535,25.4,-0.1,1.0
Rudy Gobert,2022,66.0,2120.0,24.7,0.732,16.9,4.6,3.6
Ayo Dosunmu,2022,77.0,2110.0,11.2,0.596,14.1,-2.0,0.0
Christian Wood,2022,68.0,2094.0,19.1,0.595,23.3,1.6,1.9
Cade Cunningham,2022,64.0,2088.0,13.1,0.504,27.5,-1.6,0.2
De'Aaron Fox,2022,59.0,2084.0,17.4,0.549,29.1,-0.6,0.7
LeBron James,2022,56.0,2084.0,26.2,0.619,32.3,7.7,5.1
D'Angelo Russell,2022,65.0,2077.0,16.3,0.544,25.1,0.8,1.4
Davion Mitchell,2022,75.0,2076.0,10.8,0.489,20.6,-3.8,-0.9
Cole Anthony,2022,65.0,2059.0,13.5,0.519,25.1,-1.2,0.4
Mike Conley,2022,72.0,2058.0,17.2,0.572,20.9,3.1,2.7
Justin Holiday,2022,74.0,2057.0,9.5,0.543,15.8,-2.2,-0.1
Justin Holiday,2022,49.0,1416.0,10.3,0.568,15.9,-1.7,0.1
Justin Holiday,2022,25.0,641.0,7.9,0.488,15.7,-3.4,-0.2
Jae'Sean Tate,2022,78.0,2056.0,14.3,0.567,19.6,-1.8,0.1
Kevin Durant,2022,55.0,2047.0,25.6,0.634,31.2,7.2,4.8
Duncan Robinson,2022,79.0,2043.0,10.6,0.573,17.7,-0.6,0.7
Clint Capela,2022,74.0,2042.0,21.4,0.604,15.5,2.0,2.1
Bobby Portis,2022,72.0,2028.0,17.7,0.571,21.3,0.2,1.1
Al Horford,2022,69.0,2005.0,16.7,0.574,14.8,4.3,3.2
Steven Adams,2022,76.0,1999.0,17.6,0.56,12.0,2.0,2.0
Kelly Oubre Jr.,2022,76.0,1999.0,14.9,0.56,23.0,-1.4,0.3
Deni Avdija,2022,82.0,1984.0,11.6,0.536,16.3,-1.7,0.1
P.J. Tucker,2022,71.0,1981.0,11.3,0.593,11.7,0.6,1.3
Isaac Okoro,2022,67.0,1981.0,10.4,0.589,12.4,-1.7,0.1
Spencer Dinwiddie,2022,67.0,1980.0,15.1,0.543,21.4,0.3,1.1
Spencer Dinwiddie,2022,44.0,1330.0,13.2,0.501,21.0,-0.9,0.3
Spencer Dinwiddie,2022,23.0,650.0,19.0,0.624,22.3,2.9,0.8
Malik Beasley,2022,79.0,1976.0,11.9,0.544,19.4,-0.7,0.7
Jakob Poeltl,2022,68.0,1970.0,20.8,0.613,18.3,1.6,1.7
Shai Gilgeous-Alexander,2022,56.0,1942.0,20.9,0.557,30.8,3.4,2.7
Robert Covington,2022,71.0,1940.0,12.4,0.572,13.5,0.2,1.1
Robert Covington,2022,48.0,1431.0,10.0,0.519,12.4,-1.2,0.3
Robert Covington,2022,23.0,509.0,19.4,0.677,16.7,4.1,0.8
Devin Vassell,2022,71.0,1937.0,13.3,0.54,18.9,-0.5,0.7
Jimmy Butler,2022,57.0,1931.0,23.6,0.592,26.5,6.3,4.0
Darius Bazley,2022,69.0,1924.0,12.6,0.515,18.3,-1.8,0.1
Luke Kennard,2022,70.0,1919.0,13.3,0.619,16.8,0.5,1.2
Kevin Porter Jr.,2022,61.0,1907.0,13.5,0.531,24.1,-1.6,0.2
Reggie Bullock,2022,68.0,1902.0,9.2,0.558,13.3,-1.4,0.3
Ja Morant,2022,57.0,1889.0,24.4,0.575,33.7,6.1,3.9
Jae Crowder,2022,67.0,1886.0,11.3,0.541,14.6,1.1,1.5
Jarred Vanderbilt,2022,74.0,1880.0,15.3,0.612,10.9,0.2,1.1
Lauri Markkanen,2022,61.0,1878.0,14.7,0.582,19.5,0.4,1.1
Grant Williams,2022,77.0,1875.0,11.2,0.635,12.6,-0.4,0.8
Brandon Ingram,2022,55.0,1869.0,18.7,0.554,29.3,2.0,1.9
Cody Martin,2022,71.0,1866.0,12.7,0.579,12.1,-0.5,0.7
Ivica Zubac,2022,76.0,1852.0,19.2,0.66,16.8,0.7,1.3
Wendell Carter Jr.,2022,62.0,1852.0,18.4,0.601,20.9,1.6,1.7
Jeff Green,2022,75.0,1849.0,12.5,0.627,16.3,-2.5,-0.2
Mitchell Robinson,2022,72.0,1848.0,20.7,0.722,11.4,2.2,2.0
Bogdan Bogdanović,2022,63.0,1848.0,15.4,0.562,21.6,1.3,1.5
Dennis Schröder,2022,64.0,1837.0,13.0,0.539,22.6,-1.9,0.0
Dennis Schröder,2022,49.0,1433.0,13.5,0.543,23.1,-1.2,0.3
Dennis Schröder,2022,15.0,404.0,11.5,0.519,20.6,-4.4,-0.2
Bam Adebayo,2022,56.0,1825.0,21.8,0.608,25.0,3.8,2.7
Mo Bamba,2022,71.0,1824.0,16.5,0.582,17.2,0.7,1.2
Isaiah Stewart,2022,71.0,1816.0,14.0,0.55,14.6,-3.3,-0.6
Jarrett Allen,2022,56.0,1810.0,23.0,0.698,18.1,3.9,2.7
Grayson Allen,2022,66.0,1805.0,12.7,0.609,15.2,0.4,1.1
Robert Williams,2022,61.0,1804.0,22.1,0.745,11.5,5.5,3.4
Jaden McDaniels,2022,70.0,1803.0,10.3,0.553,15.3,-2.9,-0.4
Immanuel Quickley,2022,78.0,1802.0,14.6,0.543,22.2,0.2,1.0
Corey Kispert,2022,77.0,1801.0,10.9,0.586,14.6,-2.3,-0.1
Dwight Powell,2022,82.0,1798.0,18.1,0.725,14.0,0.9,1.3
Mason Plumlee,2022,73.0,1793.0,14.7,0.603,11.7,0.0,0.9
Carmelo Anthony,2022,69.0,1793.0,14.8,0.579,20.4,-0.5,0.7
Josh Hart,2022,54.0,1791.0,16.1,0.61,18.6,0.9,1.3
Josh Hart,2022,41.0,1374.0,15.2,0.604,16.7,0.7,0.9
Josh Hart,2022,13.0,417.0,19.4,0.622,25.0,1.8,0.4
Caris LeVert,2022,58.0,1781.0,15.1,0.525,25.4,-1.2,0.4
Caris LeVert,2022,39.0,1214.0,16.3,0.53,26.8,-0.3,0.5
Caris LeVert,2022,19.0,567.0,12.4,0.511,22.3,-3.1,-0.2
Bruce Brown,2022,72.0,1774.0,15.0,0.575,15.0,0.7,1.2
P.J. Washington,2022,65.0,1768.0,13.6,0.588,15.6,-0.1,0.9
Chuma Okeke,2022,70.0,1749.0,12.0,0.501,16.4,-0.1,0.8
Georges Niang,2022,76.0,1736.0,10.7,0.594,16.8,-1.9,0.0
Kevon Looney,2022,82.0,1732.0,15.7,0.586,12.2,0.9,1.3
Cameron Johnson,2022,66.0,1730.0,15.2,0.625,17.5,2.7,2.1
Gary Harris,2022,61.0,1730.0,10.9,0.571,16.4,-2.4,-0.2
OG Anunoby,2022,48.0,1728.0,14.8,0.549,20.5,0.5,1.1
Precious Achiuwa,2022,73.0,1725.0,12.7,0.503,18.5,-2.6,-0.2
Deandre Ayton,2022,58.0,1713.0,21.9,0.656,21.4,2.8,2.1
Garrison Mathews,2022,65.0,1712.0,11.0,0.602,14.4,-2.3,-0.1
Josh Giddey,2022,54.0,1700.0,13.3,0.478,22.2,-0.9,0.5
Pat Connaughton,2022,65.0,1691.0,13.4,0.62,14.0,1.2,1.4
Chris Boucher,2022,80.0,1690.0,17.9,0.57,17.8,0.1,0.9
Matisse Thybulle,2022,66.0,1685.0,11.2,0.594,9.5,1.1,1.3
Anfernee Simons,2022,57.0,1681.0,15.3,0.583,24.8,-0.7,0.5
Coby White,2022,61.0,1675.0,12.6,0.564,19.8,-2.1,0.0
Danilo Gallinari,2022,66.0,1672.0,14.3,0.579,18.4,-0.2,0.8
Eric Gordon,2022,57.0,1670.0,12.1,0.614,18.6,-2.3,-0.1
Kevin Love,2022,74.0,1665.0,19.6,0.594,25.1,4.5,2.7
Luguentz Dort,2022,51.0,1665.0,12.3,0.541,23.3,-2.3,-0.1
John Collins,2022,54.0,1663.0,18.7,0.61,20.5,1.5,1.5
De'Anthony Melton,2022,73.0,1657.0,15.2,0.529,21.3,1.9,1.6
KJ Martin,2022,79.0,1656.0,14.3,0.603,16.3,-1.2,0.4
Killian Hayes,2022,66.0,1647.0,9.3,0.461,15.7,-3.5,-0.6
Montrezl Harrell,2022,71.0,1641.0,23.2,0.68,20.2,3.9,2.4
Montrezl Harrell,2022,46.0,1117.0,23.9,0.684,20.8,4.8,1.9
Montrezl Harrell,2022,25.0,524.0,21.7,0.672,19.0,1.8,0.5
Lonnie Walker IV,2022,70.0,1612.0,12.3,0.512,23.6,-2.5,-0.2
Cory Joseph,2022,65.0,1600.0,11.4,0.579,14.3,-2.1,0.0
Josh Richardson,2022,65.0,1600.0,12.8,0.573,17.6,0.1,0.9
Josh Richardson,2022,44.0,1087.0,12.2,0.57,16.7,0.3,0.6
Josh Richardson,2022,21.0,513.0,14.0,0.577,19.3,-0.2,0.2
Torrey Craig,2022,78.0,1596.0,11.0,0.556,14.3,-1.8,0.1
Torrey Craig,2022,51.0,1034.0,10.8,0.555,13.9,-2.2,-0.1
Torrey Craig,2022,27.0,562.0,11.4,0.558,15.0,-1.1,0.1
Gabe Vincent,2022,68.0,1589.0,10.6,0.551,17.8,-1.4,0.2
Max Strus,2022,68.0,1587.0,12.7,0.614,18.1,0.9,1.2
Jusuf Nurkić,2022,56.0,1579.0,20.0,0.586,23.6,0.3,0.9
De'Andre Hunter,2022,53.0,1577.0,10.6,0.547,19.9,-3.9,-0.8
Amir Coffey,2022,69.0,1567.0,13.0,0.598,15.8,-0.3,0.7
Oshae Brissett,2022,67.0,1564.0,12.9,0.53,17.3,-2.2,-0.1
Marcus Morris,2022,54.0,1564.0,13.7,0.549,23.2,-1.4,0.3
Gordon Hayward,2022,49.0,1564.0,15.1,0.57,20.7,-0.7,0.5
Tyus Jones,2022,73.0,1549.0,16.5,0.544,16.6,1.7,1.4
Chris Duarte,2022,55.0,1541.0,12.3,0.537,21.1,-2.3,-0.1
Trey Lyles,2022,75.0,1537.0,16.4,0.588,20.7,-0.3,0.7
Trey Lyles,2022,51.0,990.0,16.7,0.576,22.3,0.0,0.5
Trey Lyles,2022,24.0,547.0,16.0,0.612,17.8,-1.0,0.1
Javonte Green,2022,65.0,1519.0,14.0,0.637,11.5,0.1,0.8
Talen Horton-Tucker,2022,60.0,1511.0,11.0,0.503,19.2,-3.3,-0.5
Jerami Grant,2022,47.0,1500.0,16.1,0.556,25.7,1.2,1.2
Alperen Şengün,2022,72.0,1489.0,16.0,0.552,22.0,-1.0,0.4
Kyle Anderson,2022,69.0,1484.0,14.4,0.506,16.2,1.2,1.2
Kristaps Porziņģis,2022,51.0,1481.0,23.7,0.577,29.5,3.9,2.2
Kristaps Porziņģis,2022,34.0,1002.0,21.8,0.561,28.6,3.0,1.3
Kristaps Porziņģis,2022,17.0,479.0,27.7,0.606,31.4,5.7,0.9
Austin Rivers,2022,67.0,1480.0,7.2,0.546,12.6,-3.8,-0.7
Patrick Beverley,2022,58.0,1476.0,14.8,0.539,16.1,2.7,1.7
Nickeil Alexander-Walker,2022,65.0,1466.0,10.5,0.475,24.1,-2.9,-0.3
Nickeil Alexander-Walker,2022,50.0,1317.0,10.5,0.474,24.8,-3.0,-0.3
Nickeil Alexander-Walker,2022,15.0,149.0,10.2,0.497,17.9,-1.7,0.0
Nicolas Batum,2022,59.0,1463.0,13.5,0.608,13.3,2.3,1.6
Cedi Osman,2022,66.0,1462.0,13.3,0.563,21.1,0.2,0.8
Norman Powell,2022,45.0,1458.0,16.3,0.603,23.1,-0.3,0.6
Norman Powell,2022,40.0,1333.0,15.3,0.593,22.5,-1.0,0.3
Norman Powell,2022,5.0,125.0,27.1,0.682,30.0,7.7,0.3
Delon Wright,2022,77.0,1452.0,13.8,0.576,10.3,2.2,1.6
Maxi Kleber,2022,59.0,1450.0,11.0,0.537,13.3,-0.4,0.6
Terrence Ross,2022,63.0,1448.0,10.0,0.515,20.5,-3.7,-0.6
Daniel Gafford,2022,72.0,1444.0,21.8,0.708,16.7,1.6,1.3
Bradley Beal,2022,40.0,1439.0,17.5,0.539,30.8,0.8,1.0
Landry Shamet,2022,69.0,1437.0,10.2,0.55,16.8,-1.2,0.3
Andre Drummond,2022,73.0,1437.0,21.0,0.574,19.0,1.3,1.2
Andre Drummond,2022,49.0,902.0,19.3,0.544,17.6,1.3,0.7
Andre Drummond,2022,24.0,535.0,23.8,0.61,21.5,1.2,0.4
Austin Reaves,2022,61.0,1418.0,11.5,0.6,12.4,-1.9,0.0
Furkan Korkmaz,2022,67.0,1414.0,10.2,0.502,17.6,-3.1,-0.4
Avery Bradley,2022,62.0,1406.0,7.8,0.55,12.1,-3.6,-0.6
Anthony Davis,2022,40.0,1404.0,23.9,0.578,27.1,3.8,2.0
R.J. Hampton,2022,64.0,1402.0,8.5,0.481,18.4,-4.1,-0.7
Jaxson Hayes,2022,70.0,1398.0,18.5,0.68,16.4,0.2,0.8
Otto Porter Jr.,2022,63.0,1396.0,15.9,0.581,15.0,3.1,1.8
Raul Neto,2022,70.0,1372.0,12.4,0.538,18.4,-2.9,-0.4
Caleb Martin,2022,60.0,1372.0,14.8,0.611,16.3,1.1,1.1
Tre Mann,2022,60.0,1367.0,10.2,0.501,22.0,-4.4,-0.8
Eric Bledsoe,2022,54.0,1361.0,12.5,0.514,20.5,-0.8,0.4
Danny Green,2022,62.0,1353.0,9.5,0.561,12.3,-0.5,0.5
Ziaire Williams,2022,62.0,1346.0,9.7,0.559,14.9,-3.0,-0.3
Josh Christopher,2022,74.0,1334.0,12.2,0.534,21.1,-3.5,-0.5
Draymond Green,2022,46.0,1329.0,14.3,0.582,14.3,3.2,1.8
Bones Hyland,2022,69.0,1310.0,14.4,0.558,23.8,-0.4,0.5
Jalen Suggs,2022,48.0,1307.0,8.6,0.455,25.3,-5.6,-1.2
John Konchar,2022,72.0,1292.0,14.0,0.615,9.9,1.5,1.2
Bryn Forbes,2022,75.0,1286.0,11.5,0.574,21.2,-2.9,-0.3
Bryn Forbes,2022,40.0,676.0,12.4,0.572,21.9,-1.6,0.1
Bryn Forbes,2022,35.0,610.0,10.6,0.578,20.3,-4.3,-0.4
Ben McLemore,2022,64.0,1285.0,11.7,0.567,21.3,-3.2,-0.4
Chimezie Metu,2022,60.0,1279.0,13.4,0.546,18.5,-1.5,0.2
Cameron Payne,2022,58.0,1278.0,13.8,0.5,24.6,0.0,0.7
Hamidou Diallo,2022,58.0,1269.0,15.7,0.541,21.8,-0.5,0.5
Damion Lee,2022,63.0,1256.0,10.9,0.561,15.8,-2.0,0.0
George Hill,2022,54.0,1253.0,10.2,0.552,11.7,-1.6,0.1
Gary Payton II,2022,71.0,1248.0,17.8,0.679,14.3,3.7,1.8
Brandon Clarke,2022,64.0,1246.0,23.7,0.66,17.7,4.2,2.0
Tim Hardaway Jr.,2022,42.0,1245.0,12.7,0.52,22.0,-0.2,0.6
Drew Eubanks,2022,71.0,1245.0,18.0,0.638,17.5,-1.4,0.2
Drew Eubanks,2022,49.0,595.0,16.0,0.588,17.0,-1.2,0.1
Drew Eubanks,2022,22.0,650.0,19.9,0.678,18.0,-1.5,0.1
Myles Turner,2022,42.0,1235.0,17.4,0.615,17.1,1.4,1.1
Aleksej Pokusevski,2022,61.0,1233.0,12.0,0.485,20.0,-2.6,-0.2
Obi Toppin,2022,72.0,1230.0,18.3,0.614,20.8,2.0,1.2
Doug McDermott,2022,51.0,1223.0,11.4,0.593,18.3,-2.5,-0.1
Isaiah Hartenstein,2022,68.0,1216.0,22.0,0.664,18.4,4.5,2.0
Naz Reid,2022,77.0,1215.0,17.2,0.588,21.4,0.0,0.6
Lonzo Ball,2022,35.0,1212.0,14.5,0.575,17.4,2.5,1.4
Aaron Wiggins,2022,50.0,1209.0,10.3,0.556,15.3,-4.3,-0.7
Malcolm Brogdon,2022,36.0,1206.0,18.0,0.557,24.6,2.3,1.3
James Johnson,2022,62.0,1191.0,10.3,0.513,13.7,-2.2,-0.1
Jonathan Kuminga,2022,70.0,1185.0,15.2,0.6,22.7,-1.5,0.1
Jordan Nwora,2022,62.0,1185.0,9.9,0.506,19.4,-4.1,-0.6
Facundo Campazzo,2022,65.0,1184.0,11.1,0.503,14.7,-0.8,0.4
Shake Milton,2022,55.0,1179.0,11.9,0.517,18.3,-2.2,-0.1
Taurean Prince,2022,69.0,1177.0,12.4,0.589,17.0,-0.9,0.3
Cam Thomas,2022,67.0,1176.0,11.7,0.519,22.1,-3.4,-0.4
CJ Elleby,2022,58.0,1174.0,9.2,0.491,14.8,-5.3,-1.0
JaVale McGee,2022,74.0,1172.0,22.6,0.651,22.8,0.8,0.8
Frank Jackson,2022,53.0,1164.0,10.6,0.53,20.9,-3.5,-0.4
Hassan Whiteside,2022,65.0,1162.0,22.9,0.662,17.1,2.1,1.2
Marvin Bagley III,2022,48.0,1153.0,15.7,0.551,19.8,-2.3,-0.1
Marvin Bagley III,2022,30.0,663.0,14.3,0.521,18.8,-3.5,-0.3
Marvin Bagley III,2022,18.0,490.0,17.7,0.585,21.2,-0.6,0.2
Tre Jones,2022,69.0,1148.0,15.0,0.545,15.6,-0.5,0.4
Alex Caruso,2022,41.0,1147.0,11.7,0.528,13.3,0.2,0.6
Nemanja Bjelica,2022,71.0,1143.0,14.2,0.573,17.8,1.4,1.0
Ish Smith,2022,65.0,1126.0,12.5,0.465,20.1,-2.9,-0.2
Ish Smith,2022,37.0,511.0,9.6,0.434,19.1,-4.5,-0.3
Ish Smith,2022,28.0,615.0,15.0,0.489,20.9,-1.5,0.1
Joe Ingles,2022,45.0,1122.0,10.0,0.551,13.2,-0.3,0.5
Garrett Temple,2022,59.0,1098.0,8.6,0.494,13.9,-2.5,-0.1
Stanley Johnson,2022,48.0,1094.0,10.5,0.564,12.5,-2.7,-0.2
Kyrie Irving,2022,29.0,1091.0,21.4,0.592,29.4,3.0,1.4
Nassir Little,2022,42.0,1088.0,13.5,0.575,15.8,-1.4,0.2
Jeremiah Robinson-Earl,2022,49.0,1087.0,11.7,0.526,15.4,-2.2,-0.1
JaMychal Green,2022,67.0,1085.0,14.1,0.587,17.2,-1.8,0.0
Paul George,2022,31.0,1077.0,18.6,0.538,33.7,3.7,1.6
Richaun Holmes,2022,45.0,1074.0,17.8,0.689,15.8,-0.5,0.4
Kenrich Williams,2022,49.0,1072.0,13.3,0.532,15.6,-0.3,0.5
Dewayne Dedmon,2022,67.0,1065.0,15.9,0.632,16.9,-1.0,0.3
Damian Lillard,2022,29.0,1056.0,18.5,0.55,29.3,1.3,0.9
Troy Brown Jr.,2022,66.0,1055.0,10.1,0.525,12.3,-1.8,0.1
LaMarcus Aldridge,2022,47.0,1050.0,19.6,0.604,22.4,0.7,0.7
Larry Nance Jr.,2022,46.0,1040.0,14.4,0.59,12.8,-0.1,0.5
Larry Nance Jr.,2022,37.0,858.0,14.4,0.581,12.4,0.3,0.5
Larry Nance Jr.,2022,9.0,182.0,14.2,0.628,14.7,-1.9,0.0
Josh Green,2022,67.0,1039.0,11.9,0.578,13.9,-1.0,0.3
Rudy Gay,2022,55.0,1038.0,13.0,0.539,19.3,-1.0,0.3
DeAndre' Bembry,2022,56.0,1026.0,11.9,0.601,11.2,-0.7,0.3
DeAndre' Bembry,2022,48.0,949.0,12.4,0.609,11.7,-0.4,0.4
DeAndre' Bembry,2022,8.0,77.0,4.8,0.375,5.0,-3.9,0.0
Aaron Holiday,2022,63.0,1021.0,12.6,0.544,18.7,-1.7,0.1
Aaron Holiday,2022,41.0,663.0,11.3,0.547,18.0,-2.1,0.0
Aaron Holiday,2022,22.0,358.0,14.9,0.538,20.0,-0.8,0.1
Damian Jones,2022,56.0,1017.0,18.3,0.701,16.2,0.3,0.6
Lamar Stevens,2022,63.0,1015.0,11.3,0.544,17.1,-2.9,-0.2
Cam Reddish,2022,49.0,1012.0,12.8,0.543,22.2,-1.3,0.2
Cam Reddish,2022,34.0,797.0,12.8,0.537,23.2,-1.5,0.1
Cam Reddish,2022,15.0,215.0,12.9,0.575,18.8,-0.8,0.1
Donte DiVincenzo,2022,42.0,1006.0,11.3,0.51,18.9,-2.3,-0.1
Donte DiVincenzo,2022,17.0,341.0,7.9,0.47,19.8,-5.5,-0.3
Donte DiVincenzo,2022,25.0,665.0,13.0,0.532,18.5,-0.6,0.2
Wesley Matthews,2022,49.0,1002.0,6.9,0.536,10.7,-3.3,-0.3
Payton Pritchard,2022,71.0,1001.0,15.0,0.578,18.6,1.8,1.0
Juan Toscano-Anderson,2022,73.0,994.0,11.0,0.561,14.7,-0.8,0.3
Onyeka Okongwu,2022,48.0,992.0,19.8,0.714,14.0,0.8,0.7
Khem Birch,2022,55.0,991.0,13.2,0.534,11.2,-1.3,0.2
Kessler Edwards,2022,48.0,987.0,8.3,0.516,13.8,-3.8,-0.5
Dean Wade,2022,51.0,980.0,10.1,0.584,11.1,-0.6,0.4
Daniel Theis,2022,47.0,977.0,13.2,0.595,16.2,-2.1,0.0
Daniel Theis,2022,26.0,584.0,10.7,0.554,16.5,-3.4,-0.2
Daniel Theis,2022,21.0,393.0,17.0,0.658,15.8,-0.1,0.2
Jaylen Nowell,2022,62.0,975.0,16.8,0.581,21.0,0.8,0.7
Nic Claxton,2022,47.0,974.0,18.6,0.672,15.1,0.5,0.6
Dwight Howard,2022,60.0,971.0,18.2,0.657,14.6,-0.2,0.4
Ricky Rubio,2022,34.0,970.0,14.0,0.488,24.9,0.2,0.5
Duane Washington Jr.,2022,48.0,968.0,10.2,0.521,22.6,-4.7,-0.7
Joshua Primo,2022,50.0,965.0,7.1,0.487,15.4,-5.0,-0.7
Moritz Wagner,2022,63.0,960.0,18.1,0.623,22.9,1.6,0.9
Blake Griffin,2022,56.0,958.0,13.7,0.518,16.9,-0.5,0.3
Keita Bates-Diop,2022,59.0,957.0,12.4,0.578,14.8,-2.6,-0.1
Isaiah Roby,2022,45.0,948.0,18.3,0.607,19.0,0.6,0.6
Kemba Walker,2022,37.0,948.0,13.9,0.537,20.8,0.4,0.6
Taj Gibson,2022,52.0,946.0,12.0,0.606,10.0,-2.0,0.0
Rui Hachimura,2022,42.0,943.0,14.9,0.579,20.9,-1.4,0.1
Klay Thompson,2022,32.0,941.0,16.7,0.547,29.6,1.1,0.7
Jeremy Lamb,2022,56.0,935.0,13.3,0.521,19.7,-0.8,0.3
Jeremy Lamb,2022,39.0,613.0,13.4,0.524,20.0,-0.5,0.2
Jeremy Lamb,2022,17.0,322.0,13.1,0.514,19.1,-1.5,0.0
Jalen Smith,2022,51.0,925.0,18.4,0.595,20.3,-0.5,0.3
Jalen Smith,2022,29.0,382.0,15.9,0.547,20.5,-2.3,0.0
Jalen Smith,2022,22.0,543.0,20.2,0.628,20.1,0.8,0.4
Théo Maledon,2022,51.0,908.0,10.6,0.5,20.3,-4.4,-0.6
Tomáš Satoranský,2022,55.0,906.0,10.2,0.461,12.6,-3.7,-0.4
Tomáš Satoranský,2022,32.0,481.0,6.5,0.373,12.6,-5.6,-0.4
Tomáš Satoranský,2022,1.0,9.0,12.8,0.852,8.3,-1.3,0.0
Tomáš Satoranský,2022,22.0,416.0,14.4,0.563,12.6,-1.5,0.1
Jevon Carter,2022,66.0,905.0,9.6,0.531,14.0,-2.2,-0.1
Jevon Carter,2022,46.0,552.0,6.5,0.462,15.9,-4.4,-0.3
Jevon Carter,2022,20.0,353.0,14.4,0.679,10.9,1.2,0.3
Jordan McLaughlin,2022,62.0,902.0,13.4,0.535,11.8,0.4,0.6
Derrick Jones Jr.,2022,51.0,899.0,13.0,0.633,12.5,-0.9,0.2
Tristan Thompson,2022,57.0,897.0,14.9,0.541,17.5,-3.1,-0.3
Tristan Thompson,2022,30.0,455.0,15.1,0.521,19.5,-3.7,-0.2
Tristan Thompson,2022,4.0,66.0,12.5,0.527,20.4,-6.8,-0.1
Tristan Thompson,2022,23.0,376.0,15.0,0.575,14.7,-1.7,0.0
Jalen McDaniels,2022,55.0,895.0,12.7,0.595,15.3,-2.3,-0.1
Dillon Brooks,2022,32.0,885.0,15.5,0.515,28.8,-1.8,0.0
D.J. Augustin,2022,55.0,883.0,9.7,0.61,14.3,-3.6,-0.4
D.J. Augustin,2022,34.0,510.0,9.7,0.596,16.4,-4.3,-0.3
D.J. Augustin,2022,21.0,373.0,9.7,0.635,11.4,-2.6,-0.1
Serge Ibaka,2022,54.0,877.0,14.4,0.579,17.8,-1.5,0.1
Serge Ibaka,2022,35.0,538.0,14.9,0.567,19.4,-1.0,0.1
Serge Ibaka,2022,19.0,339.0,13.7,0.601,15.2,-2.4,0.0
Trendon Watford,2022,48.0,869.0,15.8,0.59,17.6,-1.7,0.1
Trey Murphy III,2022,62.0,864.0,12.5,0.558,15.7,-1.2,0.2
Maurice Harkless,2022,47.0,863.0,7.7,0.561,11.2,-3.3,-0.3
Thaddeus Young,2022,52.0,845.0,17.0,0.548,17.4,2.2,0.9
Thaddeus Young,2022,26.0,370.0,18.6,0.574,19.1,2.4,0.4
Thaddeus Young,2022,26.0,475.0,15.8,0.526,16.0,2.0,0.5
Armoni Brooks,2022,54.0,844.0,8.4,0.483,16.4,-3.9,-0.4
Armoni Brooks,2022,41.0,690.0,8.4,0.49,17.4,-4.4,-0.4
Armoni Brooks,2022,13.0,154.0,8.6,0.437,11.9,-1.6,0.0
Willy Hernangómez,2022,50.0,839.0,22.2,0.582,22.5,0.2,0.5
Jose Alvarado,2022,54.0,834.0,16.4,0.52,18.4,1.9,0.8
Josh Jackson,2022,51.0,830.0,9.5,0.491,19.7,-4.5,-0.5
Josh Jackson,2022,39.0,707.0,9.9,0.501,19.0,-3.7,-0.3
Josh Jackson,2022,12.0,123.0,7.1,0.446,23.5,-9.2,-0.2
Tony Snell,2022,53.0,823.0,6.3,0.541,10.1,-4.2,-0.5
Tony Snell,2022,38.0,546.0,5.2,0.503,8.7,-5.0,-0.4
Tony Snell,2022,15.0,277.0,8.6,0.591,12.8,-2.6,0.0
Lance Stephenson,2022,46.0,814.0,13.6,0.536,22.6,-3.2,-0.2
Lance Stephenson,2022,6.0,70.0,4.5,0.396,11.2,-7.7,-0.1
Lance Stephenson,2022,40.0,744.0,14.5,0.542,23.7,-2.8,-0.1
Wayne Ellington,2022,43.0,810.0,9.9,0.593,13.8,-1.4,0.1
Dāvis Bertāns,2022,56.0,807.0,9.4,0.531,17.3,-2.6,-0.1
Dāvis Bertāns,2022,34.0,501.0,8.3,0.527,17.6,-3.8,-0.2
Dāvis Bertāns,2022,22.0,306.0,11.2,0.54,16.7,-0.6,0.1
Ty Jerome,2022,48.0,801.0,11.3,0.488,20.8,-2.3,-0.1
Lou Williams,2022,56.0,799.0,12.1,0.5,21.7,-3.4,-0.3
Quentin Grimes,2022,46.0,786.0,10.7,0.565,15.1,-0.3,0.3
Justise Winslow,2022,48.0,775.0,13.1,0.479,18.9,-1.7,0.1
Justise Winslow,2022,37.0,480.0,12.4,0.49,18.0,-1.5,0.1
Justise Winslow,2022,11.0,295.0,14.1,0.465,20.4,-2.0,0.0
Romeo Langford,2022,48.0,771.0,9.2,0.52,12.9,-1.4,0.1
Romeo Langford,2022,44.0,728.0,9.3,0.52,13.0,-1.2,0.2
Romeo Langford,2022,4.0,43.0,8.1,0.523,10.3,-4.2,0.0
Trent Forrest,2022,60.0,765.0,10.9,0.554,12.8,-1.0,0.2
Kelly Olynyk,2022,40.0,764.0,16.7,0.561,21.5,1.6,0.7
Brandon Boston Jr.,2022,51.0,760.0,11.2,0.481,22.4,-3.3,-0.3
Rodney McGruder,2022,51.0,754.0,11.6,0.577,14.8,-1.4,0.1
Eric Paschall,2022,58.0,737.0,13.9,0.612,17.7,-0.5,0.3
Naji Marshall,2022,55.0,735.0,12.3,0.505,20.8,-3.2,-0.2
Goga Bitadze,2022,50.0,729.0,18.0,0.595,19.9,-0.8,0.2
Danuel House Jr.,2022,42.0,727.0,10.6,0.555,15.2,-1.1,0.2
Danuel House Jr.,2022,16.0,233.0,6.8,0.467,18.3,-5.6,-0.2
Danuel House Jr.,2022,1.0,3.0,-13.4,0.0,14.6,-20.4,0.0
Danuel House Jr.,2022,25.0,491.0,12.5,0.61,13.8,1.2,0.4
DeMarcus Cousins,2022,48.0,718.0,18.2,0.567,28.1,-1.6,0.1
DeMarcus Cousins,2022,17.0,287.0,19.0,0.572,22.4,0.6,0.2
DeMarcus Cousins,2022,31.0,431.0,17.6,0.565,31.9,-3.1,-0.1
Svi Mykhailiuk,2022,56.0,716.0,9.6,0.509,16.9,-2.9,-0.2
Terry Taylor,2022,33.0,714.0,19.0,0.656,15.9,-0.6,0.2
Rodney Hood,2022,52.0,709.0,7.2,0.493,10.7,-3.3,-0.2
Rodney Hood,2022,39.0,581.0,6.7,0.47,10.6,-3.5,-0.2
Rodney Hood,2022,13.0,128.0,9.3,0.603,11.1,-2.4,0.0
Omer Yurtseven,2022,56.0,706.0,17.4,0.546,19.9,-1.0,0.2
Xavier Tillman Sr.,2022,53.0,701.0,15.1,0.51,16.4,0.7,0.5
Zeke Nnaji,2022,41.0,698.0,13.5,0.629,14.9,-2.2,0.0
Rajon Rondo,2022,39.0,698.0,10.9,0.496,16.0,-1.7,0.1
Rajon Rondo,2022,18.0,289.0,6.5,0.383,15.7,-4.5,-0.2
Rajon Rondo,2022,21.0,409.0,13.9,0.567,16.2,0.3,0.2
Keon Johnson,2022,37.0,697.0,8.7,0.453,21.2,-5.9,-0.7
Keon Johnson,2022,15.0,135.0,9.4,0.44,21.9,-5.7,-0.1
Keon Johnson,2022,22.0,562.0,8.5,0.457,21.1,-6.0,-0.6
Dalano Banton,2022,64.0,696.0,10.0,0.463,16.9,-3.1,-0.2
Vít Krejčí,2022,30.0,690.0,8.5,0.529,12.9,-5.3,-0.6
Frank Ntilikina,2022,58.0,685.0,10.4,0.513,17.4,-1.9,0.0
Timothé Luwawu-Cabarrot,2022,52.0,685.0,9.3,0.556,14.3,-3.3,-0.2
Davon Reed,2022,48.0,668.0,12.2,0.624,12.1,-0.3,0.3
Derrick Favors,2022,39.0,653.0,13.6,0.534,13.4,-2.1,0.0
T.J. McConnell,2022,27.0,652.0,15.1,0.525,16.2,0.9,0.5
Greg Brown III,2022,48.0,640.0,11.0,0.515,17.2,-4.7,-0.4
Brandon Williams,2022,24.0,640.0,11.0,0.476,25.9,-5.7,-0.6
Dennis Smith Jr.,2022,37.0,638.0,13.2,0.474,18.2,-1.7,0.1
Derrick Rose,2022,26.0,636.0,16.9,0.541,22.5,2.3,0.7
Sterling Brown,2022,49.0,628.0,8.4,0.495,13.2,-2.9,-0.1
DeAndre Jordan,2022,48.0,622.0,17.2,0.641,13.9,-1.4,0.1
DeAndre Jordan,2022,32.0,408.0,17.5,0.657,12.8,-0.6,0.2
DeAndre Jordan,2022,16.0,214.0,16.5,0.615,16.0,-2.9,0.0
Alex Len,2022,39.0,620.0,13.1,0.577,17.1,-2.9,-0.1
Robin Lopez,2022,36.0,612.0,13.7,0.57,18.9,-3.8,-0.3
Isaiah Joe,2022,55.0,609.0,7.7,0.519,15.5,-4.6,-0.4
David Nwaba,2022,46.0,609.0,15.3,0.567,15.8,-0.6,0.2
Moses Moody,2022,52.0,607.0,10.5,0.573,15.2,-2.5,-0.1
Saben Lee,2022,37.0,604.0,13.8,0.499,17.3,-0.4,0.2
Andre Iguodala,2022,31.0,603.0,12.3,0.478,11.4,2.7,0.7
Mike Muscala,2022,43.0,592.0,19.7,0.63,20.9,5.0,1.1
Jock Landale,2022,54.0,589.0,16.0,0.597,18.1,-0.4,0.2
Aaron Nesmith,2022,52.0,574.0,7.3,0.507,17.2,-4.3,-0.3
Keifer Sykes,2022,32.0,566.0,5.9,0.456,17.4,-6.9,-0.7
Nerlens Noel,2022,25.0,562.0,11.8,0.581,7.3,0.3,0.3
Jericho Sims,2022,41.0,555.0,11.6,0.674,6.9,-1.7,0.0
Tony Bradley,2022,55.0,549.0,14.9,0.6,13.6,-1.8,0.0
Elfrid Payton,2022,50.0,549.0,7.9,0.397,18.5,-3.5,-0.2
Kent Bazemore,2022,39.0,545.0,6.0,0.451,13.2,-4.3,-0.3
Isaiah Jackson,2022,36.0,541.0,20.5,0.607,22.5,-1.6,0.0
Malachi Flynn,2022,44.0,537.0,11.7,0.488,16.5,-1.5,0.1
Ignas Brazdeikis,2022,42.0,536.0,10.2,0.52,17.7,-4.3,-0.3
Terence Davis,2022,30.0,536.0,14.6,0.543,25.6,-0.9,0.2
Josh Okogie,2022,49.0,516.0,9.0,0.526,12.1,-2.7,-0.1
Bismack Biyombo,2022,36.0,506.0,17.3,0.596,17.1,-1.3,0.1
Brandon Goodwin,2022,36.0,502.0,11.8,0.501,18.2,-1.6,0.1
Zach Collins,2022,28.0,502.0,16.4,0.594,19.2,-0.2,0.2
Goran Dragić,2022,21.0,498.0,10.0,0.474,17.2,-3.3,-0.2
Goran Dragić,2022,5.0,90.0,16.2,0.521,18.7,1.9,0.1
Goran Dragić,2022,16.0,408.0,8.6,0.46,16.9,-4.4,-0.3
Thanasis Antetokounmpo,2022,48.0,473.0,12.5,0.577,15.7,-3.5,-0.2
Admiral Schofield,2022,38.0,469.0,7.5,0.538,14.5,-5.4,-0.4
Lindy Waters III,2022,25.0,465.0,13.0,0.562,17.5,-1.6,0.1
Anthony Gill,2022,44.0,463.0,14.7,0.682,14.4,-1.9,0.0
Trevor Ariza,2022,24.0,462.0,7.0,0.449,11.0,-3.4,-0.2
Killian Tillie,2022,36.0,461.0,7.6,0.452,12.8,-2.7,-0.1
Dylan Windler,2022,50.0,459.0,8.8,0.519,11.8,-1.7,0.0
Matt Thomas,2022,40.0,459.0,9.9,0.564,14.5,-2.6,-0.1
Kelan Martin,2022,30.0,450.0,9.4,0.484,18.1,-3.6,-0.2
Kelan Martin,2022,27.0,444.0,9.7,0.492,18.1,-3.3,-0.1
Kelan Martin,2022,3.0,6.0,-11.3,0.0,22.0,-25.1,0.0
Yuta Watanabe,2022,38.0,445.0,11.5,0.524,16.8,-2.0,0.0
Juancho Hernangómez,2022,40.0,445.0,11.5,0.542,13.4,-0.6,0.2
Juancho Hernangómez,2022,18.0,96.0,3.8,0.307,17.0,-8.3,-0.2
Juancho Hernangómez,2022,5.0,51.0,9.0,0.451,8.1,-2.5,0.0
Juancho Hernangómez,2022,17.0,298.0,14.5,0.638,13.2,2.2,0.3
Trey Burke,2022,42.0,441.0,10.0,0.475,25.6,-5.0,-0.3
Thomas Bryant,2022,27.0,439.0,16.6,0.607,18.7,-1.0,0.1
Elijah Hughes,2022,36.0,434.0,5.4,0.426,16.5,-6.9,-0.5
Elijah Hughes,2022,14.0,112.0,10.5,0.576,17.2,-1.5,0.0
Elijah Hughes,2022,22.0,322.0,3.7,0.375,16.2,-8.8,-0.6
Joe Harris,2022,14.0,423.0,9.6,0.624,14.5,-1.4,0.1
Patrick Williams,2022,17.0,422.0,12.7,0.637,14.2,-1.5,0.0
Olivier Sarr,2022,22.0,421.0,14.0,0.672,13.9,-4.0,-0.2
Enes Freedom,2022,35.0,411.0,15.0,0.585,13.9,-1.4,0.1
Sandro Mamukelashvili,2022,41.0,407.0,14.7,0.618,14.6,-0.3,0.2
Semi Ojeleye,2022,30.0,406.0,6.7,0.438,12.8,-5.7,-0.4
Semi Ojeleye,2022,20.0,308.0,5.0,0.376,11.2,-6.6,-0.4
Semi Ojeleye,2022,10.0,98.0,12.0,0.569,18.0,-3.1,0.0
Day'Ron Sharpe,2022,32.0,391.0,20.7,0.593,21.7,-2.8,-0.1
Luka Garza,2022,32.0,389.0,15.6,0.535,21.1,-2.5,-0.1
Isaiah Livers,2022,19.0,383.0,11.1,0.629,12.4,-1.5,0.0
Gary Clark,2022,38.0,378.0,11.4,0.547,11.6,0.1,0.2
Paul Millsap,2022,33.0,376.0,10.8,0.458,16.7,-3.5,-0.1
Paul Millsap,2022,24.0,270.0,11.2,0.443,16.5,-3.1,-0.1
Paul Millsap,2022,9.0,106.0,9.7,0.499,17.4,-4.5,-0.1
Miles McBride,2022,40.0,372.0,6.1,0.393,13.9,-4.5,-0.2
Chris Chiozza,2022,34.0,372.0,4.4,0.407,13.4,-6.0,-0.4
Gorgui Dieng,2022,44.0,371.0,17.3,0.624,16.9,2.1,0.4
Nick Richards,2022,50.0,367.0,15.9,0.689,15.4,-2.8,-0.1
Jared Butler,2022,42.0,360.0,12.1,0.509,23.1,-1.6,0.0
Santi Aldama,2022,32.0,360.0,10.2,0.452,18.4,-5.7,-0.3
Markelle Fultz,2022,18.0,360.0,17.7,0.517,27.5,0.2,0.2
Ish Wainright,2022,45.0,359.0,9.4,0.494,14.7,-2.0,0.0
Wenyen Gabriel,2022,26.0,358.0,12.5,0.549,17.4,-5.9,-0.4
Wenyen Gabriel,2022,1.0,1.0,11.8,,0.0,-1.6,0.0
Wenyen Gabriel,2022,6.0,46.0,8.3,0.474,17.0,-7.5,-0.1
Wenyen Gabriel,2022,19.0,311.0,13.1,0.558,17.5,-5.7,-0.3
Cody Zeller,2022,27.0,355.0,17.2,0.627,15.9,-2.1,0.0
Keljin Blevins,2022,31.0,349.0,4.8,0.41,16.5,-8.5,-0.6
Marquese Chriss,2022,34.0,346.0,14.8,0.518,21.5,-3.8,-0.2
Moses Brown,2022,40.0,345.0,18.5,0.612,20.7,-3.3,-0.1
Moses Brown,2022,26.0,169.0,15.5,0.588,22.1,-4.8,-0.1
Moses Brown,2022,14.0,176.0,21.4,0.636,19.3,-1.9,0.0
Kira Lewis Jr.,2022,24.0,341.0,9.8,0.466,22.3,-4.0,-0.2
David Duke Jr.,2022,22.0,341.0,10.0,0.444,15.9,-3.9,-0.2
PJ Dozier,2022,18.0,340.0,8.7,0.463,15.2,-2.0,0.0
Jarrett Culver,2022,37.0,338.0,8.7,0.433,20.6,-5.4,-0.3
Kris Dunn,2022,14.0,336.0,12.5,0.482,18.3,-5.4,-0.3
Isaiah Thomas,2022,22.0,333.0,12.0,0.516,24.8,-4.5,-0.2
Isaiah Thomas,2022,4.0,101.0,3.2,0.422,20.8,-8.5,-0.2
Isaiah Thomas,2022,1.0,13.0,12.6,0.375,27.7,-4.2,0.0
Isaiah Thomas,2022,17.0,219.0,16.0,0.557,26.5,-2.7,0.0
Brad Wanamaker,2022,23.0,320.0,7.5,0.472,14.9,-5.8,-0.3
Brad Wanamaker,2022,22.0,293.0,6.5,0.465,15.3,-6.6,-0.3
Brad Wanamaker,2022,1.0,27.0,18.1,0.554,10.4,2.9,0.0
Collin Sexton,2022,11.0,316.0,11.2,0.523,27.9,-4.1,-0.2
Justin Anderson,2022,16.0,316.0,10.4,0.493,15.1,-3.2,-0.1
Justin Anderson,2022,3.0,47.0,10.7,0.666,11.1,-2.6,0.0
Justin Anderson,2022,13.0,269.0,10.3,0.475,15.8,-3.3,-0.1
James Bouknight,2022,31.0,304.0,10.1,0.459,23.7,-7.1,-0.4
Justin Robinson,2022,25.0,304.0,3.6,0.404,16.0,-7.6,-0.4
Justin Robinson,2022,17.0,198.0,4.3,0.415,14.8,-6.6,-0.2
Justin Robinson,2022,3.0,15.0,-13.5,0.125,25.8,-26.2,-0.1
Justin Robinson,2022,5.0,91.0,4.9,0.457,16.8,-6.9,-0.1
Paul Reed,2022,38.0,302.0,21.4,0.568,16.7,2.1,0.3
Markieff Morris,2022,17.0,298.0,10.9,0.547,20.6,-1.9,0.0
Brook Lopez,2022,13.0,298.0,16.0,0.57,21.9,-1.3,0.1
Justin Champagnie,2022,36.0,281.0,13.6,0.571,12.0,-2.0,0.0
Nathan Knight,2022,37.0,267.0,18.7,0.603,20.7,-0.6,0.1
Michael Porter Jr.,2022,9.0,265.0,7.5,0.416,19.7,-3.5,-0.1
JT Thor,2022,33.0,262.0,9.7,0.525,12.0,-3.0,-0.1
Daishen Nix,2022,24.0,261.0,8.1,0.48,17.3,-6.4,-0.3
KZ Okpala,2022,21.0,244.0,10.4,0.521,14.4,-2.8,-0.1
Leandro Bolmaro,2022,35.0,241.0,5.4,0.419,12.6,-5.8,-0.2
Usman Garuba,2022,24.0,240.0,12.9,0.51,9.4,-0.9,0.1
Jaylen Hoard,2022,7.0,240.0,18.0,0.536,18.7,-0.9,0.1
Mychal Mulder,2022,17.0,239.0,3.7,0.438,15.8,-7.7,-0.3
Mychal Mulder,2022,15.0,195.0,2.1,0.405,16.8,-8.6,-0.3
Mychal Mulder,2022,2.0,44.0,10.7,0.643,11.0,-3.9,0.0
Jake Layman,2022,34.0,231.0,9.0,0.5,16.4,-3.9,-0.1
Denzel Valentine,2022,24.0,222.0,8.1,0.523,15.5,-2.7,0.0
Denzel Valentine,2022,22.0,204.0,8.4,0.516,15.6,-2.4,0.0
Denzel Valentine,2022,2.0,18.0,4.2,0.625,14.5,-6.5,0.0
Kevin Knox,2022,30.0,222.0,10.9,0.491,20.0,-4.1,-0.1
Kevin Knox,2022,13.0,111.0,11.6,0.529,19.5,-1.4,0.0
Kevin Knox,2022,17.0,111.0,10.1,0.457,20.6,-6.9,-0.1
Skylar Mays,2022,28.0,220.0,11.7,0.589,15.5,-2.0,0.0
Georgios Kalaitzakis,2022,13.0,214.0,8.6,0.536,20.2,-7.0,-0.3
Georgios Kalaitzakis,2022,9.0,48.0,5.8,0.535,16.9,-7.9,-0.1
Georgios Kalaitzakis,2022,4.0,166.0,9.4,0.536,21.1,-6.8,-0.2
Malcolm Hill,2022,19.0,212.0,12.7,0.619,12.7,-1.6,0.0
Malcolm Hill,2022,3.0,46.0,19.0,0.871,9.3,3.8,0.1
Malcolm Hill,2022,16.0,166.0,11.0,0.568,13.6,-3.1,0.0
Tim Frazier,2022,12.0,208.0,3.3,0.398,13.3,-8.6,-0.3
Tim Frazier,2022,10.0,200.0,3.8,0.394,13.0,-8.0,-0.3
Tim Frazier,2022,2.0,8.0,-10.3,0.5,22.1,-23.6,0.0
Alfonzo McKinnie,2022,17.0,206.0,5.6,0.457,15.3,-9.0,-0.4
Joe Wieskamp,2022,29.0,205.0,7.1,0.494,13.1,-3.9,-0.1
Ed Davis,2022,31.0,201.0,9.3,0.632,6.0,-1.8,0.0
Tyler Cook,2022,20.0,200.0,13.0,0.643,13.0,-4.1,-0.1
Javonte Smart,2022,17.0,200.0,5.1,0.407,15.9,-6.6,-0.2
Javonte Smart,2022,13.0,160.0,2.5,0.34,14.6,-8.1,-0.2
Javonte Smart,2022,4.0,40.0,15.6,0.588,21.1,-0.9,0.0
Lindell Wigginton,2022,19.0,199.0,10.2,0.524,19.0,-5.0,-0.2
Braxton Key,2022,11.0,197.0,13.7,0.508,19.4,-3.3,-0.1
Braxton Key,2022,2.0,6.0,9.0,0.5,29.9,-6.2,0.0
Braxton Key,2022,9.0,191.0,13.9,0.508,19.0,-3.2,-0.1
Udoka Azubuike,2022,17.0,195.0,17.6,0.743,14.7,-1.4,0.0
Greg Monroe,2022,14.0,195.0,19.5,0.566,17.3,0.4,0.1
Greg Monroe,2022,4.0,81.0,18.9,0.578,16.6,4.5,0.1
Greg Monroe,2022,2.0,18.0,25.1,0.5,24.7,-4.4,0.0
Greg Monroe,2022,5.0,70.0,16.0,0.52,17.7,-4.5,0.0
Greg Monroe,2022,3.0,26.0,27.0,0.743,13.5,4.4,0.0
Mamadi Diakite,2022,13.0,188.0,11.6,0.54,13.5,-5.0,-0.1
Reggie Perry,2022,10.0,187.0,15.6,0.537,22.4,-4.1,-0.1
Reggie Perry,2022,9.0,177.0,16.2,0.532,23.4,-3.8,-0.1
Reggie Perry,2022,1.0,10.0,4.2,1.0,4.3,-8.9,0.0
Kyle Guy,2022,19.0,186.0,9.5,0.526,19.9,-3.4,-0.1
Willie Cauley-Stein,2022,20.0,183.0,8.3,0.474,10.6,-3.0,0.0
Willie Cauley-Stein,2022,18.0,177.0,8.4,0.474,10.9,-3.1,0.0
Willie Cauley-Stein,2022,2.0,6.0,4.2,,0.0,1.2,0.0
Frank Kaminsky,2022,9.0,181.0,21.3,0.635,19.0,4.9,0.3
Charlie Brown Jr.,2022,22.0,177.0,6.5,0.346,12.3,-4.8,-0.1
Charlie Brown Jr.,2022,3.0,15.0,5.1,0.2,15.0,-2.6,0.0
Charlie Brown Jr.,2022,19.0,162.0,6.6,0.365,12.0,-5.0,-0.1
Markus Howard,2022,31.0,176.0,16.1,0.567,29.4,-1.2,0.0
Vlatko Čančar,2022,15.0,176.0,12.7,0.657,14.0,-1.7,0.0
Jamorko Pickett,2022,13.0,176.0,7.6,0.491,13.6,-5.0,-0.1
Zavier Simpson,2022,4.0,174.0,7.7,0.406,15.9,-7.9,-0.3
Victor Oladipo,2022,8.0,173.0,16.8,0.608,25.1,1.3,0.1
Hassani Gravett,2022,8.0,171.0,10.1,0.629,12.3,-2.3,0.0
Charles Bassey,2022,23.0,168.0,21.5,0.66,16.1,1.7,0.2
Alize Johnson,2022,23.0,167.0,10.7,0.463,14.8,-5.5,-0.1
Alize Johnson,2022,16.0,121.0,10.2,0.537,12.4,-4.0,-0.1
Alize Johnson,2022,3.0,18.0,5.7,0.311,23.3,-16.1,-0.1
Alize Johnson,2022,4.0,28.0,15.9,0.383,19.6,-4.8,0.0
Kevin Pangos,2022,24.0,166.0,6.5,0.408,14.6,-6.1,-0.2
Haywood Highsmith,2022,19.0,163.0,7.0,0.446,14.0,-4.6,-0.1
Sam Hauser,2022,26.0,158.0,14.8,0.65,14.5,2.3,0.2
Paul Watson,2022,9.0,156.0,5.7,0.432,11.0,-5.4,-0.1
Cassius Stanley,2022,9.0,155.0,8.0,0.516,15.6,-5.8,-0.2
Bruno Fernando,2022,30.0,152.0,21.2,0.671,22.4,-0.1,0.1
Bruno Fernando,2022,20.0,58.0,12.6,0.586,16.1,-2.8,0.0
Bruno Fernando,2022,10.0,94.0,26.5,0.699,26.3,1.5,0.1
Theo Pinson,2022,19.0,148.0,11.9,0.553,14.7,-0.5,0.1
Abdel Nader,2022,14.0,145.0,4.9,0.431,15.0,-4.9,-0.1
Devin Cannady,2022,5.0,145.0,8.6,0.531,15.5,-3.2,0.0
Solomon Hill,2022,13.0,139.0,3.3,0.2,6.6,-4.0,-0.1
Xavier Moon,2022,10.0,137.0,16.2,0.545,19.0,-0.1,0.1
Jahmi'us Ramsey,2022,19.0,134.0,7.9,0.468,22.2,-6.9,-0.2
Didi Louzada,2022,9.0,129.0,6.4,0.517,13.0,-7.5,-0.2
Didi Louzada,2022,2.0,7.0,-1.2,0.0,18.4,-12.5,0.0
Didi Louzada,2022,7.0,122.0,6.8,0.567,12.7,-7.2,-0.2
Boban Marjanović,2022,23.0,128.0,18.5,0.615,33.3,-4.4,-0.1
Marcus Garrett,2022,12.0,128.0,4.7,0.28,8.8,-5.4,-0.1
Jay Scrubb,2022,18.0,121.0,9.3,0.486,20.8,-4.8,-0.1
Devontae Cacok,2022,15.0,121.0,20.2,0.675,12.9,4.2,0.2
Jalen Johnson,2022,22.0,120.0,11.3,0.59,19.3,-4.9,-0.1
Neemias Queta,2022,15.0,120.0,12.7,0.495,18.4,-5.1,-0.1
Melvin Frazier,2022,3.0,120.0,-0.4,0.313,19.5,-16.4,-0.4
Freddie Gillespie,2022,9.0,119.0,9.5,0.419,10.9,-4.6,-0.1
Jabari Parker,2022,12.0,112.0,14.8,0.632,19.6,0.7,0.1
Derrick Walton,2022,3.0,108.0,5.9,0.342,15.4,-4.3,-0.1
Jeff Dowtin Jr.,2022,9.0,108.0,6.8,0.353,12.8,-5.6,-0.1
Jeff Dowtin Jr.,2022,4.0,28.0,9.5,0.5,10.9,-3.6,0.0
Jeff Dowtin Jr.,2022,1.0,3.0,-12.9,0.0,14.2,-22.6,0.0
Jeff Dowtin Jr.,2022,4.0,77.0,6.5,0.327,13.4,-5.6,-0.1
Langston Galloway,2022,7.0,107.0,0.7,0.269,12.8,-9.8,-0.2
Langston Galloway,2022,4.0,58.0,1.8,0.462,13.3,-10.4,-0.1
Langston Galloway,2022,3.0,49.0,-0.6,0.077,12.2,-9.1,-0.1
Louis King,2022,10.0,104.0,8.1,0.438,21.2,-4.6,-0.1
Chaundee Brown Jr.,2022,5.0,104.0,6.4,0.447,14.9,-6.6,-0.1
Chaundee Brown Jr.,2022,2.0,21.0,-8.7,0.143,16.4,-16.6,-0.1
Chaundee Brown Jr.,2022,3.0,83.0,10.3,0.525,14.6,-4.1,0.0
Luke Kornet,2022,15.0,103.0,16.6,0.506,12.7,-0.5,0.0
Luke Kornet,2022,2.0,15.0,8.7,0.316,18.6,-9.9,0.0
Luke Kornet,2022,1.0,3.0,-5.0,0.0,14.2,-24.7,0.0
Luke Kornet,2022,12.0,85.0,18.8,0.582,11.6,2.1,0.1
Chris Silva,2022,10.0,91.0,11.6,0.641,13.8,-4.9,-0.1
Chris Silva,2022,1.0,3.0,3.8,,0.0,-5.8,0.0
Chris Silva,2022,9.0,88.0,11.9,0.641,14.3,-4.9,-0.1
Tyler Johnson,2022,6.0,91.0,7.1,0.425,10.5,-3.0,0.0
Tyler Johnson,2022,3.0,38.0,9.4,0.55,13.0,-2.0,0.0
Tyler Johnson,2022,3.0,53.0,5.5,0.3,8.8,-3.8,0.0
Devon Dotson,2022,11.0,85.0,9.8,0.538,16.6,-4.9,-0.1
Udonis Haslem,2022,13.0,83.0,8.6,0.495,20.0,-7.1,-0.1
Wes Iwundu,2022,3.0,82.0,7.1,0.557,11.1,-6.8,-0.1
Bol Bol,2022,14.0,81.0,13.5,0.565,18.0,-1.0,0.0
Carsen Edwards,2022,4.0,79.0,5.5,0.378,19.2,-9.3,-0.1
Ryan Arcidiacono,2022,10.0,76.0,6.1,0.667,8.6,-4.6,-0.1
Tyrone Wallace,2022,6.0,75.0,2.5,0.383,13.9,-8.2,-0.1
Isaiah Todd,2022,12.0,74.0,4.7,0.349,19.6,-6.9,-0.1
Trevelin Queen,2022,10.0,74.0,18.2,0.619,23.9,1.9,0.1
Aleem Ford,2022,5.0,74.0,0.5,0.35,14.0,-11.4,-0.2
Quinndary Weatherspoon,2022,11.0,73.0,12.0,0.647,15.7,-4.4,0.0
Yves Pons,2022,12.0,71.0,5.9,0.385,10.3,-6.6,-0.1
Rayjon Tucker,2022,5.0,71.0,17.7,0.869,7.9,3.5,0.1
Rayjon Tucker,2022,3.0,29.0,13.6,0.798,5.7,1.9,0.0
Rayjon Tucker,2022,2.0,42.0,20.5,0.901,9.5,4.6,0.1
Isaac Bonga,2022,15.0,69.0,8.7,0.363,11.5,-0.4,0.0
Brandon Knight,2022,5.0,65.0,13.0,0.561,22.5,-4.6,0.0
B.J. Johnson,2022,4.0,65.0,12.1,0.52,16.7,-4.7,0.0
Kai Jones,2022,21.0,63.0,9.2,0.628,15.9,-6.6,-0.1
RJ Nembhard Jr.,2022,14.0,63.0,8.0,0.38,16.0,-6.0,-0.1
Malik Fitts,2022,15.0,63.0,10.7,0.553,14.6,-1.1,0.0
Malik Fitts,2022,7.0,35.0,-1.6,0.333,13.7,-9.8,-0.1
Malik Fitts,2022,8.0,28.0,26.1,0.75,15.7,9.8,0.1
Brodric Thomas,2022,12.0,60.0,10.0,0.52,19.2,-2.8,0.0
Tacko Fall,2022,11.0,59.0,11.3,0.398,13.6,-3.4,0.0
Sam Merrill,2022,6.0,58.0,7.5,0.485,19.6,-5.6,-0.1
Gabriel Deck,2022,7.0,56.0,11.5,0.643,12.3,-2.5,0.0
James Ennis III,2022,7.0,56.0,17.7,0.553,22.0,-1.1,0.0
James Ennis III,2022,2.0,14.0,14.7,0.357,21.5,-1.1,0.0
James Ennis III,2022,2.0,28.0,26.3,0.784,21.6,4.0,0.0
James Ennis III,2022,3.0,14.0,3.7,0.311,23.3,-11.1,0.0
D.J. Wilson,2022,4.0,54.0,27.9,0.773,17.0,5.0,0.1
Myles Powell,2022,11.0,52.0,0.2,0.364,18.0,-12.7,-0.1
Mason Jones,2022,4.0,51.0,17.8,0.625,19.0,-0.9,0.0
Tremont Waters,2022,3.0,50.0,5.4,0.357,15.5,-7.7,-0.1
Tremont Waters,2022,2.0,42.0,5.1,0.333,16.3,-8.1,-0.1
Tremont Waters,2022,1.0,8.0,7.3,0.5,11.1,-5.4,0.0
Cameron McGriff,2022,3.0,46.0,12.5,0.47,14.0,-4.0,0.0
Miye Oni,2022,16.0,44.0,0.4,0.265,10.3,-7.9,-0.1
Gabriel Lundberg,2022,4.0,44.0,7.7,0.342,21.5,-4.8,0.0
Vernon Carey Jr.,2022,7.0,44.0,15.8,0.534,21.6,-7.5,-0.1
Vernon Carey Jr.,2022,4.0,17.0,17.2,0.546,20.8,-8.0,0.0
Vernon Carey Jr.,2022,3.0,27.0,15.0,0.526,22.1,-7.3,0.0
Jared Harper,2022,5.0,43.0,36.9,0.666,29.7,17.3,0.2
Cameron Oliver,2022,2.0,43.0,21.4,0.705,16.6,1.7,0.0
Robert Woodard II,2022,12.0,42.0,2.1,0.207,18.3,-10.4,-0.1
Sharife Cooper,2022,13.0,39.0,-5.4,0.25,21.3,-16.3,-0.1
Cassius Winston,2022,7.0,39.0,6.0,0.549,18.0,-9.3,-0.1
Xavier Sneed,2022,9.0,39.0,0.4,0.25,11.0,-10.6,-0.1
Xavier Sneed,2022,2.0,8.0,-7.1,0.0,10.2,-19.9,0.0
Xavier Sneed,2022,7.0,31.0,2.4,0.313,11.2,-8.2,0.0
Nik Stauskas,2022,8.0,39.0,10.5,0.541,20.0,-3.6,0.0
Nik Stauskas,2022,2.0,24.0,13.1,0.564,18.1,-1.3,0.0
Nik Stauskas,2022,6.0,15.0,6.2,0.509,23.1,-7.3,0.0
Petr Cornelie,2022,13.0,38.0,9.6,0.418,24.0,-8.8,-0.1
Darren Collison,2022,3.0,37.0,-0.2,0.286,9.3,-10.9,-0.1
Justin Jackson,2022,7.0,37.0,7.7,0.472,19.7,-3.3,0.0
Justin Jackson,2022,1.0,2.0,22.7,0.532,41.4,-2.5,0.0
Justin Jackson,2022,6.0,35.0,6.8,0.464,18.4,-3.4,0.0
Marko Simonovic,2022,9.0,35.0,10.2,0.428,27.5,-11.1,-0.1
Cheick Diallo,2022,3.0,31.0,12.3,0.517,16.1,-7.5,0.0
Micah Potter,2022,3.0,31.0,13.6,0.505,17.8,-7.1,0.0
Juwan Morgan,2022,2.0,31.0,8.3,0.833,4.1,-7.1,0.0
Juwan Morgan,2022,1.0,27.0,9.5,0.833,4.8,-7.3,0.0
Juwan Morgan,2022,1.0,4.0,0.0,,0.0,-6.0,0.0
Jordan Schakel,2022,4.0,30.0,-1.2,0.21,19.1,-13.0,-0.1
Daniel Oturu,2022,3.0,27.0,13.4,0.549,13.0,-5.2,0.0
Deividas Sirvydis,2022,3.0,27.0,0.1,0.15,15.9,-8.7,0.0
Mac McClung,2022,2.0,25.0,5.2,0.621,16.3,-9.6,0.0
Mac McClung,2022,1.0,3.0,8.7,1.0,29.4,-15.3,0.0
Mac McClung,2022,1.0,22.0,4.7,0.551,14.5,-8.8,0.0
Shaquille Harrison,2022,2.0,23.0,4.6,0.333,15.0,-8.3,0.0
Carlik Jones,2022,5.0,23.0,-1.8,0.202,25.1,-15.5,-0.1
Carlik Jones,2022,3.0,19.0,-4.0,0.127,25.8,-17.3,-0.1
Carlik Jones,2022,2.0,4.0,8.9,0.5,21.9,-6.7,0.0
Chandler Hutchison,2022,6.0,22.0,1.0,0.694,13.5,-8.5,0.0
Damyean Dotson,2022,2.0,21.0,6.4,0.5,8.3,-4.9,0.0
Gabe York,2022,2.0,21.0,12.7,0.435,20.8,-1.5,0.0
Joel Ayayi,2022,7.0,20.0,3.4,0.167,13.3,-6.0,0.0
Jay Huff,2022,4.0,20.0,0.6,0.0,8.6,-7.4,0.0
McKinley Wright IV,2022,5.0,19.0,9.5,0.833,8.8,-4.2,0.0
George King,2022,4.0,19.0,-12.3,0.085,16.3,-20.1,-0.1
Norvel Pelle,2022,3.0,19.0,12.2,0.6,16.0,-7.1,0.0
Wayne Selden,2022,3.0,19.0,4.3,0.434,13.3,-5.9,0.0
Craig Sword,2022,3.0,19.0,14.2,0.75,11.7,1.4,0.0
Eugene Omoruyi,2022,4.0,18.0,17.0,0.518,16.9,4.0,0.0
Emanuel Terry,2022,3.0,18.0,-0.1,0.0,23.9,-18.3,-0.1
Scotty Hopson,2022,1.0,18.0,0.1,0.5,14.4,-11.6,0.0
Aaron Henry,2022,6.0,17.0,-7.4,0.2,18.5,-16.5,-0.1
Trayvon Palmer,2022,1.0,17.0,-5.7,0.0,5.0,-15.0,-0.1
Dakota Mathias,2022,6.0,16.0,11.0,0.5,15.4,0.3,0.0
Jaylen Morris,2022,3.0,16.0,-11.4,0.129,23.1,-21.5,-0.1
Sekou Doumbouya,2022,2.0,16.0,40.7,0.717,31.6,18.8,0.1
Jemerrio Jones,2022,2.0,15.0,14.8,0.667,8.6,-1.0,0.0
Moses Wright,2022,4.0,14.0,18.3,0.47,17.1,1.4,0.0
Moses Wright,2022,1.0,1.0,31.2,,0.0,24.2,0.0
Moses Wright,2022,3.0,13.0,17.3,0.47,18.4,-0.3,0.0
Cat Barber,2022,3.0,13.0,-11.2,0.0,22.7,-23.5,-0.1
Jarron Cumberland,2022,3.0,12.0,8.4,0.5,7.2,-6.6,0.0
JaQuori McLaughlin,2022,4.0,11.0,-2.9,0.0,8.2,-13.6,0.0
Rob Edwards,2022,2.0,11.0,-0.8,0.375,19.6,-11.2,0.0
Emmanuel Mudiay,2022,2.0,11.0,12.3,0.399,18.6,-1.2,0.0
Tre Scott,2022,2.0,11.0,20.4,0.5,24.1,-3.0,0.0
Shaq Buchanan,2022,2.0,10.0,0.6,0.25,24.6,-10.7,0.0
DaQuan Jeffries,2022,3.0,9.0,8.4,0.5,9.1,-4.9,0.0
Jon Teske,2022,3.0,8.0,1.5,0.0,9.6,-4.8,0.0
Feron Hunt,2022,2.0,8.0,-3.0,0.0,16.4,-11.3,0.0
Anthony Lamb,2022,2.0,8.0,-0.5,0.0,10.6,-8.0,0.0
M.J. Walker,2022,2.0,8.0,-3.3,0.0,21.5,-9.6,0.0
Malik Newman,2022,1.0,8.0,28.6,0.68,38.1,6.4,0.0
Paris Bass,2022,2.0,7.0,13.9,0.436,54.6,-12.4,0.0
Scottie Lewis,2022,2.0,7.0,14.6,0.568,5.3,6.0,0.0
Jaysean Paige,2022,1.0,7.0,-22.2,0.0,24.5,-31.5,0.0
Jordan Goodwin,2022,2.0,6.0,-20.4,0.0,22.2,-34.1,0.0
Jaden Springer,2022,2.0,6.0,26.4,1.0,15.0,17.1,0.0
Arnoldas Kulboka,2022,2.0,5.0,-10.7,0.0,8.5,-21.8,0.0
Zylan Cheatham,2022,1.0,5.0,-23.8,0.0,26.1,-30.6,0.0
Matt Ryan,2022,1.0,5.0,3.5,0.3,44.0,-13.7,0.0
Tyrell Terry,2022,2.0,3.0,20.0,1.0,13.7,-1.0,0.0
Javin DeLaurier,2022,1.0,3.0,15.6,,0.0,7.0,0.0
Jaime Echenique,2022,1.0,3.0,0.0,,0.0,-8.5,0.0
Nate Hinton,2022,2.0,2.0,-45.2,0.0,42.8,-42.6,0.0
David Johnson,2022,2.0,2.0,-20.0,0.0,21.4,-27.7,0.0
Jordan Bell,2022,1.0,2.0,29.9,,0.0,2.7,0.0
Tyler Hall,2022,1.0,2.0,0.0,,0.0,-8.5,0.0
Joe Johnson,2022,1.0,2.0,38.7,1.0,22.0,15.0,0.0
C.J. Miles,2022,1.0,2.0,-7.8,,0.0,-16.3,0.0
Matt Mooney,2022,1.0,2.0,-20.0,0.0,43.8,-22.3,0.0
Ahmad Caver,2022,1.0,1.0,76.2,1.0,42.8,36.9,0.0
Sam Dekker,2022,1.0,1.0,0.0,,0.0,-9.6,0.0
DeJon Jarreau,2022,1.0,1.0,0.0,,0.0,-8.0,0.0
Ade Murkey,2022,1.0,1.0,0.0,,0.0,-9.7,0.0
League Average,2022,,,,0.566,19.9,,
Mikal Bridges,2023,83.0,2963.0,16.8,0.587,22.6,1.7,2.8
Mikal Bridges,2023,56.0,2040.0,14.8,0.574,19.2,1.0,1.6
Mikal Bridges,2023,27.0,923.0,21.3,0.607,30.3,3.3,1.2
Anthony Edwards,2023,79.0,2842.0,17.4,0.564,29.9,1.0,2.1
Zach LaVine,2023,77.0,2768.0,19.0,0.607,28.3,1.9,2.7
Nikola Vučević,2023,82.0,2746.0,19.1,0.594,21.9,2.7,3.2
Julius Randle,2023,77.0,2737.0,20.3,0.581,29.5,3.7,3.9
Domantas Sabonis,2023,79.0,2736.0,23.5,0.668,21.3,5.8,5.4
Jayson Tatum,2023,74.0,2732.0,23.7,0.607,32.7,5.5,5.1
Spencer Dinwiddie,2023,79.0,2725.0,16.0,0.573,22.1,0.7,1.8
Spencer Dinwiddie,2023,53.0,1808.0,16.1,0.599,21.9,0.9,1.3
Spencer Dinwiddie,2023,26.0,917.0,15.8,0.523,22.5,0.2,0.5
Evan Mobley,2023,79.0,2715.0,17.9,0.591,20.2,1.7,2.5
Dejounte Murray,2023,74.0,2693.0,17.0,0.54,24.4,1.0,2.1
DeMar DeRozan,2023,74.0,2682.0,20.6,0.592,27.8,2.0,2.6
Scottie Barnes,2023,77.0,2678.0,15.5,0.524,20.3,0.4,1.6
Harrison Barnes,2023,82.0,2662.0,14.1,0.632,17.1,-1.0,0.7
Pascal Siakam,2023,71.0,2652.0,20.3,0.565,27.2,3.1,3.4
CJ McCollum,2023,75.0,2649.0,15.6,0.541,26.4,0.8,1.9
Franz Wagner,2023,80.0,2609.0,15.9,0.589,23.5,-0.1,1.3
Jalen Green,2023,76.0,2602.0,14.5,0.538,28.1,-2.1,0.0
Bam Adebayo,2023,75.0,2598.0,20.1,0.592,25.2,1.5,2.3
Trae Young,2023,73.0,2541.0,22.0,0.573,32.6,3.3,3.4
Fred VanVleet,2023,69.0,2535.0,17.0,0.54,23.2,2.5,2.9
Buddy Hield,2023,80.0,2482.0,15.4,0.614,20.8,1.9,2.4
RJ Barrett,2023,73.0,2475.0,12.9,0.531,26.2,-3.1,-0.7
Jordan Poole,2023,82.0,2458.0,14.6,0.573,29.2,-1.9,0.1
Josh Hart,2023,76.0,2454.0,14.1,0.622,12.6,0.9,1.8
Josh Hart,2023,51.0,1704.0,12.7,0.586,12.6,-0.2,0.8
Josh Hart,2023,25.0,750.0,17.1,0.703,12.6,3.4,1.0
Jabari Smith Jr.,2023,79.0,2451.0,11.2,0.514,18.4,-3.7,-1.1
Trey Murphy III,2023,79.0,2448.0,15.2,0.65,16.6,1.8,2.3
Darius Garland,2023,69.0,2447.0,18.8,0.587,26.9,2.4,2.7
Tobias Harris,2023,74.0,2436.0,14.8,0.602,18.2,0.7,1.7
De'Aaron Fox,2023,73.0,2435.0,21.8,0.599,30.1,2.5,2.7
Donovan Mitchell,2023,68.0,2432.0,22.9,0.614,32.1,6.3,5.0
Paolo Banchero,2023,72.0,2430.0,14.9,0.529,27.5,-1.5,0.3
Jaden McDaniels,2023,79.0,2416.0,12.0,0.611,15.8,-1.2,0.5
Shai Gilgeous-Alexander,2023,68.0,2416.0,27.2,0.626,32.8,7.3,5.6
Royce O'Neale,2023,76.0,2409.0,9.2,0.538,13.6,-1.1,0.5
Jaylen Brown,2023,67.0,2405.0,19.1,0.581,31.4,1.3,2.0
Luka Dončić,2023,66.0,2391.0,28.7,0.609,37.6,8.9,6.6
OG Anunoby,2023,67.0,2386.0,14.6,0.586,19.5,0.4,1.5
Keegan Murray,2023,80.0,2382.0,12.3,0.597,15.8,-0.6,0.8
Kentavious Caldwell-Pope,2023,76.0,2381.0,11.5,0.598,14.1,-1.0,0.6
P.J. Washington,2023,73.0,2380.0,12.9,0.542,20.6,-1.3,0.4
Jalen Brunson,2023,68.0,2379.0,21.2,0.597,27.2,3.9,3.5
Brook Lopez,2023,78.0,2373.0,18.4,0.63,19.3,2.1,2.5
Josh Giddey,2023,76.0,2367.0,17.1,0.533,24.6,1.2,1.9
Reggie Bullock,2023,78.0,2364.0,7.7,0.577,10.0,-2.6,-0.4
Immanuel Quickley,2023,81.0,2344.0,16.3,0.578,20.9,1.7,2.1
Tyler Herro,2023,67.0,2337.0,15.3,0.566,25.6,0.6,1.6
Patrick Williams,2023,82.0,2323.0,11.2,0.576,15.7,-1.3,0.4
Nikola Jokić,2023,69.0,2323.0,31.5,0.701,27.2,13.0,8.8
Derrick White,2023,82.0,2319.0,15.4,0.604,17.7,2.4,2.6
Jaden Ivey,2023,74.0,2304.0,12.1,0.528,25.4,-3.3,-0.7
D'Angelo Russell,2023,71.0,2304.0,16.3,0.605,22.7,1.5,2.0
D'Angelo Russell,2023,54.0,1778.0,16.1,0.604,22.8,1.2,1.4
D'Angelo Russell,2023,17.0,526.0,17.1,0.61,22.6,2.4,0.6
Draymond Green,2023,73.0,2297.0,12.2,0.592,13.2,0.8,1.6
KJ Martin,2023,82.0,2292.0,15.4,0.635,16.4,-0.7,0.7
Joel Embiid,2023,66.0,2284.0,31.4,0.655,37.0,9.2,6.4
Bruce Brown,2023,80.0,2280.0,13.3,0.571,17.8,-0.5,0.9
Klay Thompson,2023,69.0,2279.0,14.7,0.576,26.4,-0.3,1.0
Jalen Williams,2023,75.0,2276.0,15.6,0.601,18.4,0.3,1.3
Lauri Markkanen,2023,66.0,2273.0,22.1,0.64,26.6,3.8,3.3
Max Strus,2023,80.0,2272.0,10.8,0.557,17.6,-1.7,0.2
Luguentz Dort,2023,74.0,2272.0,11.3,0.513,19.8,-3.0,-0.6
Nic Claxton,2023,76.0,2271.0,20.8,0.691,15.4,3.1,2.9
Jerami Grant,2023,63.0,2246.0,16.0,0.606,22.8,-0.2,1.0
Kyrie Irving,2023,60.0,2241.0,22.4,0.613,28.9,4.1,3.5
Kyrie Irving,2023,40.0,1478.0,21.6,0.604,29.7,3.8,2.2
Kyrie Irving,2023,20.0,763.0,24.0,0.634,27.4,4.9,1.3
Kyle Kuzma,2023,64.0,2239.0,14.3,0.544,27.9,-1.7,0.2
Caris LeVert,2023,74.0,2237.0,12.4,0.546,18.7,-0.2,1.0
Bennedict Mathurin,2023,78.0,2222.0,13.1,0.566,24.6,-3.7,-1.0
Terry Rozier,2023,63.0,2221.0,14.7,0.517,26.9,-0.6,0.8
Jarrett Allen,2023,68.0,2220.0,19.9,0.67,16.4,2.4,2.4
Dillon Brooks,2023,73.0,2214.0,9.4,0.494,21.8,-3.9,-1.1
Kevin Huerter,2023,75.0,2203.0,15.2,0.617,19.9,1.0,1.7
Jrue Holiday,2023,67.0,2183.0,19.2,0.586,25.0,3.1,2.8
Alperen Şengün,2023,75.0,2171.0,19.7,0.599,21.4,1.4,1.9
Anfernee Simons,2023,62.0,2171.0,14.8,0.581,25.1,-1.1,0.5
Ivica Zubac,2023,76.0,2170.0,16.7,0.661,14.8,-0.9,0.6
Killian Hayes,2023,76.0,2154.0,10.2,0.455,20.5,-3.8,-1.0
Tim Hardaway Jr.,2023,71.0,2152.0,12.1,0.554,20.6,-1.8,0.1
De'Anthony Melton,2023,77.0,2150.0,12.7,0.566,16.4,0.9,1.6
Rudy Gobert,2023,70.0,2148.0,18.9,0.675,16.3,0.7,1.4
Jimmy Butler,2023,64.0,2138.0,27.6,0.647,25.6,8.7,5.8
James Harden,2023,58.0,2135.0,21.6,0.607,25.0,5.4,4.0
Jamal Murray,2023,65.0,2133.0,18.0,0.571,26.1,1.3,1.8
John Collins,2023,71.0,2130.0,13.6,0.593,17.1,-1.3,0.4
Saddiq Bey,2023,77.0,2129.0,14.6,0.564,20.2,-0.3,0.9
Saddiq Bey,2023,52.0,1500.0,14.3,0.552,21.3,-0.7,0.5
Saddiq Bey,2023,25.0,629.0,15.2,0.599,17.4,0.5,0.4
De'Andre Hunter,2023,67.0,2126.0,11.5,0.563,19.7,-3.3,-0.7
Russell Westbrook,2023,73.0,2126.0,16.1,0.513,27.7,0.2,1.2
Russell Westbrook,2023,52.0,1491.0,15.3,0.496,28.8,-0.1,0.7
Russell Westbrook,2023,21.0,635.0,17.8,0.562,25.2,0.8,0.5
Quentin Grimes,2023,71.0,2121.0,11.7,0.619,14.4,-0.1,1.0
Kristaps Porziņģis,2023,65.0,2120.0,23.1,0.627,27.4,4.3,3.4
Gary Trent Jr.,2023,66.0,2118.0,15.0,0.56,21.7,0.2,1.2
Damian Lillard,2023,58.0,2107.0,26.7,0.645,33.8,7.1,4.9
Ayo Dosunmu,2023,80.0,2098.0,10.2,0.567,14.9,-2.5,-0.2
Corey Kispert,2023,74.0,2093.0,11.5,0.657,14.1,-1.5,0.2
Malik Beasley,2023,81.0,2093.0,10.9,0.531,21.1,-2.0,0.0
Malik Beasley,2023,55.0,1472.0,11.5,0.535,21.2,-1.6,0.2
Malik Beasley,2023,26.0,621.0,9.7,0.521,20.9,-2.9,-0.1
Caleb Martin,2023,71.0,2077.0,11.4,0.571,14.4,-1.2,0.4
Andrew Nembhard,2023,75.0,2073.0,10.0,0.528,16.1,-3.2,-0.6
Keldon Johnson,2023,63.0,2063.0,15.3,0.551,27.9,-1.8,0.1
Aaron Gordon,2023,68.0,2055.0,19.5,0.617,21.1,2.1,2.1
Mason Plumlee,2023,79.0,2054.0,19.6,0.689,15.2,2.2,2.2
Mason Plumlee,2023,56.0,1597.0,20.0,0.673,15.7,2.4,1.8
Mason Plumlee,2023,23.0,457.0,18.2,0.761,13.7,1.4,0.4
Grant Williams,2023,79.0,2045.0,10.3,0.605,13.1,-1.1,0.5
Deandre Ayton,2023,67.0,2035.0,19.9,0.617,22.9,0.9,1.5
Mike Conley,2023,67.0,2029.0,14.7,0.583,16.3,0.9,1.5
Mike Conley,2023,43.0,1276.0,13.9,0.552,16.1,0.2,0.7
Mike Conley,2023,24.0,753.0,16.1,0.631,16.8,2.0,0.7
Giannis Antetokounmpo,2023,63.0,2024.0,29.0,0.605,38.8,8.5,5.4
Kevin Porter Jr.,2023,59.0,2024.0,16.2,0.565,24.3,0.6,1.3
Deni Avdija,2023,76.0,2020.0,11.2,0.535,16.7,-2.3,-0.1
Tyrese Maxey,2023,60.0,2016.0,17.0,0.605,24.1,0.6,1.3
Dorian Finney-Smith,2023,66.0,2009.0,9.2,0.523,13.2,-2.0,0.0
Dorian Finney-Smith,2023,40.0,1288.0,10.0,0.557,12.8,-1.1,0.3
Dorian Finney-Smith,2023,26.0,721.0,7.7,0.466,13.9,-3.7,-0.3
Jordan Clarkson,2023,61.0,1988.0,14.7,0.558,27.8,-1.4,0.3
Dennis Schröder,2023,66.0,1986.0,11.5,0.545,18.6,-2.9,-0.4
Tre Jones,2023,68.0,1984.0,16.0,0.534,19.3,-1.0,0.5
Grayson Allen,2023,72.0,1972.0,12.3,0.612,14.6,0.1,1.0
Jonas Valančiūnas,2023,79.0,1968.0,19.3,0.61,23.4,-0.4,0.8
Eric Gordon,2023,69.0,1965.0,11.8,0.587,17.8,-1.9,0.1
Eric Gordon,2023,47.0,1418.0,11.4,0.572,18.1,-2.6,-0.2
Eric Gordon,2023,22.0,547.0,13.1,0.629,17.0,0.0,0.3
Kevon Looney,2023,82.0,1958.0,17.8,0.639,10.6,2.1,2.0
Kyle Anderson,2023,69.0,1957.0,14.8,0.583,14.4,2.5,2.2
Marcus Smart,2023,61.0,1957.0,12.1,0.538,17.8,-1.0,0.5
LeBron James,2023,55.0,1954.0,23.9,0.583,33.3,6.1,4.0
Herbert Jones,2023,66.0,1951.0,12.1,0.567,14.5,-0.3,0.8
Torrey Craig,2023,79.0,1948.0,11.6,0.566,13.0,-0.6,0.7
Ja Morant,2023,61.0,1948.0,23.3,0.557,34.9,5.7,3.8
Kelly Olynyk,2023,68.0,1942.0,14.4,0.643,17.8,0.4,1.2
Stephen Curry,2023,56.0,1941.0,24.1,0.656,31.0,7.5,4.7
Tyus Jones,2023,80.0,1940.0,16.0,0.546,17.7,1.6,1.7
Paul George,2023,56.0,1939.0,19.6,0.588,29.5,2.8,2.3
Al Horford,2023,63.0,1922.0,13.8,0.631,11.9,3.3,2.5
P.J. Tucker,2023,75.0,1920.0,5.7,0.566,6.5,-3.0,-0.5
Jalen McDaniels,2023,80.0,1913.0,11.8,0.557,17.2,-2.1,-0.1
Jalen McDaniels,2023,56.0,1494.0,11.6,0.551,17.5,-2.0,0.0
Jalen McDaniels,2023,24.0,419.0,12.5,0.58,16.1,-2.6,-0.1
Jakob Poeltl,2023,72.0,1906.0,21.0,0.635,18.2,1.9,1.9
Jakob Poeltl,2023,46.0,1199.0,19.7,0.625,18.6,0.9,0.9
Jakob Poeltl,2023,26.0,707.0,23.1,0.652,17.5,3.6,1.0
Anthony Davis,2023,56.0,1904.0,27.8,0.627,28.4,6.3,4.0
Donte DiVincenzo,2023,72.0,1894.0,12.8,0.593,15.1,0.7,1.3
Bojan Bogdanović,2023,59.0,1893.0,17.4,0.627,25.9,0.8,1.4
Chris Paul,2023,59.0,1889.0,17.7,0.555,19.2,3.2,2.5
Tyrese Haliburton,2023,56.0,1883.0,23.6,0.624,23.8,7.2,4.4
Jarred Vanderbilt,2023,78.0,1879.0,15.1,0.604,13.6,1.1,1.5
Jarred Vanderbilt,2023,52.0,1254.0,16.0,0.607,14.1,1.5,1.1
Jarred Vanderbilt,2023,26.0,625.0,13.2,0.598,12.5,0.2,0.4
Terance Mann,2023,81.0,1872.0,13.4,0.619,15.3,-0.2,0.8
Troy Brown Jr.,2023,76.0,1860.0,9.6,0.561,12.1,-1.0,0.5
Onyeka Okongwu,2023,80.0,1849.0,19.4,0.678,15.1,0.8,1.3
Austin Reaves,2023,64.0,1843.0,14.9,0.687,16.2,0.7,1.2
Desmond Bane,2023,58.0,1841.0,19.1,0.606,26.1,3.5,2.5
Devin Booker,2023,53.0,1835.0,22.0,0.601,31.8,4.2,2.9
Marcus Morris,2023,65.0,1825.0,10.5,0.534,17.6,-1.9,0.0
Myles Turner,2023,62.0,1825.0,20.0,0.651,22.0,2.1,1.9
Bobby Portis,2023,70.0,1818.0,17.8,0.575,21.7,0.7,1.2
Aaron Nesmith,2023,73.0,1816.0,10.5,0.566,16.8,-3.0,-0.4
Patrick Beverley,2023,67.0,1816.0,8.9,0.534,10.6,-1.2,0.3
Patrick Beverley,2023,45.0,1211.0,8.3,0.548,10.6,-1.8,0.1
Patrick Beverley,2023,22.0,605.0,10.1,0.506,10.5,-0.2,0.3
Jevon Carter,2023,81.0,1810.0,10.9,0.56,15.3,-0.6,0.6
Michael Porter Jr.,2023,62.0,1798.0,16.8,0.621,22.7,0.2,1.0
Naji Marshall,2023,77.0,1792.0,11.4,0.539,17.8,-1.9,0.1
Jaren Jackson Jr.,2023,63.0,1787.0,21.6,0.613,24.7,2.8,2.2
Shaedon Sharpe,2023,80.0,1779.0,11.5,0.568,19.0,-3.3,-0.6
Markelle Fultz,2023,60.0,1778.0,16.6,0.564,21.3,0.5,1.2
Tari Eason,2023,82.0,1767.0,15.2,0.525,19.3,-1.7,0.1
Gabe Vincent,2023,68.0,1759.0,9.0,0.533,17.5,-3.4,-0.6
Kawhi Leonard,2023,52.0,1748.0,23.9,0.623,27.0,6.1,3.5
Malcolm Brogdon,2023,67.0,1744.0,18.2,0.615,22.8,2.8,2.1
Christian Wood,2023,67.0,1738.0,20.6,0.624,26.4,1.7,1.6
Coby White,2023,74.0,1730.0,12.5,0.572,17.9,-0.8,0.5
Clint Capela,2023,65.0,1730.0,22.1,0.656,15.7,2.2,1.8
Malik Monk,2023,77.0,1719.0,16.6,0.587,25.8,0.3,1.0
Kyle Lowry,2023,55.0,1718.0,12.6,0.565,16.7,0.2,0.9
Nicolas Batum,2023,78.0,1709.0,11.0,0.594,11.5,0.5,1.0
Walker Kessler,2023,74.0,1703.0,21.5,0.702,13.3,2.9,2.1
Monte Morris,2023,62.0,1695.0,15.0,0.579,15.6,0.5,1.1
Wendell Carter Jr.,2023,57.0,1690.0,17.3,0.621,20.5,1.0,1.3
Santi Aldama,2023,77.0,1682.0,13.9,0.591,16.0,0.5,1.1
Bradley Beal,2023,50.0,1673.0,19.7,0.593,29.2,1.8,1.6
Kevin Durant,2023,47.0,1672.0,25.9,0.677,30.7,7.1,3.9
Kevin Durant,2023,39.0,1403.0,26.2,0.673,31.5,7.0,3.2
Kevin Durant,2023,8.0,269.0,24.3,0.697,26.8,8.0,0.7
Jalen Duren,2023,67.0,1670.0,17.3,0.655,14.3,-0.8,0.5
Reggie Jackson,2023,68.0,1657.0,10.0,0.514,20.8,-3.9,-0.8
Reggie Jackson,2023,52.0,1338.0,10.3,0.523,20.8,-3.7,-0.6
Reggie Jackson,2023,16.0,319.0,9.0,0.476,20.8,-5.1,-0.3
Isaac Okoro,2023,76.0,1652.0,10.7,0.614,11.9,-0.3,0.7
Isaiah Hartenstein,2023,82.0,1626.0,14.2,0.567,11.2,-0.3,0.7
Daniel Gafford,2023,78.0,1604.0,19.7,0.739,15.2,1.0,1.2
Mitchell Robinson,2023,59.0,1591.0,18.9,0.652,10.1,2.4,1.7
Drew Eubanks,2023,78.0,1584.0,16.2,0.666,12.5,0.1,0.8
Gordon Hayward,2023,50.0,1577.0,13.5,0.563,20.0,-1.4,0.2
Alex Caruso,2023,67.0,1575.0,11.5,0.588,11.1,1.1,1.2
Shake Milton,2023,76.0,1567.0,12.7,0.575,18.5,-2.0,0.0
Norman Powell,2023,60.0,1567.0,17.1,0.612,26.0,0.3,0.9
Cole Anthony,2023,60.0,1552.0,16.0,0.57,21.5,1.3,1.3
Malaki Branham,2023,66.0,1550.0,9.5,0.524,19.1,-5.2,-1.3
Cedi Osman,2023,77.0,1548.0,12.0,0.579,18.2,-0.7,0.5
Kelly Oubre Jr.,2023,48.0,1548.0,14.8,0.534,26.5,-1.1,0.3
Josh Green,2023,60.0,1539.0,11.2,0.645,14.6,-2.4,-0.2
Brandon Ingram,2023,45.0,1538.0,19.2,0.582,30.8,1.7,1.5
Josh Richardson,2023,65.0,1530.0,12.3,0.555,18.4,-1.2,0.3
Josh Richardson,2023,42.0,997.0,13.6,0.556,20.5,-1.1,0.2
Josh Richardson,2023,23.0,533.0,9.9,0.55,14.5,-1.3,0.1
Joe Harris,2023,74.0,1527.0,10.6,0.621,14.3,-1.1,0.3
T.J. McConnell,2023,75.0,1526.0,16.8,0.59,19.1,0.5,1.0
Chris Boucher,2023,76.0,1523.0,18.0,0.59,18.0,-0.1,0.7
Georges Niang,2023,78.0,1512.0,10.9,0.61,17.0,-1.4,0.2
Bogdan Bogdanović,2023,54.0,1508.0,14.2,0.586,19.8,0.5,0.9
Damion Lee,2023,74.0,1506.0,10.7,0.607,16.3,-1.7,0.1
Bol Bol,2023,70.0,1505.0,14.4,0.603,18.2,-0.9,0.4
John Konchar,2023,72.0,1494.0,10.8,0.542,10.4,0.5,0.9
Rui Hachimura,2023,63.0,1466.0,13.2,0.556,20.2,-2.2,-0.1
Rui Hachimura,2023,30.0,728.0,13.6,0.558,23.0,-2.6,-0.1
Rui Hachimura,2023,33.0,738.0,12.7,0.553,17.4,-1.9,0.0
Dwight Powell,2023,76.0,1458.0,15.5,0.738,12.6,-1.2,0.3
Jeremy Sochan,2023,56.0,1458.0,11.4,0.509,19.8,-4.0,-0.7
Keita Bates-Diop,2023,67.0,1452.0,14.9,0.609,16.7,-0.6,0.5
Davion Mitchell,2023,80.0,1447.0,9.4,0.545,14.1,-2.8,-0.3
Pat Connaughton,2023,61.0,1443.0,10.0,0.531,13.8,-1.0,0.3
Zach Collins,2023,63.0,1441.0,16.4,0.599,21.2,-0.2,0.6
Isaiah Stewart,2023,50.0,1414.0,13.1,0.56,17.3,-2.1,0.0
AJ Griffin,2023,72.0,1401.0,12.6,0.577,17.9,-0.8,0.4
Isaiah Joe,2023,73.0,1395.0,14.5,0.626,17.7,0.9,1.0
Jonathan Kuminga,2023,67.0,1394.0,13.3,0.597,19.6,-1.7,0.1
Jusuf Nurkić,2023,52.0,1391.0,17.3,0.589,22.1,0.1,0.7
Dennis Smith Jr.,2023,54.0,1390.0,11.6,0.475,17.6,-2.2,-0.1
Larry Nance Jr.,2023,65.0,1381.0,16.0,0.649,11.9,2.0,1.4
Josh Okogie,2023,72.0,1350.0,13.3,0.531,17.7,-0.2,0.6
Devonte' Graham,2023,73.0,1338.0,12.5,0.552,17.1,-0.1,0.6
Devonte' Graham,2023,53.0,811.0,11.8,0.545,15.0,0.2,0.4
Devonte' Graham,2023,20.0,527.0,13.6,0.559,20.2,-0.4,0.2
Terrence Ross,2023,63.0,1330.0,10.2,0.544,16.8,-2.1,0.0
Terrence Ross,2023,42.0,944.0,8.6,0.543,15.7,-3.1,-0.3
Terrence Ross,2023,21.0,386.0,14.2,0.546,19.7,0.5,0.2
Luke Kennard,2023,59.0,1315.0,13.0,0.684,14.5,0.5,0.8
Luke Kennard,2023,35.0,725.0,10.5,0.623,15.0,-1.4,0.1
Luke Kennard,2023,24.0,590.0,16.0,0.758,13.7,2.9,0.7
Doug McDermott,2023,64.0,1314.0,11.1,0.59,19.2,-3.2,-0.4
Talen Horton-Tucker,2023,65.0,1313.0,13.7,0.508,25.9,-1.6,0.2
Jose Alvarado,2023,61.0,1310.0,11.8,0.525,19.8,-1.2,0.3
Aaron Wiggins,2023,70.0,1297.0,12.2,0.607,14.5,-2.1,0.0
Lonnie Walker IV,2023,56.0,1297.0,12.2,0.57,20.2,-1.4,0.2
Sam Hauser,2023,80.0,1290.0,12.7,0.634,14.7,1.0,1.0
Jalen Smith,2023,68.0,1279.0,15.9,0.565,21.0,-2.1,0.0
LaMelo Ball,2023,36.0,1268.0,17.9,0.541,30.0,2.4,1.4
David Roddy,2023,70.0,1258.0,8.8,0.519,16.7,-3.9,-0.6
Jaylen Nowell,2023,65.0,1252.0,13.7,0.527,25.0,-2.5,-0.2
Naz Reid,2023,68.0,1251.0,18.5,0.617,24.8,1.0,1.0
Trey Lyles,2023,74.0,1247.0,14.2,0.607,18.1,-1.0,0.3
Jalen Suggs,2023,53.0,1246.0,12.5,0.528,20.3,-1.0,0.3
Kevin Love,2023,62.0,1240.0,13.1,0.548,19.2,0.6,0.8
Kevin Love,2023,41.0,821.0,13.6,0.555,19.6,1.4,0.7
Kevin Love,2023,21.0,419.0,12.3,0.535,18.5,-1.1,0.1
Cory Joseph,2023,62.0,1227.0,12.1,0.558,15.2,-1.5,0.2
Delon Wright,2023,50.0,1221.0,16.3,0.581,12.9,3.4,1.7
Nick Richards,2023,65.0,1217.0,18.3,0.676,15.6,-1.3,0.2
Seth Curry,2023,61.0,1211.0,12.3,0.593,19.2,-2.1,0.0
Ochai Agbaji,2023,59.0,1209.0,9.5,0.561,15.8,-3.0,-0.3
Kenrich Williams,2023,53.0,1206.0,14.4,0.585,13.7,0.5,0.8
Matisse Thybulle,2023,71.0,1200.0,10.5,0.552,10.6,-0.5,0.4
Matisse Thybulle,2023,49.0,591.0,10.0,0.536,9.8,0.1,0.3
Matisse Thybulle,2023,22.0,609.0,11.0,0.566,11.4,-1.2,0.1
Isaiah Livers,2023,52.0,1199.0,8.4,0.567,11.9,-2.4,-0.1
Cameron Johnson,2023,42.0,1199.0,17.1,0.617,20.6,2.6,1.4
Cameron Johnson,2023,17.0,429.0,17.4,0.629,19.6,3.8,0.6
Cameron Johnson,2023,25.0,770.0,16.9,0.61,21.1,2.0,0.8
Anthony Lamb,2023,62.0,1195.0,10.9,0.61,13.8,-1.1,0.3
Taurean Prince,2023,54.0,1192.0,10.0,0.597,17.3,-3.3,-0.4
Andrew Wiggins,2023,37.0,1190.0,14.7,0.564,21.5,-0.5,0.5
Jordan Nwora,2023,62.0,1188.0,12.2,0.561,19.4,-2.1,0.0
Jordan Nwora,2023,38.0,597.0,10.0,0.53,17.6,-2.4,0.0
Jordan Nwora,2023,24.0,591.0,14.4,0.586,21.2,-1.8,0.0
Gary Harris,2023,48.0,1184.0,10.5,0.62,12.6,-0.7,0.4
Tre Mann,2023,67.0,1183.0,10.0,0.492,20.7,-3.9,-0.6
Trendon Watford,2023,62.0,1182.0,13.6,0.625,16.1,-1.8,0.1
Christian Braun,2023,76.0,1181.0,10.3,0.568,13.0,-2.4,-0.1
Xavier Tillman Sr.,2023,61.0,1180.0,17.3,0.621,13.7,1.9,1.2
Devin Vassell,2023,38.0,1178.0,15.5,0.55,24.4,0.4,0.7
Collin Sexton,2023,48.0,1145.0,15.9,0.616,23.4,-1.3,0.2
Precious Achiuwa,2023,55.0,1140.0,15.2,0.554,19.4,-2.3,-0.1
Steven Adams,2023,42.0,1133.0,17.5,0.564,14.6,0.6,0.7
Alec Burks,2023,51.0,1122.0,16.5,0.602,22.8,1.2,0.9
Lamar Stevens,2023,62.0,1120.0,9.5,0.524,13.6,-2.8,-0.2
Moritz Wagner,2023,57.0,1109.0,17.4,0.63,21.1,0.6,0.7
Jordan Goodwin,2023,62.0,1106.0,14.8,0.531,17.3,0.7,0.8
Victor Oladipo,2023,42.0,1106.0,10.6,0.513,21.1,-2.1,0.0
Ben Simmons,2023,42.0,1105.0,13.4,0.559,14.3,0.4,0.7
Jeff Green,2023,56.0,1091.0,11.0,0.576,17.0,-3.4,-0.4
Brandon Clarke,2023,56.0,1090.0,20.0,0.682,17.7,2.5,1.3
Bones Hyland,2023,56.0,1085.0,14.9,0.535,28.0,-0.8,0.3
Bones Hyland,2023,42.0,820.0,14.5,0.54,28.5,-0.8,0.3
Bones Hyland,2023,14.0,265.0,16.4,0.518,26.5,-0.9,0.1
Oshae Brissett,2023,65.0,1083.0,10.6,0.52,16.1,-3.2,-0.3
Thomas Bryant,2023,59.0,1081.0,19.7,0.682,18.2,0.6,0.7
Thomas Bryant,2023,41.0,876.0,21.5,0.712,18.2,2.3,0.9
Thomas Bryant,2023,18.0,205.0,11.8,0.547,18.2,-6.6,-0.2
Obi Toppin,2023,67.0,1050.0,13.6,0.565,19.5,-0.5,0.4
Joe Ingles,2023,46.0,1044.0,10.7,0.616,12.6,-0.7,0.3
Jalen Johnson,2023,70.0,1042.0,14.1,0.554,16.0,0.3,0.6
Isaiah Jackson,2023,63.0,1042.0,17.5,0.595,17.4,-0.8,0.3
Dyson Daniels,2023,59.0,1042.0,8.8,0.503,11.6,-1.8,0.0
Wenyen Gabriel,2023,68.0,1024.0,14.4,0.626,14.1,-2.2,-0.1
Austin Rivers,2023,52.0,1016.0,7.4,0.564,10.5,-2.8,-0.2
Hamidou Diallo,2023,56.0,996.0,15.7,0.593,21.8,-1.4,0.1
Will Barton,2023,56.0,993.0,10.0,0.493,18.9,-2.6,-0.2
Will Barton,2023,40.0,782.0,10.0,0.504,19.4,-2.7,-0.1
Will Barton,2023,16.0,211.0,9.9,0.451,16.7,-2.5,0.0
Marvin Bagley III,2023,42.0,990.0,17.2,0.587,20.4,-0.9,0.3
Cam Reddish,2023,40.0,990.0,10.6,0.561,17.1,-3.4,-0.4
Cam Reddish,2023,20.0,438.0,10.6,0.558,16.2,-2.3,0.0
Cam Reddish,2023,20.0,552.0,10.6,0.563,17.8,-4.3,-0.3
Jock Landale,2023,69.0,979.0,16.4,0.595,19.3,-1.1,0.2
Nassir Little,2023,54.0,976.0,10.2,0.555,16.0,-3.0,-0.3
Usman Garuba,2023,75.0,970.0,12.9,0.569,10.5,-1.4,0.2
JT Thor,2023,69.0,969.0,7.0,0.506,13.1,-4.7,-0.7
Haywood Highsmith,2023,54.0,969.0,8.5,0.517,12.5,-3.1,-0.3
Cameron Payne,2023,48.0,968.0,13.2,0.512,24.8,-1.2,0.2
Kendrick Nunn,2023,70.0,964.0,11.1,0.53,23.7,-3.5,-0.4
Kendrick Nunn,2023,39.0,528.0,8.7,0.503,23.3,-5.0,-0.4
Kendrick Nunn,2023,31.0,436.0,14.1,0.563,24.2,-1.6,0.0
Karl-Anthony Towns,2023,29.0,957.0,18.8,0.618,25.6,3.0,1.2
Zion Williamson,2023,29.0,956.0,25.2,0.652,30.4,5.8,1.9
Kevin Knox,2023,63.0,952.0,11.1,0.579,18.4,-3.5,-0.4
Kevin Knox,2023,42.0,593.0,10.3,0.612,16.2,-2.8,-0.1
Kevin Knox,2023,21.0,359.0,12.4,0.54,22.1,-4.6,-0.2
Cam Thomas,2023,57.0,948.0,14.7,0.567,27.8,-2.7,-0.2
Mike Muscala,2023,63.0,945.0,13.0,0.608,15.1,-0.4,0.4
Mike Muscala,2023,43.0,622.0,13.8,0.602,15.7,0.1,0.3
Mike Muscala,2023,20.0,323.0,11.6,0.623,14.0,-1.4,0.1
Maxi Kleber,2023,37.0,930.0,8.7,0.592,10.3,-2.2,0.0
Yuta Watanabe,2023,58.0,928.0,12.1,0.637,13.1,-0.6,0.3
Ish Wainright,2023,60.0,915.0,9.2,0.522,12.2,-1.2,0.2
Daishen Nix,2023,57.0,914.0,5.3,0.447,15.4,-6.5,-1.0
Jaylin Williams,2023,49.0,914.0,11.2,0.559,13.5,-1.7,0.1
Chris Duarte,2023,46.0,897.0,8.6,0.496,19.0,-4.5,-0.6
Derrick Jones Jr.,2023,64.0,893.0,13.8,0.597,14.5,-0.4,0.3
Dean Wade,2023,44.0,891.0,8.5,0.55,10.2,-0.7,0.3
Vlatko Čančar,2023,60.0,889.0,11.0,0.606,13.8,-1.8,0.0
Nickeil Alexander-Walker,2023,59.0,884.0,11.6,0.565,17.9,-0.9,0.2
Nickeil Alexander-Walker,2023,36.0,528.0,13.0,0.609,18.4,0.5,0.3
Nickeil Alexander-Walker,2023,23.0,356.0,9.6,0.503,17.3,-3.0,-0.1
Bismack Biyombo,2023,61.0,874.0,14.4,0.555,14.0,-0.9,0.2
Goran Dragić,2023,58.0,870.0,10.3,0.514,21.1,-3.9,-0.4
Goran Dragić,2023,51.0,787.0,10.2,0.514,21.0,-3.7,-0.3
Goran Dragić,2023,7.0,83.0,11.4,0.516,22.7,-5.2,-0.1
James Wiseman,2023,45.0,867.0,15.6,0.589,21.2,-3.5,-0.3
James Wiseman,2023,21.0,262.0,17.1,0.655,20.0,-1.7,0.0
James Wiseman,2023,24.0,605.0,15.0,0.563,21.7,-4.3,-0.4
Théo Maledon,2023,44.0,854.0,11.6,0.515,17.0,-2.5,-0.1
Andre Drummond,2023,67.0,849.0,20.8,0.606,21.0,-0.8,0.3
Aaron Holiday,2023,63.0,845.0,9.4,0.528,13.4,-2.0,0.0
Romeo Langford,2023,43.0,844.0,10.4,0.524,15.4,-4.2,-0.5
Terence Davis,2023,64.0,841.0,12.9,0.563,22.2,-1.5,0.1
George Hill,2023,46.0,834.0,10.6,0.61,11.3,-1.5,0.1
George Hill,2023,35.0,668.0,9.8,0.575,11.3,-1.7,0.0
George Hill,2023,11.0,166.0,14.1,0.751,11.4,-0.6,0.1
Mark Williams,2023,43.0,828.0,19.8,0.659,17.0,0.1,0.4
Robert Williams,2023,35.0,824.0,19.8,0.742,11.8,3.3,1.1
Wesley Matthews,2023,52.0,820.0,7.0,0.519,9.8,-2.7,-0.1
Moses Moody,2023,63.0,817.0,10.3,0.603,14.6,-2.6,-0.1
Rudy Gay,2023,56.0,816.0,9.0,0.475,17.7,-4.0,-0.4
Ty Jerome,2023,45.0,816.0,12.8,0.594,14.9,-0.8,0.3
Jeremiah Robinson-Earl,2023,43.0,814.0,13.0,0.548,14.6,-1.5,0.1
Jericho Sims,2023,52.0,812.0,13.8,0.78,7.4,-0.5,0.3
Caleb Houstan,2023,51.0,812.0,6.2,0.508,11.0,-4.0,-0.4
Danuel House Jr.,2023,56.0,807.0,9.4,0.6,13.8,-3.0,-0.2
Landry Shamet,2023,40.0,807.0,10.9,0.537,18.9,-1.4,0.1
Dario Šarić,2023,57.0,806.0,13.5,0.583,19.2,-1.4,0.1
Dario Šarić,2023,37.0,533.0,12.3,0.545,18.7,-2.0,0.0
Dario Šarić,2023,20.0,273.0,15.9,0.65,20.2,-0.2,0.1
Luke Kornet,2023,69.0,804.0,16.7,0.697,11.5,1.0,0.6
Christian Koloko,2023,58.0,802.0,11.4,0.517,10.4,-3.5,-0.3
Khris Middleton,2023,33.0,801.0,17.4,0.551,27.4,0.8,0.6
JaMychal Green,2023,57.0,797.0,15.5,0.65,17.5,-0.5,0.3
Thaddeus Young,2023,54.0,795.0,14.1,0.573,13.5,0.1,0.4
Bryce McGowens,2023,46.0,787.0,7.2,0.519,15.0,-6.0,-0.8
Josh Christopher,2023,64.0,786.0,11.5,0.523,21.9,-4.3,-0.5
Robert Covington,2023,48.0,779.0,14.2,0.584,15.6,1.7,0.7
Justise Winslow,2023,29.0,776.0,9.3,0.466,14.2,-2.8,-0.2
Mo Bamba,2023,49.0,769.0,15.7,0.602,16.6,0.5,0.5
Mo Bamba,2023,40.0,681.0,16.3,0.613,16.3,1.3,0.6
Mo Bamba,2023,9.0,88.0,11.4,0.518,19.1,-5.5,-0.1
Simone Fontecchio,2023,52.0,766.0,8.0,0.495,20.2,-5.2,-0.6
Miles McBride,2023,64.0,760.0,8.4,0.475,14.6,-2.3,-0.1
Paul Reed,2023,69.0,755.0,19.2,0.62,16.4,-0.1,0.4
John Wall,2023,34.0,755.0,13.6,0.498,27.0,-1.2,0.1
R.J. Hampton,2023,47.0,750.0,10.8,0.558,17.8,-2.9,-0.2
R.J. Hampton,2023,26.0,361.0,12.5,0.572,18.0,-1.2,0.1
R.J. Hampton,2023,21.0,389.0,9.3,0.546,17.6,-4.4,-0.2
Edmond Sumner,2023,53.0,736.0,14.0,0.597,22.1,-2.6,-0.1
Zeke Nnaji,2023,53.0,728.0,12.5,0.62,15.2,-3.7,-0.3
Jaden Hardy,2023,48.0,708.0,14.6,0.571,26.4,-2.3,0.0
Justin Holiday,2023,46.0,706.0,6.6,0.494,14.1,-3.9,-0.3
Justin Holiday,2023,28.0,411.0,6.1,0.504,14.0,-3.7,-0.2
Justin Holiday,2023,18.0,295.0,7.4,0.479,14.2,-4.1,-0.2
MarJon Beauchamp,2023,52.0,701.0,8.2,0.513,18.3,-4.8,-0.5
Aleksej Pokusevski,2023,34.0,701.0,13.4,0.522,18.3,0.0,0.3
Juan Toscano-Anderson,2023,52.0,700.0,7.2,0.505,11.3,-3.8,-0.3
Juan Toscano-Anderson,2023,30.0,365.0,7.5,0.558,10.4,-3.4,-0.1
Juan Toscano-Anderson,2023,22.0,335.0,6.9,0.457,12.2,-4.3,-0.2
Malachi Flynn,2023,53.0,691.0,8.7,0.479,17.4,-4.1,-0.4
Duncan Robinson,2023,42.0,691.0,7.8,0.534,17.9,-5.0,-0.5
Chimezie Metu,2023,66.0,689.0,17.3,0.639,17.6,-0.1,0.3
T.J. Warren,2023,42.0,687.0,13.5,0.55,19.5,-2.0,0.0
T.J. Warren,2023,26.0,490.0,14.3,0.576,20.9,-2.0,0.0
T.J. Warren,2023,16.0,197.0,11.6,0.473,16.0,-1.9,0.0
Garrison Mathews,2023,54.0,686.0,9.7,0.573,14.7,-2.4,-0.1
Garrison Mathews,2023,45.0,602.0,9.1,0.564,14.3,-2.5,-0.1
Garrison Mathews,2023,9.0,84.0,14.0,0.623,17.8,-1.7,0.0
Montrezl Harrell,2023,57.0,681.0,17.6,0.631,18.9,-1.3,0.1
Jordan McLaughlin,2023,43.0,678.0,11.8,0.526,11.7,-0.7,0.2
Jae'Sean Tate,2023,31.0,677.0,12.2,0.546,18.8,-3.5,-0.3
Blake Wesley,2023,37.0,669.0,3.5,0.393,18.5,-9.6,-1.3
Sandro Mamukelashvili,2023,43.0,660.0,13.4,0.516,18.2,-2.4,-0.1
Sandro Mamukelashvili,2023,24.0,217.0,8.5,0.432,14.5,-3.6,-0.1
Sandro Mamukelashvili,2023,19.0,443.0,15.9,0.545,20.1,-1.8,0.0
Eugene Omoruyi,2023,40.0,645.0,10.9,0.533,19.3,-4.4,-0.4
Eugene Omoruyi,2023,23.0,272.0,10.6,0.531,18.8,-4.9,-0.2
Eugene Omoruyi,2023,17.0,373.0,11.2,0.533,19.7,-4.1,-0.2
Payton Pritchard,2023,48.0,643.0,10.3,0.536,19.8,-3.4,-0.2
Amir Coffey,2023,50.0,625.0,7.0,0.498,13.5,-5.0,-0.5
Anthony Gill,2023,59.0,624.0,11.1,0.604,12.3,-3.3,-0.2
Jabari Walker,2023,56.0,619.0,9.6,0.496,17.3,-6.1,-0.6
Darius Bazley,2023,43.0,616.0,13.1,0.524,16.4,-1.0,0.2
Darius Bazley,2023,36.0,555.0,12.9,0.525,15.7,-1.0,0.1
Darius Bazley,2023,7.0,61.0,15.5,0.515,22.5,-0.4,0.0
Juancho Hernangómez,2023,42.0,614.0,7.6,0.504,9.4,-3.3,-0.2
Jaxson Hayes,2023,47.0,610.0,13.7,0.605,15.7,-1.2,0.1
Frank Ntilikina,2023,47.0,607.0,5.2,0.461,13.1,-6.7,-0.7
DeAndre Jordan,2023,39.0,586.0,14.7,0.731,13.7,-1.8,0.0
Blake Griffin,2023,41.0,569.0,13.1,0.59,12.7,0.1,0.3
Ousmane Dieng,2023,39.0,569.0,9.3,0.505,15.9,-3.6,-0.2
Kris Dunn,2023,22.0,568.0,19.1,0.606,20.2,2.4,0.6
Patty Mills,2023,40.0,567.0,10.6,0.554,19.7,-3.1,-0.2
Ricky Rubio,2023,33.0,566.0,10.4,0.442,17.7,-2.8,-0.1
Ziaire Williams,2023,37.0,561.0,7.4,0.511,18.0,-5.6,-0.5
Day'Ron Sharpe,2023,48.0,552.0,17.8,0.581,19.0,-2.3,0.0
Kai Jones,2023,46.0,550.0,10.8,0.597,12.4,-4.0,-0.3
Lindy Waters III,2023,41.0,531.0,11.8,0.573,15.5,0.1,0.3
Rodney McGruder,2023,32.0,524.0,10.7,0.566,14.0,-1.5,0.1
Chuma Okeke,2023,27.0,518.0,9.1,0.488,12.3,-1.6,0.1
James Bouknight,2023,34.0,515.0,6.2,0.463,19.5,-6.5,-0.6
Max Christie,2023,41.0,512.0,7.4,0.566,10.4,-3.1,-0.1
Charles Bassey,2023,35.0,508.0,18.8,0.658,15.6,0.7,0.3
Raul Neto,2023,48.0,505.0,12.6,0.628,13.2,-0.2,0.2
Dāvis Bertāns,2023,45.0,492.0,11.9,0.618,16.2,-1.2,0.1
Taj Gibson,2023,49.0,480.0,11.4,0.585,15.3,-3.2,-0.1
Javonte Green,2023,32.0,480.0,14.5,0.646,13.6,1.4,0.4
Damian Jones,2023,41.0,477.0,12.9,0.719,10.7,-1.7,0.0
Damian Jones,2023,22.0,176.0,13.8,0.6,13.2,-2.0,0.0
Damian Jones,2023,19.0,301.0,12.4,0.821,9.3,-1.5,0.0
Isaiah Roby,2023,42.0,474.0,9.3,0.497,17.8,-4.6,-0.3
Stanley Johnson,2023,30.0,469.0,13.5,0.625,15.2,-1.0,0.1
Svi Mykhailiuk,2023,32.0,468.0,14.0,0.584,19.3,-0.1,0.2
Svi Mykhailiuk,2023,13.0,40.0,15.8,0.739,17.4,4.1,0.1
Svi Mykhailiuk,2023,19.0,428.0,13.8,0.571,19.5,-0.5,0.2
Evan Fournier,2023,27.0,459.0,6.9,0.471,18.4,-4.0,-0.2
Willy Hernangómez,2023,38.0,458.0,20.7,0.61,23.8,0.3,0.3
Kevon Harris,2023,34.0,457.0,9.2,0.564,13.7,-3.6,-0.2
Goga Bitadze,2023,38.0,457.0,17.1,0.582,15.4,0.3,0.3
Goga Bitadze,2023,21.0,202.0,13.9,0.551,15.5,-1.1,0.0
Goga Bitadze,2023,17.0,255.0,19.7,0.606,15.3,1.3,0.2
Admiral Schofield,2023,37.0,451.0,10.1,0.587,14.1,-2.9,-0.1
TyTy Washington Jr.,2023,31.0,433.0,7.5,0.432,17.4,-6.3,-0.5
Dewayne Dedmon,2023,38.0,426.0,15.5,0.577,20.6,-1.6,0.0
Dewayne Dedmon,2023,30.0,350.0,15.6,0.576,21.2,-1.8,0.0
Dewayne Dedmon,2023,8.0,76.0,15.5,0.579,17.8,-0.7,0.0
Orlando Robinson,2023,31.0,425.0,13.4,0.565,12.4,-2.1,0.0
Johnny Davis,2023,28.0,423.0,7.2,0.446,20.5,-7.4,-0.6
Keon Johnson,2023,40.0,416.0,9.0,0.482,25.0,-5.4,-0.4
Jake LaRavia,2023,35.0,414.0,6.7,0.531,11.7,-3.5,-0.2
Dominick Barlow,2023,28.0,408.0,12.4,0.567,11.3,-4.6,-0.3
Bruno Fernando,2023,39.0,405.0,16.6,0.571,16.3,-2.0,0.0
Bruno Fernando,2023,31.0,364.0,16.1,0.561,15.1,-1.7,0.0
Bruno Fernando,2023,8.0,41.0,20.1,0.624,27.3,-5.0,0.0
Cade Cunningham,2023,12.0,400.0,14.0,0.492,30.0,-0.7,0.1
Ish Smith,2023,43.0,398.0,6.5,0.407,19.3,-6.6,-0.5
Duane Washington Jr.,2023,31.0,394.0,9.3,0.458,32.5,-4.6,-0.3
Kessler Edwards,2023,36.0,385.0,8.4,0.502,12.7,-3.9,-0.2
Kessler Edwards,2023,14.0,79.0,2.4,0.301,16.2,-9.7,-0.2
Kessler Edwards,2023,22.0,306.0,10.0,0.569,11.7,-2.5,0.0
Saben Lee,2023,25.0,373.0,13.1,0.517,19.5,-1.8,0.0
Saben Lee,2023,2.0,10.0,12.8,0.75,31.3,-4.3,0.0
Saben Lee,2023,23.0,363.0,13.1,0.51,19.1,-1.8,0.0
Gary Payton II,2023,22.0,367.0,13.3,0.701,10.3,0.3,0.2
Gary Payton II,2023,15.0,255.0,11.3,0.713,9.3,-0.6,0.1
Gary Payton II,2023,7.0,112.0,17.7,0.682,12.5,2.4,0.1
Udoka Azubuike,2023,36.0,359.0,16.1,0.774,11.5,-0.6,0.1
Gorgui Dieng,2023,31.0,358.0,9.9,0.493,17.9,-3.9,-0.2
JaVale McGee,2023,42.0,355.0,17.2,0.65,22.8,-3.7,-0.1
Markieff Morris,2023,35.0,355.0,10.4,0.553,17.2,-2.7,-0.1
Markieff Morris,2023,27.0,285.0,10.7,0.556,15.6,-1.9,0.0
Markieff Morris,2023,8.0,70.0,9.1,0.545,23.9,-5.8,-0.1
Furkan Korkmaz,2023,37.0,353.0,9.3,0.552,19.1,-4.4,-0.2
Richaun Holmes,2023,42.0,348.0,12.9,0.668,13.7,-2.9,-0.1
A.J. Green,2023,35.0,345.0,11.5,0.607,16.6,-0.9,0.1
Davon Reed,2023,43.0,342.0,6.2,0.471,14.5,-5.3,-0.3
Davon Reed,2023,35.0,315.0,5.2,0.456,15.0,-6.1,-0.3
Davon Reed,2023,8.0,27.0,16.7,0.694,9.0,4.3,0.0
Jae Crowder,2023,18.0,340.0,14.6,0.624,13.2,1.2,0.3
Derrick Rose,2023,27.0,338.0,10.1,0.463,23.6,-3.7,-0.1
McKinley Wright IV,2023,27.0,335.0,12.4,0.536,16.9,-2.7,-0.1
Theo Pinson,2023,40.0,323.0,10.1,0.512,14.7,-3.4,-0.1
Julian Champagnie,2023,17.0,320.0,13.4,0.6,19.2,-3.3,-0.1
Julian Champagnie,2023,2.0,7.0,-3.8,0.0,12.8,-13.5,0.0
Julian Champagnie,2023,15.0,313.0,13.8,0.609,19.3,-3.0,-0.1
Matt Ryan,2023,34.0,310.0,8.1,0.538,16.5,-3.4,-0.1
Matt Ryan,2023,12.0,129.0,4.6,0.459,17.7,-5.7,-0.1
Matt Ryan,2023,22.0,181.0,10.6,0.604,15.6,-1.7,0.0
Robin Lopez,2023,37.0,299.0,11.6,0.675,16.1,-3.0,-0.1
Moses Brown,2023,36.0,294.0,22.2,0.607,21.2,-0.6,0.1
Moses Brown,2023,34.0,288.0,22.7,0.607,21.5,-0.4,0.1
Moses Brown,2023,2.0,6.0,-2.6,,7.4,-9.9,0.0
Nathan Knight,2023,38.0,291.0,14.5,0.655,18.7,-3.2,-0.1
Kennedy Chandler,2023,36.0,281.0,10.6,0.44,15.8,-2.7,0.0
Dalano Banton,2023,31.0,279.0,14.9,0.505,24.2,-0.5,0.1
Trent Forrest,2023,23.0,277.0,6.1,0.424,11.6,-5.1,-0.2
Bryn Forbes,2023,25.0,268.0,6.2,0.497,16.2,-6.3,-0.3
Terry Taylor,2023,31.0,264.0,11.0,0.557,14.2,-4.1,-0.1
Terry Taylor,2023,26.0,228.0,8.8,0.507,14.2,-5.3,-0.2
Terry Taylor,2023,5.0,36.0,25.0,0.85,14.5,3.7,0.1
Jeff Dowtin Jr.,2023,25.0,259.0,9.9,0.5,10.9,-1.9,0.0
KZ Okpala,2023,35.0,248.0,6.2,0.554,8.4,-3.2,-0.1
Brandon Boston Jr.,2023,22.0,248.0,13.4,0.515,26.5,-2.2,0.0
Luka Garza,2023,28.0,243.0,23.0,0.652,26.9,-0.4,0.1
Jamal Cain,2023,18.0,240.0,16.5,0.647,15.1,0.8,0.2
Kira Lewis Jr.,2023,25.0,235.0,14.5,0.584,19.7,-0.3,0.1
Frank Kaminsky,2023,36.0,235.0,15.3,0.635,14.1,2.8,0.3
Frank Kaminsky,2023,26.0,176.0,14.9,0.72,13.9,2.6,0.2
Frank Kaminsky,2023,10.0,59.0,16.6,0.434,14.6,3.7,0.1
Johnny Juzang,2023,18.0,232.0,6.5,0.411,19.6,-6.5,-0.3
David Duke Jr.,2023,23.0,228.0,8.3,0.497,20.1,-7.3,-0.3
Patrick Baldwin Jr.,2023,31.0,226.0,11.3,0.546,22.8,-2.1,0.0
John Butler,2023,19.0,221.0,5.7,0.411,11.0,-6.2,-0.2
Cody Zeller,2023,15.0,217.0,16.4,0.659,18.1,-2.8,0.0
Dalen Terry,2023,38.0,214.0,14.1,0.523,18.4,0.0,0.1
Matthew Dellavedova,2023,32.0,213.0,6.7,0.443,12.7,-5.2,-0.2
Thanasis Antetokounmpo,2023,37.0,206.0,6.7,0.458,13.8,-7.6,-0.3
Nikola Jović,2023,15.0,204.0,10.6,0.53,19.0,-3.4,-0.1
Jared Rhoden,2023,14.0,198.0,6.5,0.482,10.7,-6.1,-0.2
Moussa Diabaté,2023,22.0,195.0,14.2,0.546,14.1,-2.8,0.0
Nerlens Noel,2023,17.0,195.0,7.9,0.424,12.0,-3.8,-0.1
Nerlens Noel,2023,14.0,152.0,10.0,0.465,11.9,-2.0,0.0
Nerlens Noel,2023,3.0,43.0,0.3,0.218,12.2,-10.3,-0.1
Skylar Mays,2023,6.0,189.0,19.4,0.624,19.3,0.0,0.1
Peyton Watson,2023,23.0,186.0,12.8,0.553,17.7,-2.8,0.0
Serge Ibaka,2023,16.0,185.0,9.8,0.553,16.1,-4.5,-0.1
Kenneth Lofton Jr.,2023,24.0,176.0,20.2,0.572,27.6,-0.4,0.1
Mamadi Diakite,2023,22.0,176.0,9.0,0.56,16.0,-3.4,-0.1
Ryan Arcidiacono,2023,20.0,172.0,2.7,0.351,11.1,-8.8,-0.3
Ryan Arcidiacono,2023,11.0,26.0,3.1,0.3,9.9,-5.1,0.0
Ryan Arcidiacono,2023,9.0,146.0,2.6,0.359,11.3,-9.4,-0.3
Boban Marjanović,2023,31.0,171.0,23.4,0.71,20.8,1.6,0.2
Noah Vonleh,2023,23.0,171.0,5.9,0.502,9.2,-6.3,-0.2
Vít Krejčí,2023,29.0,165.0,7.7,0.475,10.9,-3.6,-0.1
Garrett Temple,2023,25.0,162.0,10.5,0.535,13.4,-1.0,0.0
Khem Birch,2023,20.0,162.0,9.4,0.629,11.1,-3.5,-0.1
James Johnson,2023,18.0,162.0,8.4,0.486,15.7,-4.4,-0.1
Alex Len,2023,26.0,161.0,12.8,0.58,14.1,-4.0,-0.1
Luka Šamanić,2023,7.0,161.0,11.0,0.55,18.9,-2.1,0.0
Dru Smith,2023,15.0,158.0,11.4,0.475,13.8,-0.9,0.0
Dru Smith,2023,5.0,67.0,7.1,0.393,9.9,-3.1,0.0
Dru Smith,2023,10.0,91.0,14.6,0.511,16.7,0.7,0.1
Wendell Moore Jr.,2023,29.0,153.0,9.3,0.465,14.9,-2.4,0.0
Otto Porter Jr.,2023,8.0,146.0,14.0,0.656,11.0,0.7,0.1
Kemba Walker,2023,9.0,144.0,15.0,0.543,22.1,-0.3,0.1
Danny Green,2023,11.0,138.0,10.8,0.617,18.9,-1.9,0.0
Danny Green,2023,3.0,43.0,-0.2,0.409,13.5,-8.8,-0.1
Danny Green,2023,8.0,95.0,15.8,0.676,21.4,1.2,0.1
Jarrett Culver,2023,10.0,137.0,9.5,0.452,17.1,-4.2,-0.1
Quenton Jackson,2023,9.0,135.0,12.2,0.542,17.9,-5.1,-0.1
Cody Martin,2023,7.0,134.0,8.7,0.448,12.9,-4.6,-0.1
Nate Williams,2023,5.0,127.0,15.5,0.657,15.2,-3.0,0.0
Xavier Cooks,2023,10.0,126.0,14.3,0.586,13.9,-3.6,-0.1
Jason Preston,2023,14.0,124.0,10.3,0.489,18.3,-2.6,0.0
Jonathan Isaac,2023,11.0,124.0,20.3,0.483,21.1,4.0,0.2
Shaquille Harrison,2023,5.0,120.0,17.9,0.516,17.6,0.1,0.1
Meyers Leonard,2023,9.0,114.0,12.0,0.652,14.4,-5.0,-0.1
Olivier Sarr,2023,9.0,114.0,11.5,0.544,13.6,-4.9,-0.1
Andre Iguodala,2023,8.0,113.0,7.3,0.521,9.4,-2.5,0.0
Daniel Theis,2023,7.0,109.0,14.2,0.497,20.1,-1.4,0.0
A.J. Lawson,2023,15.0,108.0,13.9,0.589,21.1,-4.4,-0.1
A.J. Lawson,2023,1.0,2.0,34.4,1.0,21.4,5.2,0.0
A.J. Lawson,2023,14.0,106.0,13.5,0.58,21.1,-4.6,-0.1
Justin Jackson,2023,23.0,107.0,6.3,0.359,12.2,-2.6,0.0
Vince Williams Jr.,2023,15.0,105.0,3.9,0.367,18.1,-8.5,-0.2
Josh Minott,2023,15.0,96.0,17.9,0.582,18.9,-1.6,0.0
Jay Huff,2023,7.0,95.0,22.3,0.796,16.9,4.0,0.1
Greg Brown III,2023,16.0,93.0,5.8,0.421,18.4,-8.5,-0.2
Joshua Primo,2023,4.0,93.0,6.1,0.467,18.2,-6.3,-0.1
Buddy Boeheim,2023,10.0,90.0,0.5,0.287,13.2,-9.5,-0.2
Jaden Springer,2023,16.0,89.0,17.2,0.545,20.8,0.3,0.1
Justin Minaya,2023,4.0,89.0,4.0,0.363,13.4,-9.0,-0.2
Lindell Wigginton,2023,7.0,87.0,11.8,0.61,25.6,-6.7,-0.1
Isaiah Mobley,2023,12.0,84.0,14.1,0.521,16.4,-1.4,0.0
Jordan Hall,2023,9.0,83.0,5.5,0.438,19.4,-7.6,-0.1
Omer Yurtseven,2023,9.0,83.0,16.7,0.675,18.0,-3.9,0.0
PJ Dozier,2023,16.0,79.0,5.2,0.333,20.6,-7.8,-0.1
Jared Butler,2023,6.0,77.0,13.0,0.578,20.1,-2.6,0.0
Keon Ellis,2023,16.0,71.0,14.0,0.629,12.1,1.3,0.1
Udonis Haslem,2023,7.0,71.0,6.2,0.433,20.1,-12.1,-0.2
Jamaree Bouyea,2023,5.0,71.0,6.5,0.504,11.8,-4.2,0.0
Jamaree Bouyea,2023,4.0,65.0,7.8,0.54,12.2,-2.9,0.0
Jamaree Bouyea,2023,1.0,6.0,-6.9,0.0,7.2,-17.8,0.0
Trevelin Queen,2023,7.0,70.0,6.0,0.337,22.9,-7.2,-0.1
Leandro Bolmaro,2023,14.0,68.0,-5.0,0.15,16.6,-14.7,-0.2
Jack White,2023,17.0,66.0,12.6,0.517,14.7,-1.9,0.0
Tyrese Martin,2023,16.0,66.0,7.7,0.44,16.5,-7.4,-0.1
JD Davison,2023,12.0,66.0,10.1,0.478,15.8,-4.2,0.0
Ryan Rollins,2023,12.0,62.0,-1.4,0.508,26.1,-15.0,-0.2
Isaiah Todd,2023,6.0,61.0,-1.0,0.226,15.6,-14.2,-0.2
Sam Merrill,2023,5.0,59.0,15.5,0.546,17.3,1.2,0.0
Carlik Jones,2023,7.0,56.0,11.1,0.54,16.2,-2.5,0.0
Gabe York,2023,3.0,56.0,11.8,0.548,16.4,-3.5,0.0
Devon Dotson,2023,6.0,53.0,4.8,0.15,10.7,-5.3,0.0
Facundo Campazzo,2023,8.0,52.0,7.8,0.36,14.7,-1.2,0.0
Micah Potter,2023,7.0,52.0,18.6,0.8,13.7,3.5,0.1
Joe Wieskamp,2023,9.0,50.0,-0.4,0.321,12.8,-10.6,-0.1
Ron Harper Jr.,2023,9.0,48.0,15.7,0.608,14.6,1.2,0.0
Xavier Sneed,2023,4.0,48.0,9.5,0.723,12.9,-3.6,0.0
Michael Carter-Williams,2023,4.0,44.0,9.0,0.498,20.6,-6.3,0.0
Cole Swider,2023,7.0,41.0,7.4,0.5,9.3,-3.4,0.0
Mac McClung,2023,2.0,41.0,19.2,0.563,27.5,0.5,0.0
Jacob Gilyard,2023,1.0,41.0,7.3,0.5,5.1,-6.1,0.0
Kendall Brown,2023,6.0,40.0,9.1,0.571,10.4,-2.9,0.0
Jarrell Brantley,2023,4.0,39.0,18.5,0.739,18.1,3.5,0.1
Mfiondu Kabengele,2023,4.0,36.0,8.1,0.381,10.8,-8.9,-0.1
RaiQuan Gray,2023,1.0,35.0,15.5,0.621,21.4,-2.0,0.0
Justin Champagnie,2023,5.0,34.0,10.3,0.367,19.2,-7.9,-0.1
Justin Champagnie,2023,3.0,11.0,28.9,1.0,11.6,8.1,0.0
Justin Champagnie,2023,2.0,23.0,1.5,0.208,22.8,-15.5,-0.1
Tony Bradley,2023,12.0,33.0,21.7,0.69,19.8,4.9,0.1
Scotty Pippen Jr.,2023,6.0,32.0,9.6,0.439,23.7,-5.9,0.0
Alize Johnson,2023,4.0,30.0,4.3,0.509,15.0,-9.1,-0.1
Jay Scrubb,2023,2.0,30.0,14.2,0.825,15.6,-1.9,0.0
Neemias Queta,2023,5.0,29.0,17.0,0.607,16.1,-3.4,0.0
Louis King,2023,1.0,29.0,21.3,0.744,23.8,2.3,0.0
Vernon Carey Jr.,2023,11.0,28.0,10.8,0.338,16.9,-5.0,0.0
Trevor Hudgins,2023,5.0,28.0,4.2,0.436,16.8,-8.4,0.0
Kobi Simmons,2023,5.0,28.0,9.0,0.363,11.8,-0.9,0.0
Darius Days,2023,4.0,25.0,18.3,0.582,21.4,3.5,0.0
Sterling Brown,2023,4.0,24.0,7.0,0.0,7.0,-3.3,0.0
Chance Comanche,2023,1.0,21.0,12.2,0.518,14.0,-7.5,0.0
Marko Simonovic,2023,7.0,20.0,-0.1,0.381,17.4,-14.4,-0.1
Xavier Moon,2023,4.0,20.0,7.2,0.389,21.8,-5.1,0.0
Lester Quiñones,2023,4.0,18.0,8.6,0.654,29.4,-10.2,0.0
Dereon Seabron,2023,5.0,12.0,4.6,0.4,17.9,-11.3,0.0
Dylan Windler,2023,3.0,10.0,19.0,0.833,17.9,6.7,0.0
Malcolm Hill,2023,5.0,9.0,15.4,0.625,19.7,2.4,0.0
Braxton Key,2023,3.0,9.0,18.6,1.064,8.9,2.9,0.0
Tyler Dorsey,2023,3.0,8.0,45.5,0.9,28.3,17.8,0.0
Trevor Keels,2023,3.0,8.0,3.7,0.375,21.4,-13.0,0.0
Chima Moneke,2023,2.0,8.0,-3.5,0.347,26.2,-20.7,0.0
Deonte Burton,2023,2.0,6.0,-12.6,0.0,14.3,-24.2,0.0
Jordan Schakel,2023,2.0,6.0,24.3,0.75,14.5,17.0,0.0
Frank Jackson,2023,1.0,5.0,-6.8,0.0,25.1,-22.2,0.0
Alondes Williams,2023,1.0,5.0,-20.9,,17.7,-26.5,0.0
Donovan Williams,2023,2.0,4.0,14.5,0.4,52.5,-15.2,0.0
Chris Silva,2023,1.0,3.0,-2.2,1.0,30.1,-22.6,0.0
Stanley Umude,2023,1.0,2.0,65.6,0.532,40.0,48.6,0.0
Michael Foster Jr.,2023,1.0,1.0,0.0,,0.0,-9.2,0.0
League Average,2023,,,,0.581,19.9,,
DeMar DeRozan,2024,79.0,2989.0,19.7,0.584,25.8,1.8,2.8
Domantas Sabonis,2024,82.0,2928.0,23.2,0.637,22.2,6.5,6.2
Coby White,2024,79.0,2881.0,14.5,0.57,22.7,-0.7,0.9
Mikal Bridges,2024,82.0,2854.0,14.9,0.56,24.3,-0.4,1.2
Paolo Banchero,2024,80.0,2799.0,17.3,0.546,29.7,1.3,2.3
Kevin Durant,2024,75.0,2791.0,21.2,0.626,29.0,4.0,4.3
Dejounte Murray,2024,78.0,2783.0,17.7,0.555,26.6,1.7,2.6
Anthony Edwards,2024,79.0,2770.0,19.7,0.575,32.3,3.3,3.7
Nikola Jokić,2024,79.0,2737.0,31.0,0.65,29.3,13.2,10.6
Jalen Brunson,2024,77.0,2726.0,23.4,0.592,32.5,5.8,5.4
Josh Hart,2024,81.0,2707.0,11.8,0.522,13.5,0.0,1.4
Anthony Davis,2024,76.0,2700.0,25.8,0.621,26.7,5.1,4.9
Fred VanVleet,2024,73.0,2684.0,16.7,0.568,19.7,3.4,3.6
De'Aaron Fox,2024,74.0,2659.0,20.1,0.567,31.0,2.7,3.2
Pascal Siakam,2024,80.0,2657.0,19.7,0.601,25.3,1.9,2.7
Pascal Siakam,2024,39.0,1354.0,18.8,0.6,25.3,1.4,1.2
Pascal Siakam,2024,41.0,1303.0,20.7,0.602,25.2,2.5,1.5
Jayson Tatum,2024,74.0,2645.0,22.3,0.604,30.2,5.1,4.7
Austin Reaves,2024,82.0,2629.0,15.5,0.613,20.3,0.4,1.6
Tyrese Maxey,2024,70.0,2626.0,19.8,0.573,28.0,3.1,3.4
Luka Dončić,2024,70.0,2624.0,28.1,0.617,36.0,9.9,8.0
Nikola Vučević,2024,76.0,2610.0,17.7,0.54,23.3,0.1,1.4
Jalen Green,2024,82.0,2601.0,14.7,0.541,27.4,-0.5,1.0
Rudy Gobert,2024,76.0,2593.0,19.3,0.675,15.4,1.8,2.5
Keegan Murray,2024,77.0,2588.0,13.3,0.569,18.1,-0.9,0.8
Miles Bridges,2024,69.0,2581.0,15.4,0.556,24.7,-1.1,0.6
Damian Lillard,2024,73.0,2579.0,19.6,0.59,28.4,2.1,2.7
Giannis Antetokounmpo,2024,73.0,2567.0,29.9,0.649,33.0,9.0,7.2
Michael Porter Jr.,2024,81.0,2565.0,15.5,0.601,20.7,0.1,1.3
Shai Gilgeous-Alexander,2024,75.0,2553.0,29.3,0.636,32.8,9.0,7.1
Grayson Allen,2024,75.0,2513.0,13.8,0.679,14.5,1.3,2.0
LeBron James,2024,71.0,2504.0,23.7,0.63,29.2,6.5,5.4
Paul George,2024,74.0,2502.0,19.3,0.613,26.6,3.2,3.3
Dennis Schröder,2024,80.0,2486.0,13.3,0.55,20.3,-1.8,0.1
Dennis Schröder,2024,51.0,1559.0,13.9,0.559,19.4,-1.8,0.1
Dennis Schröder,2024,29.0,927.0,12.3,0.535,21.8,-1.9,0.0
D'Angelo Russell,2024,76.0,2484.0,16.0,0.588,23.0,0.9,1.8
James Harden,2024,72.0,2470.0,18.6,0.612,20.6,4.1,3.8
Devin Booker,2024,68.0,2447.0,21.9,0.611,29.8,3.0,3.1
Jarrett Allen,2024,77.0,2442.0,21.8,0.664,19.4,3.0,3.1
Jabari Smith Jr.,2024,76.0,2424.0,13.8,0.571,17.6,-0.4,1.0
Stephen Curry,2024,74.0,2421.0,20.6,0.616,31.3,5.2,4.4
Bam Adebayo,2024,71.0,2416.0,19.8,0.576,24.9,2.4,2.7
Chet Holmgren,2024,82.0,2413.0,20.4,0.632,21.6,3.4,3.3
Brook Lopez,2024,79.0,2411.0,14.8,0.608,16.0,1.0,1.8
Kentavious Caldwell-Pope,2024,76.0,2402.0,10.7,0.602,12.9,-1.4,0.4
Bogdan Bogdanović,2024,79.0,2401.0,14.7,0.569,22.3,0.2,1.4
Brandon Miller,2024,74.0,2383.0,13.0,0.552,23.9,-2.6,-0.3
Harrison Barnes,2024,82.0,2381.0,11.9,0.611,15.7,-1.8,0.1
Derrick White,2024,73.0,2381.0,16.9,0.611,18.6,3.8,3.5
Tobias Harris,2024,70.0,2368.0,16.5,0.576,20.7,0.9,1.7
Donte DiVincenzo,2024,81.0,2360.0,16.0,0.597,21.3,3.4,3.2
Jordan Poole,2024,78.0,2346.0,12.1,0.529,26.4,-3.9,-1.2
Jaylen Brown,2024,70.0,2343.0,18.6,0.58,28.9,0.7,1.6
Malik Beasley,2024,79.0,2337.0,10.3,0.603,14.6,-1.8,0.1
Franz Wagner,2024,72.0,2337.0,17.6,0.575,25.7,1.2,1.9
Kawhi Leonard,2024,68.0,2330.0,23.2,0.626,26.5,5.5,4.4
Herbert Jones,2024,76.0,2321.0,13.2,0.636,14.1,0.6,1.6
Aaron Gordon,2024,73.0,2297.0,16.8,0.607,17.8,1.3,1.9
Klay Thompson,2024,77.0,2284.0,13.9,0.576,24.2,-0.4,0.9
Kyle Kuzma,2024,70.0,2281.0,15.7,0.547,29.7,-1.1,0.5
Jrue Holiday,2024,69.0,2263.0,14.4,0.597,16.3,2.1,2.4
Deni Avdija,2024,75.0,2257.0,14.9,0.597,20.2,-0.9,0.6
Devin Vassell,2024,68.0,2248.0,15.7,0.578,23.5,0.0,1.1
Luguentz Dort,2024,79.0,2246.0,11.1,0.593,15.4,-1.6,0.2
Max Strus,2024,70.0,2239.0,11.7,0.553,17.4,-0.6,0.8
Dillon Brooks,2024,72.0,2227.0,9.4,0.549,17.6,-3.6,-0.9
Tyrese Haliburton,2024,69.0,2224.0,23.3,0.605,24.6,6.9,5.0
Jalen Williams,2024,71.0,2223.0,19.1,0.621,23.7,2.3,2.4
P.J. Washington,2024,73.0,2221.0,12.2,0.537,19.1,-2.1,-0.1
P.J. Washington,2024,44.0,1286.0,13.0,0.545,21.2,-2.8,-0.3
P.J. Washington,2024,29.0,935.0,11.0,0.522,16.3,-1.2,0.2
Jaden Ivey,2024,77.0,2217.0,12.4,0.536,24.9,-3.1,-0.6
Ayo Dosunmu,2024,76.0,2212.0,13.4,0.604,17.2,-0.8,0.7
Zion Williamson,2024,70.0,2207.0,22.8,0.61,29.7,3.8,3.3
Mike Conley,2024,76.0,2193.0,15.8,0.627,16.0,3.4,3.0
Jeremy Sochan,2024,74.0,2193.0,11.4,0.513,18.8,-3.4,-0.8
Buddy Hield,2024,84.0,2160.0,13.3,0.578,19.2,0.4,1.3
Buddy Hield,2024,52.0,1336.0,13.1,0.586,18.6,0.2,0.7
Buddy Hield,2024,32.0,824.0,13.6,0.566,20.2,0.8,0.6
CJ McCollum,2024,66.0,2159.0,17.9,0.592,24.7,3.1,2.8
Spencer Dinwiddie,2024,76.0,2152.0,11.7,0.543,16.6,-1.9,0.1
Spencer Dinwiddie,2024,48.0,1474.0,13.5,0.53,18.6,-1.3,0.3
Spencer Dinwiddie,2024,28.0,678.0,8.0,0.586,12.2,-3.2,-0.2
Tre Jones,2024,77.0,2138.0,14.7,0.591,15.2,-0.4,0.9
Grant Williams,2024,76.0,2130.0,10.6,0.588,15.9,-2.6,-0.3
Grant Williams,2024,47.0,1242.0,8.3,0.56,13.6,-3.4,-0.4
Grant Williams,2024,29.0,888.0,13.9,0.618,19.0,-1.5,0.1
Jaren Jackson Jr.,2024,66.0,2124.0,17.4,0.552,30.4,0.4,1.3
Tim Hardaway Jr.,2024,79.0,2120.0,12.1,0.542,22.6,-2.9,-0.5
Nic Claxton,2024,71.0,2116.0,18.7,0.629,15.6,1.2,1.7
Jaime Jaquez Jr.,2024,75.0,2113.0,12.9,0.574,18.7,-1.9,0.1
Taurean Prince,2024,78.0,2108.0,8.8,0.579,13.8,-2.8,-0.4
Victor Wembanyama,2024,71.0,2106.0,23.1,0.565,32.2,5.2,3.8
Jaden McDaniels,2024,72.0,2105.0,9.4,0.571,15.7,-2.6,-0.3
Brandon Ingram,2024,64.0,2103.0,18.2,0.578,27.2,1.2,1.7
Scottie Barnes,2024,60.0,2094.0,19.5,0.566,24.8,3.7,3.0
Jusuf Nurkić,2024,76.0,2078.0,17.4,0.559,19.1,1.1,1.6
Myles Turner,2024,77.0,2076.0,19.3,0.626,23.4,0.9,1.5
Collin Sexton,2024,78.0,2075.0,19.9,0.607,27.5,1.9,2.0
Cam Thomas,2024,66.0,2075.0,16.1,0.554,30.5,-1.2,0.4
Cade Cunningham,2024,62.0,2074.0,17.1,0.546,30.8,0.3,1.2
Corey Kispert,2024,80.0,2067.0,12.8,0.62,19.6,-2.1,-0.1
Saddiq Bey,2024,63.0,2062.0,13.1,0.549,17.0,-1.8,0.1
Kelly Oubre Jr.,2024,68.0,2055.0,13.5,0.535,22.4,-2.3,-0.1
Alperen Şengün,2024,63.0,2046.0,22.0,0.585,27.0,4.9,3.5
Jimmy Butler,2024,60.0,2042.0,22.0,0.626,24.0,4.6,3.4
Alex Caruso,2024,71.0,2040.0,14.5,0.613,14.7,2.5,2.3
Terry Rozier,2024,61.0,2040.0,17.3,0.555,25.9,1.5,1.8
Terry Rozier,2024,30.0,1065.0,19.2,0.574,27.8,2.3,1.1
Terry Rozier,2024,31.0,975.0,15.1,0.531,23.8,0.7,0.7
Keldon Johnson,2024,69.0,2038.0,14.2,0.565,21.9,-1.7,0.2
Kyrie Irving,2024,58.0,2030.0,21.9,0.608,28.1,4.9,3.6
Karl-Anthony Towns,2024,62.0,2026.0,18.8,0.625,27.4,2.5,2.3
Jalen Suggs,2024,75.0,2025.0,14.1,0.602,19.7,1.0,1.5
Keyonte George,2024,75.0,2023.0,10.4,0.533,22.8,-4.4,-1.2
Josh Giddey,2024,80.0,2011.0,16.6,0.547,23.1,1.5,1.8
Bobby Portis,2024,82.0,2008.0,17.5,0.581,22.9,-0.8,0.6
Aaron Nesmith,2024,72.0,1995.0,12.8,0.631,16.0,-0.5,0.8
Gary Trent Jr.,2024,71.0,1994.0,12.0,0.548,20.0,-2.6,-0.3
Norman Powell,2024,76.0,1990.0,13.9,0.626,20.0,-0.8,0.6
Immanuel Quickley,2024,68.0,1985.0,16.7,0.577,23.8,1.3,1.7
Immanuel Quickley,2024,30.0,720.0,17.1,0.598,24.4,2.5,0.8
Immanuel Quickley,2024,38.0,1265.0,16.5,0.564,23.5,0.6,0.8
Brandin Podziemski,2024,74.0,1968.0,13.0,0.54,15.4,-0.1,0.9
Naz Reid,2024,81.0,1964.0,16.0,0.595,23.1,1.5,1.7
Caris LeVert,2024,68.0,1958.0,14.6,0.524,23.1,0.2,1.1
Royce O'Neale,2024,79.0,1954.0,11.1,0.548,13.9,0.0,1.0
Royce O'Neale,2024,49.0,1202.0,10.4,0.544,13.9,-0.7,0.4
Royce O'Neale,2024,30.0,752.0,12.3,0.555,13.9,1.3,0.6
Jonathan Kuminga,2024,74.0,1949.0,17.0,0.598,24.1,-0.4,0.8
Donovan Mitchell,2024,55.0,1942.0,22.1,0.595,31.4,5.8,3.9
Trae Young,2024,54.0,1942.0,20.3,0.585,30.5,2.6,2.2
Dorian Finney-Smith,2024,68.0,1934.0,10.1,0.546,13.2,-2.0,0.0
Tyus Jones,2024,66.0,1933.0,16.5,0.578,16.3,0.7,1.3
Jonas Valančiūnas,2024,82.0,1925.0,19.8,0.619,20.8,1.2,1.6
Nickeil Alexander-Walker,2024,82.0,1921.0,10.9,0.578,14.8,0.2,1.1
Andrew Wiggins,2024,71.0,1920.0,12.7,0.544,20.9,-2.5,-0.3
Duncan Robinson,2024,68.0,1905.0,12.2,0.612,19.0,-0.9,0.6
John Collins,2024,68.0,1901.0,17.5,0.621,20.4,-0.9,0.5
Darius Garland,2024,57.0,1901.0,14.5,0.56,25.3,-1.0,0.5
Isaiah Hartenstein,2024,75.0,1896.0,18.9,0.67,12.0,3.5,2.6
Eric Gordon,2024,68.0,1893.0,10.8,0.58,16.5,-1.7,0.1
Jalen Johnson,2024,56.0,1889.0,16.3,0.584,19.1,1.2,1.5
Isaac Okoro,2024,69.0,1887.0,11.4,0.599,13.9,-1.1,0.4
Clint Capela,2024,73.0,1883.0,20.7,0.59,17.3,0.1,1.0
Terance Mann,2024,75.0,1873.0,12.0,0.615,13.6,-1.5,0.2
Malik Monk,2024,72.0,1872.0,16.0,0.564,25.9,0.6,1.2
Bruce Brown,2024,67.0,1866.0,11.6,0.563,16.5,-3.3,-0.6
Bruce Brown,2024,33.0,981.0,12.2,0.568,16.7,-2.3,-0.1
Bruce Brown,2024,34.0,885.0,10.9,0.557,16.4,-4.5,-0.5
Jamal Murray,2024,59.0,1861.0,20.7,0.586,27.9,4.1,2.9
RJ Barrett,2024,58.0,1838.0,16.4,0.58,26.5,-0.8,0.6
RJ Barrett,2024,26.0,766.0,14.3,0.536,27.6,-2.0,0.0
RJ Barrett,2024,32.0,1072.0,17.8,0.615,25.7,0.1,0.6
Georges Niang,2024,82.0,1831.0,9.9,0.583,17.6,-2.9,-0.4
Jerami Grant,2024,54.0,1830.0,15.4,0.573,25.7,-0.1,0.9
Rui Hachimura,2024,68.0,1826.0,15.0,0.628,18.5,-0.9,0.5
Payton Pritchard,2024,82.0,1825.0,15.3,0.597,17.2,1.0,1.4
Lauri Markkanen,2024,55.0,1820.0,21.5,0.631,25.0,3.6,2.6
Reggie Jackson,2024,82.0,1817.0,11.7,0.521,21.7,-3.2,-0.6
Cole Anthony,2024,81.0,1817.0,14.6,0.545,23.7,0.1,1.0
Daniel Gafford,2024,74.0,1815.0,21.7,0.731,14.7,2.6,2.1
Daniel Gafford,2024,45.0,1192.0,19.9,0.707,13.9,0.9,0.9
Daniel Gafford,2024,29.0,623.0,25.0,0.769,16.4,5.9,1.3
Ivica Zubac,2024,68.0,1794.0,19.3,0.671,16.4,0.8,1.3
Deandre Ayton,2024,55.0,1784.0,18.9,0.587,21.1,0.3,1.0
Derrick Jones Jr.,2024,76.0,1783.0,11.7,0.592,14.9,-1.5,0.2
Kyle Anderson,2024,79.0,1782.0,12.7,0.513,14.5,1.1,1.4
Jalen Duren,2024,61.0,1777.0,18.7,0.653,18.5,-0.1,0.9
Bradley Beal,2024,53.0,1767.0,16.3,0.607,22.7,0.4,1.1
Scoot Henderson,2024,62.0,1765.0,9.5,0.489,26.5,-5.8,-1.7
Nick Richards,2024,67.0,1759.0,16.7,0.717,13.3,-2.3,-0.1
Kelly Olynyk,2024,78.0,1759.0,17.4,0.661,17.5,1.8,1.7
Kelly Olynyk,2024,50.0,1019.0,17.3,0.677,15.6,2.6,1.2
Kelly Olynyk,2024,28.0,740.0,17.4,0.644,20.0,0.7,0.5
Caleb Martin,2024,64.0,1756.0,10.8,0.531,17.3,-2.0,0.0
Sam Hauser,2024,79.0,1741.0,13.0,0.629,15.0,1.2,1.4
Al Horford,2024,65.0,1740.0,15.0,0.65,12.0,3.6,2.5
Toumani Camara,2024,70.0,1739.0,10.6,0.547,13.8,-3.1,-0.5
Obi Toppin,2024,82.0,1730.0,16.5,0.677,16.8,1.5,1.5
Bilal Coulibaly,2024,63.0,1715.0,8.9,0.543,14.2,-4.2,-0.9
OG Anunoby,2024,50.0,1702.0,12.8,0.595,17.6,-0.6,0.6
OG Anunoby,2024,27.0,900.0,12.6,0.598,18.2,-1.6,0.1
OG Anunoby,2024,23.0,802.0,13.0,0.591,16.8,0.6,0.5
Jabari Walker,2024,72.0,1700.0,13.0,0.546,16.3,-3.3,-0.6
Andrew Nembhard,2024,68.0,1697.0,11.3,0.573,16.0,-2.2,-0.1
Cason Wallace,2024,82.0,1692.0,12.0,0.612,12.9,0.1,0.9
Trey Murphy III,2024,57.0,1690.0,16.3,0.612,18.6,2.5,1.9
Kristaps Porziņģis,2024,57.0,1690.0,23.2,0.647,25.1,5.1,3.0
Kyle Lowry,2024,60.0,1690.0,10.9,0.594,12.9,-1.0,0.4
Kyle Lowry,2024,37.0,1037.0,10.9,0.582,13.5,-0.8,0.3
Kyle Lowry,2024,23.0,653.0,11.0,0.615,12.0,-1.3,0.1
Jordan Clarkson,2024,55.0,1682.0,12.7,0.521,26.1,-4.5,-1.1
De'Andre Hunter,2024,57.0,1681.0,12.7,0.595,20.6,-2.4,-0.2
Pat Connaughton,2024,76.0,1676.0,9.6,0.574,10.9,-1.6,0.2
Christian Braun,2024,82.0,1655.0,12.1,0.554,15.7,-1.9,0.0
Simone Fontecchio,2024,66.0,1644.0,12.1,0.6,16.5,-1.0,0.4
Simone Fontecchio,2024,50.0,1160.0,11.2,0.592,15.4,-1.6,0.1
Simone Fontecchio,2024,16.0,484.0,14.4,0.613,19.2,0.6,0.3
Ochai Agbaji,2024,78.0,1641.0,7.7,0.497,13.4,-4.4,-1.0
Ochai Agbaji,2024,51.0,1003.0,8.1,0.531,12.2,-3.0,-0.3
Ochai Agbaji,2024,27.0,638.0,7.1,0.453,15.4,-6.5,-0.7
Julius Randle,2024,46.0,1630.0,18.9,0.569,29.9,1.9,1.6
Precious Achiuwa,2024,74.0,1624.0,14.6,0.545,15.9,-1.4,0.2
Precious Achiuwa,2024,25.0,437.0,15.0,0.512,21.2,-1.6,0.0
Precious Achiuwa,2024,49.0,1187.0,14.5,0.564,14.0,-1.4,0.2
Santi Aldama,2024,61.0,1618.0,13.1,0.539,17.9,-0.2,0.7
Cameron Johnson,2024,58.0,1599.0,14.5,0.582,19.6,0.4,1.0
Malaki Branham,2024,75.0,1594.0,8.7,0.526,19.8,-5.6,-1.5
Paul Reed,2024,82.0,1590.0,17.4,0.58,15.9,0.4,0.9
Ausar Thompson,2024,63.0,1583.0,12.8,0.522,16.6,-2.2,-0.1
Anfernee Simons,2024,46.0,1582.0,15.9,0.568,28.0,0.2,0.8
Kevin Huerter,2024,64.0,1562.0,12.4,0.564,17.3,-0.8,0.5
Bennedict Mathurin,2024,59.0,1538.0,13.0,0.562,23.4,-3.4,-0.6
Evan Mobley,2024,50.0,1532.0,20.1,0.626,20.6,2.9,1.9
Chris Paul,2024,58.0,1531.0,14.7,0.544,15.6,1.0,1.2
Russell Westbrook,2024,68.0,1529.0,16.2,0.514,25.2,0.5,1.0
Nicolas Batum,2024,60.0,1529.0,10.2,0.603,8.6,-0.4,0.6
Nicolas Batum,2024,3.0,54.0,9.8,0.5,7.3,2.8,0.1
Nicolas Batum,2024,57.0,1475.0,10.3,0.606,8.7,-0.5,0.5
Zach Collins,2024,69.0,1526.0,14.3,0.565,22.7,-2.0,0.0
Josh Green,2024,57.0,1505.0,9.9,0.588,13.1,-2.7,-0.3
Walker Kessler,2024,64.0,1493.0,18.0,0.663,12.8,0.9,1.1
Draymond Green,2024,55.0,1490.0,14.5,0.587,15.3,2.4,1.6
Peyton Watson,2024,80.0,1488.0,11.8,0.539,16.2,-2.2,-0.1
Matisse Thybulle,2024,65.0,1487.0,10.4,0.537,10.6,0.6,0.9
Khris Middleton,2024,55.0,1487.0,17.0,0.595,23.9,1.1,1.2
Bojan Bogdanović,2024,57.0,1478.0,12.6,0.581,24.6,-3.2,-0.4
Bojan Bogdanović,2024,28.0,921.0,14.1,0.6,24.7,-2.1,0.0
Bojan Bogdanović,2024,29.0,557.0,10.1,0.549,24.3,-4.9,-0.4
Julian Champagnie,2024,74.0,1468.0,10.6,0.57,14.4,-1.9,0.0
Patrick Beverley,2024,73.0,1462.0,11.6,0.539,14.3,-1.1,0.3
Patrick Beverley,2024,47.0,919.0,11.7,0.547,14.9,-1.5,0.1
Patrick Beverley,2024,26.0,543.0,11.4,0.524,13.2,-0.4,0.2
Amir Coffey,2024,70.0,1460.0,10.0,0.604,12.5,-2.2,-0.1
Isaiah Joe,2024,78.0,1445.0,13.4,0.626,16.6,0.9,1.0
Desmond Bane,2024,42.0,1443.0,18.5,0.589,28.5,2.8,1.7
Vince Williams Jr.,2024,52.0,1436.0,12.8,0.597,15.8,-0.7,0.5
Isaiah Stewart,2024,46.0,1423.0,11.3,0.6,14.5,-2.3,-0.1
Moritz Wagner,2024,80.0,1415.0,20.6,0.676,22.8,2.0,1.4
Tyler Herro,2024,42.0,1407.0,15.7,0.558,27.8,0.8,1.0
Wendell Carter Jr.,2024,55.0,1406.0,15.9,0.623,17.2,0.9,1.0
Onyeka Okongwu,2024,55.0,1405.0,16.9,0.674,13.7,-0.4,0.5
Amen Thompson,2024,62.0,1388.0,18.2,0.576,18.5,1.8,1.3
Haywood Highsmith,2024,66.0,1366.0,11.1,0.587,12.4,-0.7,0.5
Dyson Daniels,2024,61.0,1358.0,12.0,0.529,12.6,0.6,0.9
Andre Drummond,2024,79.0,1351.0,23.0,0.576,21.3,0.1,0.7
Marcus Sasser,2024,71.0,1351.0,11.8,0.542,19.9,-2.6,-0.2
Kris Murray,2024,62.0,1348.0,9.0,0.481,14.1,-3.6,-0.6
Miles McBride,2024,68.0,1328.0,13.1,0.59,16.4,-0.1,0.6
Jakob Poeltl,2024,50.0,1319.0,18.9,0.653,16.2,0.7,0.9
Joel Embiid,2024,39.0,1309.0,34.1,0.644,39.6,11.6,4.5
Jeff Green,2024,78.0,1307.0,11.3,0.59,15.5,-2.1,0.0
Cameron Payne,2024,78.0,1304.0,12.8,0.566,19.1,-1.1,0.3
Cameron Payne,2024,47.0,702.0,12.6,0.603,16.7,-1.5,0.1
Cameron Payne,2024,31.0,602.0,13.0,0.533,21.8,-0.7,0.2
Gary Harris,2024,54.0,1297.0,9.4,0.587,11.7,-1.2,0.3
Dereck Lively II,2024,55.0,1294.0,18.1,0.728,12.6,0.5,0.8
T.J. McConnell,2024,71.0,1291.0,20.9,0.586,23.7,3.0,1.6
Aaron Holiday,2024,78.0,1269.0,11.5,0.578,16.7,-1.5,0.2
Cedi Osman,2024,72.0,1269.0,11.2,0.601,15.1,-2.1,0.0
Gradey Dick,2024,60.0,1268.0,8.9,0.546,17.4,-5.4,-1.1
Naji Marshall,2024,66.0,1257.0,12.7,0.576,16.3,-0.7,0.4
Kris Dunn,2024,66.0,1249.0,12.8,0.546,13.6,-0.1,0.6
Gordon Hayward,2024,51.0,1245.0,12.8,0.548,18.4,-2.1,0.0
Gordon Hayward,2024,25.0,798.0,14.2,0.544,21.2,-1.8,0.0
Gordon Hayward,2024,26.0,447.0,10.3,0.56,13.4,-2.6,-0.1
GG Jackson II,2024,48.0,1233.0,13.7,0.554,24.2,-2.0,0.0
Aaron Wiggins,2024,78.0,1228.0,15.6,0.664,16.4,0.7,0.8
Larry Nance Jr.,2024,61.0,1216.0,14.9,0.653,11.3,2.0,1.2
Duop Reath,2024,68.0,1214.0,15.1,0.571,20.7,-0.9,0.3
Alec Burks,2024,66.0,1212.0,12.9,0.536,24.4,-2.3,-0.1
Alec Burks,2024,43.0,901.0,15.1,0.581,23.5,-0.4,0.4
Alec Burks,2024,23.0,311.0,6.5,0.42,26.9,-7.8,-0.5
Kevon Looney,2024,74.0,1195.0,15.1,0.62,11.3,0.6,0.8
David Roddy,2024,65.0,1177.0,8.7,0.484,18.1,-5.0,-0.9
David Roddy,2024,48.0,1114.0,8.7,0.485,18.1,-5.0,-0.8
David Roddy,2024,17.0,63.0,7.9,0.469,18.2,-5.8,-0.1
Vasilije Micić,2024,60.0,1176.0,10.7,0.524,18.8,-4.6,-0.8
Vasilije Micić,2024,30.0,361.0,8.0,0.498,15.4,-5.3,-0.3
Vasilije Micić,2024,30.0,815.0,11.9,0.532,20.3,-4.4,-0.5
Patrick Williams,2024,43.0,1174.0,11.0,0.553,16.6,-2.3,-0.1
John Konchar,2024,55.0,1173.0,11.4,0.537,9.7,-0.4,0.5
Drew Eubanks,2024,75.0,1169.0,14.4,0.645,13.2,-1.2,0.2
Joe Ingles,2024,68.0,1169.0,10.6,0.612,11.6,-0.5,0.5
Anthony Black,2024,69.0,1164.0,8.4,0.56,12.7,-3.0,-0.3
Jordan Hawkins,2024,67.0,1160.0,10.2,0.533,19.9,-3.1,-0.3
Trey Lyles,2024,58.0,1158.0,11.9,0.596,14.4,-1.1,0.3
Moses Moody,2024,66.0,1156.0,13.7,0.578,18.4,-0.1,0.6
Jae Crowder,2024,50.0,1156.0,8.9,0.546,11.5,-2.6,-0.2
Trayce Jackson-Davis,2024,68.0,1130.0,21.6,0.692,16.4,2.8,1.4
Malcolm Brogdon,2024,39.0,1121.0,17.0,0.56,23.0,2.0,1.1
Dean Wade,2024,54.0,1108.0,10.2,0.598,10.5,0.1,0.6
Josh Richardson,2024,43.0,1103.0,11.4,0.573,16.5,-1.3,0.2
Davion Mitchell,2024,72.0,1101.0,9.3,0.555,14.9,-3.4,-0.4
Dario Šarić,2024,64.0,1098.0,15.3,0.6,19.5,1.0,0.9
James Wiseman,2024,63.0,1091.0,14.8,0.637,16.3,-3.5,-0.4
Danté Exum,2024,55.0,1088.0,13.7,0.645,15.0,-0.6,0.4
Sam Merrill,2024,61.0,1069.0,13.1,0.598,17.5,0.5,0.7
Dennis Smith Jr.,2024,56.0,1059.0,13.4,0.508,17.7,-0.8,0.3
Shaedon Sharpe,2024,32.0,1059.0,11.4,0.524,22.4,-2.8,-0.2
Jordan Goodwin,2024,57.0,1055.0,12.6,0.451,19.0,-1.0,0.3
Jordan Goodwin,2024,40.0,558.0,12.5,0.481,18.2,-0.9,0.2
Jordan Goodwin,2024,17.0,497.0,12.7,0.42,19.8,-1.2,0.1
Marvin Bagley III,2024,50.0,1053.0,19.4,0.629,21.0,-0.4,0.4
Marvin Bagley III,2024,26.0,478.0,18.2,0.638,21.1,-1.2,0.1
Marvin Bagley III,2024,24.0,575.0,20.5,0.622,20.9,0.3,0.3
Torrey Craig,2024,53.0,1049.0,10.8,0.568,12.5,-2.0,0.0
Jalen Smith,2024,61.0,1047.0,20.7,0.682,19.4,2.4,1.2
Dalano Banton,2024,54.0,1047.0,13.3,0.504,25.7,-1.3,0.2
Dalano Banton,2024,24.0,171.0,9.9,0.468,17.8,-4.1,-0.1
Dalano Banton,2024,30.0,876.0,14.0,0.508,27.2,-0.8,0.3
Ziaire Williams,2024,51.0,1038.0,9.3,0.511,19.7,-4.5,-0.6
Jae'Sean Tate,2024,65.0,1031.0,9.3,0.538,11.7,-2.3,-0.1
Kenrich Williams,2024,69.0,1029.0,11.9,0.568,13.4,-0.8,0.3
Jose Alvarado,2024,56.0,1028.0,12.5,0.54,17.3,-0.1,0.5
Quentin Grimes,2024,51.0,1025.0,8.9,0.516,15.8,-2.2,-0.1
Quentin Grimes,2024,45.0,910.0,9.5,0.543,15.3,-1.5,0.1
Quentin Grimes,2024,6.0,115.0,3.9,0.342,20.0,-8.1,-0.2
De'Anthony Melton,2024,38.0,1023.0,13.4,0.533,18.3,0.5,0.7
Daniel Theis,2024,60.0,1015.0,14.4,0.597,15.4,-1.6,0.1
Daniel Theis,2024,1.0,8.0,-6.9,0.25,21.0,-20.5,0.0
Daniel Theis,2024,59.0,1007.0,14.5,0.601,15.4,-1.5,0.1
Lonnie Walker IV,2024,58.0,1011.0,13.1,0.545,24.4,-1.4,0.2
Talen Horton-Tucker,2024,51.0,1009.0,13.4,0.503,24.0,-1.2,0.2
Killian Hayes,2024,42.0,1008.0,10.5,0.474,15.1,-2.7,-0.2
Jevon Carter,2024,72.0,1004.0,8.5,0.485,17.7,-4.0,-0.5
Luke Kennard,2024,39.0,999.0,13.1,0.641,16.7,-0.3,0.4
Garrison Mathews,2024,66.0,992.0,8.9,0.665,11.1,-3.0,-0.2
Jaden Hardy,2024,73.0,989.0,11.2,0.517,24.9,-4.1,-0.5
Tre Mann,2024,41.0,987.0,13.7,0.559,18.2,-1.3,0.2
Tre Mann,2024,13.0,119.0,14.2,0.606,18.0,0.1,0.1
Tre Mann,2024,28.0,868.0,13.7,0.552,18.2,-1.5,0.1
Cam Reddish,2024,48.0,984.0,7.7,0.504,12.7,-3.2,-0.3
Luke Kornet,2024,63.0,983.0,19.8,0.736,11.0,3.4,1.3
Keon Ellis,2024,57.0,978.0,12.0,0.627,12.4,1.2,0.8
Xavier Tillman Sr.,2024,54.0,974.0,12.2,0.472,14.8,-1.2,0.2
Xavier Tillman Sr.,2024,34.0,700.0,11.8,0.44,16.0,-1.7,0.1
Xavier Tillman Sr.,2024,20.0,274.0,13.3,0.579,11.8,0.0,0.1
Josh Okogie,2024,60.0,960.0,12.0,0.552,13.0,-0.5,0.4
Goga Bitadze,2024,62.0,957.0,17.8,0.629,13.3,2.1,1.0
Max Christie,2024,67.0,944.0,8.4,0.544,13.6,-3.6,-0.4
Kevin Love,2024,55.0,924.0,18.5,0.597,21.9,3.6,1.3
Day'Ron Sharpe,2024,61.0,921.0,20.0,0.596,19.7,0.0,0.5
Jonathan Isaac,2024,58.0,914.0,19.2,0.61,16.7,3.8,1.4
Markelle Fultz,2024,43.0,910.0,12.6,0.492,18.8,-1.4,0.1
Doug McDermott,2024,64.0,904.0,9.1,0.6,14.9,-3.4,-0.3
Doug McDermott,2024,46.0,700.0,9.5,0.62,14.9,-2.9,-0.2
Doug McDermott,2024,18.0,204.0,7.7,0.537,15.2,-5.1,-0.2
Jaylin Williams,2024,69.0,897.0,12.7,0.561,13.5,1.1,0.7
Nikola Jović,2024,46.0,896.0,12.8,0.583,17.1,0.3,0.5
Bryce McGowens,2024,59.0,882.0,9.3,0.565,14.9,-4.9,-0.6
Cam Whitmore,2024,47.0,880.0,16.6,0.561,27.1,0.1,0.5
Jaxson Hayes,2024,70.0,877.0,14.0,0.718,12.5,-1.9,0.0
Blake Wesley,2024,61.0,876.0,10.1,0.537,14.7,-4.0,-0.4
Malachi Flynn,2024,69.0,876.0,11.9,0.533,20.4,-2.2,0.0
Malachi Flynn,2024,31.0,474.0,10.1,0.535,16.2,-2.7,-0.1
Malachi Flynn,2024,14.0,60.0,12.5,0.557,22.2,-2.6,0.0
Malachi Flynn,2024,24.0,342.0,14.4,0.528,26.0,-1.3,0.1
Christian Wood,2024,50.0,872.0,12.3,0.568,17.6,-2.8,-0.2
Zach LaVine,2024,25.0,872.0,15.1,0.578,23.8,0.1,0.5
Maxi Kleber,2024,43.0,871.0,8.8,0.573,9.6,-1.3,0.2
Justin Holiday,2024,58.0,862.0,9.7,0.598,10.6,-1.6,0.1
Chimezie Metu,2024,51.0,859.0,13.3,0.61,16.2,-1.3,0.2
Chimezie Metu,2024,37.0,448.0,13.9,0.621,17.0,-1.3,0.1
Chimezie Metu,2024,14.0,411.0,12.6,0.596,15.4,-1.3,0.1
Trendon Watford,2024,63.0,856.0,15.7,0.611,21.1,-0.5,0.3
Taylor Hendricks,2024,40.0,856.0,11.8,0.578,13.7,-1.6,0.1
Dwight Powell,2024,63.0,836.0,14.5,0.716,9.1,-0.3,0.4
Troy Brown Jr.,2024,59.0,827.0,8.8,0.51,14.3,-2.6,-0.1
Troy Brown Jr.,2024,37.0,410.0,11.6,0.603,15.7,0.4,0.2
Troy Brown Jr.,2024,22.0,417.0,5.9,0.406,12.9,-5.5,-0.4
Marcus Morris,2024,49.0,817.0,9.9,0.558,16.6,-3.8,-0.4
Marcus Morris,2024,37.0,637.0,10.5,0.559,16.3,-3.4,-0.2
Marcus Morris,2024,12.0,180.0,8.0,0.552,18.0,-5.1,-0.1
Caleb Houstan,2024,59.0,815.0,8.3,0.582,12.5,-1.9,0.0
Ben Sheppard,2024,57.0,814.0,8.1,0.524,13.2,-3.4,-0.3
Jake LaRavia,2024,35.0,806.0,12.6,0.54,21.1,-2.5,-0.1
Bismack Biyombo,2024,40.0,791.0,9.9,0.562,10.7,-3.4,-0.3
Bismack Biyombo,2024,30.0,718.0,10.0,0.56,10.6,-3.2,-0.2
Bismack Biyombo,2024,10.0,73.0,8.9,0.58,11.6,-5.2,-0.1
JT Thor,2024,63.0,781.0,9.1,0.519,11.7,-4.5,-0.5
Isaiah Jackson,2024,59.0,771.0,21.5,0.689,17.2,1.7,0.7
Mitchell Robinson,2024,31.0,768.0,16.1,0.554,10.2,0.0,0.4
Jock Landale,2024,56.0,763.0,15.6,0.584,14.8,-0.1,0.4
Cody Martin,2024,28.0,753.0,9.2,0.46,16.1,-3.5,-0.3
KJ Martin,2024,60.0,746.0,9.9,0.563,13.4,-4.1,-0.4
KJ Martin,2024,2.0,31.0,6.9,0.46,18.2,-6.1,0.0
KJ Martin,2024,58.0,715.0,10.0,0.569,13.2,-4.0,-0.4
Delon Wright,2024,47.0,742.0,13.6,0.505,12.8,0.4,0.5
Delon Wright,2024,33.0,456.0,14.1,0.497,13.5,0.5,0.3
Delon Wright,2024,14.0,286.0,12.9,0.52,11.9,0.3,0.2
Ish Smith,2024,43.0,741.0,6.8,0.435,12.3,-6.8,-0.9
Mo Bamba,2024,57.0,740.0,15.4,0.575,15.1,-1.0,0.2
Nick Smith Jr.,2024,51.0,729.0,8.1,0.511,20.3,-5.9,-0.7
Landry Shamet,2024,46.0,726.0,10.5,0.556,18.8,-4.0,-0.4
Chris Duarte,2024,59.0,719.0,8.4,0.512,14.9,-3.4,-0.2
Jordan Nwora,2024,52.0,712.0,13.7,0.565,22.4,-2.5,-0.1
Jordan Nwora,2024,18.0,183.0,12.2,0.541,22.6,-4.0,-0.1
Jordan Nwora,2024,34.0,529.0,14.2,0.573,22.3,-2.0,0.0
LaMelo Ball,2024,22.0,711.0,20.8,0.561,34.3,3.3,1.0
Chris Boucher,2024,50.0,705.0,16.0,0.625,17.3,-1.7,0.1
Jacob Gilyard,2024,41.0,699.0,11.1,0.573,11.1,-1.4,0.1
Jacob Gilyard,2024,37.0,654.0,11.6,0.597,11.4,-1.3,0.1
Jacob Gilyard,2024,4.0,45.0,4.5,0.0,6.7,-2.2,0.0
Bruno Fernando,2024,45.0,682.0,15.2,0.615,16.7,-2.3,-0.1
Dalen Terry,2024,59.0,681.0,10.2,0.512,13.4,-2.3,0.0
Gary Payton II,2024,44.0,680.0,13.9,0.621,13.6,0.9,0.5
Mason Plumlee,2024,46.0,674.0,15.8,0.621,15.1,-0.8,0.2
Dāvis Bertāns,2024,43.0,674.0,11.6,0.583,17.4,-1.4,0.1
Dāvis Bertāns,2024,15.0,91.0,17.3,0.675,16.0,4.0,0.1
Dāvis Bertāns,2024,28.0,583.0,10.7,0.57,17.7,-2.3,0.0
Keita Bates-Diop,2024,53.0,665.0,11.5,0.534,13.0,-1.0,0.2
Keita Bates-Diop,2024,39.0,597.0,11.3,0.525,13.0,-1.2,0.1
Keita Bates-Diop,2024,14.0,68.0,13.4,0.617,13.2,0.2,0.0
Jalen Wilson,2024,43.0,664.0,10.8,0.537,14.3,-2.9,-0.2
Craig Porter Jr.,2024,51.0,649.0,15.4,0.564,20.2,0.5,0.4
Rayan Rupert,2024,39.0,633.0,5.8,0.451,13.6,-6.7,-0.8
Oshae Brissett,2024,55.0,630.0,12.8,0.53,14.5,-1.8,0.0
Danilo Gallinari,2024,49.0,630.0,13.4,0.601,17.2,-1.9,0.0
Danilo Gallinari,2024,26.0,385.0,13.4,0.581,18.3,-2.6,-0.1
Danilo Gallinari,2024,6.0,90.0,23.3,0.799,15.9,6.9,0.2
Danilo Gallinari,2024,17.0,155.0,7.7,0.523,15.3,-5.2,-0.1
Jordan McLaughlin,2024,56.0,626.0,15.5,0.638,12.1,4.2,1.0
Seth Curry,2024,44.0,616.0,9.9,0.519,16.8,-3.3,-0.2
Seth Curry,2024,36.0,457.0,8.6,0.502,15.9,-4.0,-0.2
Seth Curry,2024,8.0,159.0,13.5,0.56,19.3,-1.1,0.0
A.J. Green,2024,56.0,614.0,10.5,0.617,15.2,-2.1,0.0
Johnny Davis,2024,50.0,613.0,6.2,0.462,12.2,-6.6,-0.7
MarJon Beauchamp,2024,48.0,608.0,9.7,0.592,14.6,-3.2,-0.2
Marcus Smart,2024,20.0,605.0,11.8,0.552,22.9,-2.4,0.0
Mike Muscala,2024,53.0,600.0,7.5,0.47,13.4,-5.3,-0.5
Mike Muscala,2024,24.0,338.0,7.6,0.481,14.3,-6.2,-0.4
Mike Muscala,2024,13.0,171.0,8.9,0.492,11.9,-2.2,0.0
Mike Muscala,2024,16.0,91.0,4.3,0.379,12.6,-8.0,-0.1
Jericho Sims,2024,45.0,585.0,10.9,0.702,6.0,-1.8,0.0
Brice Sensabaugh,2024,32.0,584.0,8.6,0.511,20.3,-5.5,-0.5
Jarred Vanderbilt,2024,29.0,581.0,11.6,0.578,11.7,-1.6,0.0
Shake Milton,2024,48.0,581.0,9.2,0.499,18.7,-3.7,-0.3
Shake Milton,2024,38.0,491.0,8.3,0.496,18.7,-4.2,-0.3
Shake Milton,2024,4.0,63.0,14.6,0.494,20.5,0.3,0.0
Shake Milton,2024,6.0,27.0,13.8,0.557,15.8,-3.5,0.0
Evan Fournier,2024,32.0,580.0,8.5,0.464,19.0,-4.3,-0.3
Evan Fournier,2024,3.0,39.0,2.2,0.287,24.2,-11.3,-0.1
Evan Fournier,2024,29.0,541.0,8.9,0.482,18.6,-3.8,-0.3
Zeke Nnaji,2024,58.0,576.0,12.4,0.528,15.4,-3.7,-0.2
Trey Jemison,2024,25.0,573.0,11.8,0.582,13.5,-5.1,-0.5
Trey Jemison,2024,2.0,1.0,-36.1,,42.1,-33.9,0.0
Trey Jemison,2024,23.0,572.0,11.9,0.582,13.5,-5.1,-0.4
Andre Jackson Jr.,2024,57.0,572.0,8.5,0.596,10.0,-3.6,-0.2
Jared Butler,2024,40.0,566.0,14.1,0.579,19.9,-2.1,0.0
Kevin Knox,2024,31.0,560.0,9.9,0.57,16.6,-4.6,-0.4
Lamar Stevens,2024,38.0,559.0,14.6,0.516,22.2,-2.2,0.0
Lamar Stevens,2024,19.0,122.0,14.5,0.532,21.0,-2.0,0.0
Lamar Stevens,2024,19.0,437.0,14.7,0.512,22.5,-2.3,0.0
Richaun Holmes,2024,40.0,555.0,14.5,0.593,14.7,-3.3,-0.2
Richaun Holmes,2024,23.0,237.0,13.9,0.572,14.5,-3.0,-0.1
Richaun Holmes,2024,17.0,318.0,14.9,0.608,14.8,-3.4,-0.1
Tristan Thompson,2024,49.0,549.0,13.9,0.563,13.8,-1.4,0.1
Julian Strawther,2024,50.0,545.0,8.2,0.482,20.7,-6.0,-0.6
Omer Yurtseven,2024,48.0,545.0,15.0,0.565,17.9,-3.0,-0.1
Vít Krejčí,2024,22.0,541.0,8.4,0.633,9.8,-3.7,-0.2
Bones Hyland,2024,37.0,540.0,10.8,0.49,24.8,-3.6,-0.2
Jalen McDaniels,2024,50.0,538.0,5.0,0.412,18.7,-9.0,-1.0
Scotty Pippen Jr.,2024,21.0,527.0,16.4,0.596,23.0,1.3,0.4
Sasha Vezenkov,2024,42.0,511.0,13.3,0.569,17.5,-0.9,0.1
Danuel House Jr.,2024,34.0,509.0,8.5,0.575,12.2,-4.0,-0.3
Mark Williams,2024,19.0,508.0,22.5,0.675,17.1,0.8,0.3
Jaden Springer,2024,49.0,507.0,10.7,0.49,17.1,-3.4,-0.2
Jaden Springer,2024,32.0,377.0,10.6,0.481,18.2,-3.4,-0.1
Jaden Springer,2024,17.0,130.0,10.9,0.522,13.9,-3.2,0.0
Patrick Baldwin Jr.,2024,38.0,493.0,9.7,0.502,15.9,-4.6,-0.3
Robert Covington,2024,29.0,488.0,13.6,0.58,10.7,2.2,0.5
Robert Covington,2024,3.0,69.0,10.6,0.455,6.3,2.3,0.1
Robert Covington,2024,26.0,419.0,14.1,0.593,11.4,2.2,0.4
P.J. Tucker,2024,31.0,486.0,5.9,0.507,5.3,-3.6,-0.2
P.J. Tucker,2024,3.0,66.0,4.7,0.6,4.6,-4.0,0.0
P.J. Tucker,2024,28.0,420.0,6.1,0.497,5.5,-3.5,-0.2
Tari Eason,2024,22.0,480.0,17.1,0.528,19.8,1.6,0.4
Monte Morris,2024,33.0,476.0,13.2,0.508,15.5,0.7,0.3
Monte Morris,2024,6.0,68.0,8.5,0.398,22.5,-6.9,-0.1
Monte Morris,2024,27.0,408.0,13.9,0.537,14.3,2.0,0.4
Bol Bol,2024,43.0,469.0,18.7,0.7,16.5,2.1,0.5
Isaiah Livers,2024,23.0,469.0,5.1,0.46,12.7,-6.5,-0.5
Anthony Gill,2024,50.0,466.0,12.1,0.537,18.0,-4.1,-0.3
Yuta Watanabe,2024,34.0,464.0,4.7,0.474,13.3,-6.4,-0.5
Yuta Watanabe,2024,29.0,382.0,5.4,0.502,13.6,-6.0,-0.4
Yuta Watanabe,2024,5.0,82.0,1.5,0.327,12.0,-8.6,-0.1
Nassir Little,2024,45.0,458.0,9.9,0.572,13.9,-3.0,-0.1
Sandro Mamukelashvili,2024,46.0,451.0,15.8,0.559,17.7,-0.5,0.2
Alex Len,2024,48.0,444.0,14.7,0.625,11.8,0.2,0.2
Thomas Bryant,2024,38.0,441.0,19.0,0.639,19.3,-0.4,0.2
Thaddeus Young,2024,33.0,439.0,15.9,0.598,12.6,0.3,0.2
Thaddeus Young,2024,23.0,350.0,16.0,0.618,12.6,0.6,0.2
Thaddeus Young,2024,10.0,89.0,15.1,0.515,12.8,-0.9,0.0
Skylar Mays,2024,38.0,433.0,12.0,0.466,18.4,-2.0,0.0
Skylar Mays,2024,21.0,356.0,11.9,0.457,19.5,-2.3,0.0
Skylar Mays,2024,17.0,77.0,12.3,0.524,12.9,-0.6,0.0
Chuma Okeke,2024,47.0,432.0,6.9,0.465,13.3,-3.4,-0.2
Dominick Barlow,2024,33.0,420.0,14.6,0.548,14.1,-1.7,0.0
Reggie Bullock,2024,44.0,417.0,7.7,0.582,9.4,-2.4,0.0
Patty Mills,2024,32.0,415.0,7.2,0.467,15.9,-4.6,-0.3
Patty Mills,2024,19.0,202.0,6.6,0.5,12.2,-3.8,-0.1
Patty Mills,2024,13.0,213.0,7.9,0.448,19.4,-5.3,-0.2
Trent Forrest,2024,38.0,414.0,8.9,0.426,11.8,-4.4,-0.3
Svi Mykhailiuk,2024,41.0,413.0,11.7,0.575,16.1,-1.8,0.0
Wesley Matthews,2024,36.0,413.0,8.2,0.511,11.7,-2.8,-0.1
Aleksej Pokusevski,2024,28.0,405.0,12.7,0.525,17.2,-1.9,0.0
Aleksej Pokusevski,2024,10.0,60.0,2.5,0.338,15.0,-9.9,-0.1
Aleksej Pokusevski,2024,18.0,345.0,14.5,0.552,17.6,-0.5,0.1
Luka Šamanić,2024,43.0,404.0,8.9,0.485,21.8,-7.8,-0.6
Javon Freeman-Liberty,2024,22.0,403.0,10.7,0.547,17.5,-5.2,-0.3
Derrick Rose,2024,24.0,399.0,13.1,0.54,22.3,-2.8,-0.1
DeAndre Jordan,2024,36.0,396.0,16.0,0.61,15.4,-1.7,0.0
Kobe Brown,2024,44.0,394.0,7.6,0.49,11.1,-3.8,-0.2
Lester Quiñones,2024,37.0,394.0,10.3,0.533,18.3,-3.3,-0.1
Eugene Omoruyi,2024,43.0,393.0,16.0,0.549,22.5,-2.3,0.0
Matt Ryan,2024,28.0,390.0,9.0,0.638,15.4,-2.7,-0.1
Justin Minaya,2024,34.0,381.0,5.8,0.391,9.7,-5.6,-0.3
Johnny Juzang,2024,20.0,372.0,9.6,0.62,14.5,-3.7,-0.2
Noah Clowney,2024,23.0,370.0,14.2,0.626,14.2,-0.7,0.1
Tosan Evbuomwan,2024,17.0,367.0,9.9,0.616,10.6,-3.0,-0.1
Tosan Evbuomwan,2024,4.0,74.0,5.7,0.333,9.3,-6.4,-0.1
Tosan Evbuomwan,2024,13.0,293.0,10.9,0.679,10.9,-2.2,0.0
Ousmane Dieng,2024,33.0,365.0,10.1,0.54,16.9,-3.0,-0.1
Jontay Porter,2024,26.0,360.0,14.9,0.514,15.8,1.7,0.3
Ben Simmons,2024,15.0,359.0,16.3,0.571,13.0,2.4,0.4
Brandon Boston Jr.,2024,32.0,345.0,8.7,0.476,25.4,-9.0,-0.6
Jarace Walker,2024,33.0,340.0,11.8,0.527,16.1,0.2,0.2
JaVale McGee,2024,46.0,339.0,19.0,0.609,23.4,-1.3,0.1
Olivier-Maxence Prosper,2024,40.0,336.0,11.6,0.496,16.6,-2.9,-0.1
Jeremiah Robinson-Earl,2024,39.0,334.0,11.8,0.564,15.4,-2.2,0.0
Neemias Queta,2024,28.0,333.0,22.9,0.662,16.9,1.5,0.3
Julian Phillips,2024,40.0,323.0,7.0,0.521,13.0,-5.3,-0.3
Cody Zeller,2024,43.0,320.0,12.8,0.483,12.9,-2.6,0.0
Ja Morant,2024,9.0,318.0,20.6,0.57,30.4,3.1,0.4
Ashton Hagans,2024,19.0,316.0,8.5,0.51,14.6,-3.5,-0.1
Devonte' Graham,2024,23.0,313.0,9.4,0.495,17.8,-3.9,-0.1
A.J. Lawson,2024,42.0,311.0,11.2,0.519,20.0,-4.6,-0.2
Nathan Mensah,2024,25.0,307.0,5.0,0.496,6.8,-8.8,-0.5
Stanley Umude,2024,24.0,307.0,11.4,0.647,15.6,-1.6,0.0
Orlando Robinson,2024,36.0,304.0,14.0,0.596,14.8,-1.1,0.1
Furkan Korkmaz,2024,35.0,300.0,9.2,0.519,13.6,-2.7,-0.1
Cory Joseph,2024,26.0,296.0,6.2,0.47,11.3,-4.7,-0.2
Ricky Council IV,2024,32.0,289.0,18.6,0.604,22.1,1.3,0.2
Garrett Temple,2024,27.0,289.0,9.5,0.502,15.0,-4.7,-0.2
Leaky Black,2024,26.0,284.0,11.5,0.589,10.1,-2.4,0.0
Lindy Waters III,2024,38.0,280.0,15.3,0.653,17.3,1.9,0.3
Kessler Edwards,2024,54.0,275.0,10.3,0.541,14.0,-1.5,0.0
Damian Jones,2024,39.0,270.0,15.8,0.659,15.4,-0.5,0.1
Onuralp Bitim,2024,23.0,268.0,5.0,0.464,15.8,-7.4,-0.4
Kira Lewis Jr.,2024,28.0,265.0,8.6,0.441,18.5,-5.8,-0.3
Kira Lewis Jr.,2024,15.0,144.0,5.7,0.387,19.6,-7.5,-0.2
Kira Lewis Jr.,2024,1.0,2.0,-7.3,,0.0,-22.3,0.0
Kira Lewis Jr.,2024,12.0,119.0,12.3,0.512,17.6,-3.5,0.0
Jamal Cain,2024,26.0,259.0,11.5,0.544,16.7,-2.3,0.0
Jared Rhoden,2024,17.0,245.0,10.3,0.597,13.3,-2.5,0.0
Justin Champagnie,2024,15.0,235.0,13.6,0.526,17.0,-1.8,0.0
Javonte Green,2024,9.0,230.0,20.2,0.681,16.7,2.0,0.2
Ibou Badji,2024,22.0,226.0,8.1,0.623,8.0,-5.8,-0.2
Collin Gillespie,2024,24.0,225.0,11.0,0.586,17.1,-2.7,0.0
Gabe Vincent,2024,11.0,218.0,3.1,0.341,10.9,-6.5,-0.2
Markieff Morris,2024,26.0,216.0,6.6,0.467,16.4,-5.3,-0.2
Jaylen Nowell,2024,13.0,214.0,9.2,0.494,17.8,-5.4,-0.2
Jaylen Nowell,2024,9.0,156.0,6.7,0.453,16.9,-7.4,-0.2
Jaylen Nowell,2024,4.0,58.0,15.9,0.585,20.3,-0.1,0.0
Théo Maledon,2024,17.0,213.0,3.2,0.385,19.6,-10.3,-0.5
Théo Maledon,2024,13.0,200.0,3.9,0.379,19.1,-9.5,-0.4
Théo Maledon,2024,4.0,13.0,-8.0,0.47,27.7,-23.7,-0.1
Charles Bassey,2024,19.0,205.0,17.7,0.739,11.9,1.3,0.2
Taj Gibson,2024,20.0,204.0,5.9,0.449,9.0,-5.3,-0.2
Taj Gibson,2024,16.0,165.0,3.2,0.335,7.6,-6.9,-0.2
Taj Gibson,2024,4.0,39.0,17.6,0.643,15.3,1.7,0.0
Moses Brown,2024,22.0,200.0,14.5,0.477,19.1,-6.5,-0.2
Kenneth Lofton Jr.,2024,21.0,199.0,14.7,0.537,22.1,-0.3,0.1
Kenneth Lofton Jr.,2024,15.0,99.0,8.4,0.447,21.5,-4.5,-0.1
Kenneth Lofton Jr.,2024,2.0,9.0,-20.0,0.167,38.4,-32.6,-0.1
Kenneth Lofton Jr.,2024,4.0,91.0,25.0,0.69,21.1,7.5,0.2
Kobe Bufkin,2024,17.0,196.0,9.1,0.424,22.4,-4.5,-0.1
Colby Jones,2024,30.0,192.0,8.9,0.422,19.1,-5.0,-0.1
Gui Santos,2024,23.0,192.0,15.6,0.656,15.2,-0.5,0.1
Terry Taylor,2024,31.0,188.0,10.1,0.558,11.3,-3.2,0.0
Micah Potter,2024,16.0,186.0,11.0,0.609,10.9,-2.3,0.0
Saben Lee,2024,24.0,185.0,13.5,0.492,18.8,-1.4,0.0
Otto Porter Jr.,2024,15.0,174.0,8.7,0.568,8.9,-3.2,-0.1
AJ Griffin,2024,20.0,171.0,1.2,0.382,17.3,-9.6,-0.3
Joe Harris,2024,16.0,170.0,4.6,0.489,11.0,-5.9,-0.2
Trevelin Queen,2024,14.0,165.0,8.3,0.462,13.3,-3.4,-0.1
Zavier Simpson,2024,7.0,161.0,6.3,0.377,17.5,-5.9,-0.2
Thanasis Antetokounmpo,2024,34.0,155.0,5.5,0.518,12.5,-6.4,-0.2
Tristan Vukcevic,2024,10.0,153.0,13.9,0.554,23.9,-3.6,-0.1
Darius Bazley,2024,9.0,152.0,13.9,0.68,11.9,-0.4,0.1
Darius Bazley,2024,3.0,10.0,-1.6,0.0,8.6,-8.4,0.0
Darius Bazley,2024,6.0,142.0,14.9,0.7,12.2,0.2,0.1
DeJon Jarreau,2024,9.0,150.0,9.6,0.392,18.3,-4.0,-0.1
Jules Bernard,2024,19.0,149.0,12.7,0.544,21.5,-3.0,0.0
Jeff Dowtin Jr.,2024,12.0,142.0,18.2,0.689,13.0,3.3,0.2
Sidy Cissoko,2024,12.0,141.0,12.0,0.568,12.7,-2.7,0.0
Brandon Clarke,2024,6.0,134.0,18.9,0.548,20.8,1.0,0.1
Emoni Bates,2024,15.0,133.0,2.6,0.404,19.5,-9.2,-0.2
Dru Smith,2024,9.0,131.0,12.8,0.576,13.2,1.4,0.1
Nate Williams,2024,22.0,129.0,15.6,0.565,19.7,-1.6,0.0
T.J. Warren,2024,11.0,125.0,9.2,0.479,16.5,-4.5,-0.1
Timmy Allen,2024,5.0,125.0,0.8,0.272,8.9,-11.1,-0.3
Jalen Pickett,2024,27.0,122.0,9.7,0.571,16.4,-3.3,0.0
Luka Garza,2024,25.0,122.0,21.8,0.576,33.3,-2.1,0.0
Mãozinha Pereira,2024,7.0,122.0,15.7,0.609,15.6,-0.5,0.0
Jahmi'us Ramsey,2024,7.0,121.0,10.6,0.538,17.9,-4.4,-0.1
Marques Bolden,2024,11.0,121.0,16.0,0.691,10.9,-2.7,0.0
Marques Bolden,2024,2.0,3.0,3.0,,0.0,-5.5,0.0
Marques Bolden,2024,9.0,118.0,16.4,0.691,11.1,-2.6,0.0
Mouhamadou Gueye,2024,11.0,120.0,4.6,0.31,19.2,-11.9,-0.3
Xavier Moon,2024,14.0,119.0,8.1,0.352,19.1,-6.1,-0.1
Robert Williams,2024,6.0,119.0,17.2,0.684,13.2,0.7,0.1
Brandon Williams,2024,17.0,113.0,9.3,0.439,26.0,-5.5,-0.1
Udoka Azubuike,2024,16.0,113.0,12.3,0.609,12.6,-3.2,0.0
Matthew Hurt,2024,8.0,113.0,8.4,0.453,14.2,-3.7,-0.1
Jalen Hood-Schifino,2024,21.0,109.0,-1.5,0.316,24.9,-16.1,-0.4
Dylan Windler,2024,17.0,108.0,14.2,0.717,12.5,0.7,0.1
Dylan Windler,2024,3.0,7.0,15.5,0.75,12.3,7.4,0.0
Dylan Windler,2024,8.0,28.0,15.9,0.667,13.9,3.2,0.0
Dylan Windler,2024,6.0,73.0,13.4,0.737,12.0,-0.9,0.0
Malik Williams,2024,7.0,107.0,4.9,0.272,15.1,-11.5,-0.3
Armoni Brooks,2024,10.0,104.0,8.3,0.448,20.8,-5.8,-0.1
Maxwell Lewis,2024,34.0,103.0,-3.9,0.246,13.6,-13.5,-0.3
Harry Giles,2024,23.0,100.0,14.8,0.503,26.7,-4.8,-0.1
Harry Giles,2024,16.0,81.0,18.5,0.543,29.8,-2.8,0.0
Harry Giles,2024,7.0,19.0,-1.0,0.167,13.6,-12.9,-0.1
Olivier Sarr,2024,15.0,98.0,14.8,0.664,12.7,-2.6,0.0
Jamaree Bouyea,2024,9.0,95.0,1.5,0.375,16.5,-12.3,-0.2
Jamaree Bouyea,2024,6.0,57.0,-4.8,0.238,21.6,-17.8,-0.2
Jamaree Bouyea,2024,3.0,38.0,11.1,0.786,8.9,-3.9,0.0
Josh Minott,2024,32.0,91.0,20.4,0.593,21.4,5.1,0.2
Chris Livingston,2024,21.0,90.0,6.9,0.547,13.8,-8.0,-0.1
Cole Swider,2024,18.0,87.0,7.1,0.54,24.0,-4.5,-0.1
Admiral Schofield,2024,23.0,84.0,6.0,0.484,16.6,-4.9,-0.1
Terquavion Smith,2024,16.0,84.0,14.8,0.539,28.4,0.8,0.1
Buddy Boeheim,2024,10.0,84.0,9.1,0.509,17.0,-3.5,0.0
Jordan Walsh,2024,9.0,83.0,8.4,0.472,9.9,-3.8,0.0
Jerome Robinson,2024,22.0,81.0,5.7,0.41,20.7,-8.3,-0.1
James Bouknight,2024,14.0,81.0,15.9,0.597,23.9,2.2,0.1
Wenyen Gabriel,2024,5.0,81.0,2.3,0.351,17.0,-12.5,-0.2
Ryan Rollins,2024,13.0,78.0,22.0,0.638,23.0,5.7,0.2
Ryan Rollins,2024,10.0,66.0,22.7,0.631,25.2,5.0,0.1
Ryan Rollins,2024,3.0,12.0,18.5,0.75,10.8,9.2,0.0
R.J. Hampton,2024,8.0,76.0,0.9,0.336,10.5,-9.5,-0.1
Wendell Moore Jr.,2024,25.0,75.0,8.6,0.5,13.0,-2.8,0.0
Nate Hinton,2024,15.0,75.0,17.6,0.585,17.7,3.6,0.1
Mouhamed Gueye,2024,6.0,73.0,15.0,0.468,15.2,-1.5,0.0
Isaiah Mobley,2024,10.0,72.0,8.1,0.471,16.2,-6.6,-0.1
Boban Marjanović,2024,14.0,71.0,21.1,0.56,27.0,-0.3,0.0
Jason Preston,2024,7.0,71.0,10.5,0.316,12.4,-2.6,0.0
Jett Howard,2024,18.0,67.0,8.6,0.457,22.7,-1.8,0.0
Kobi Simmons,2024,4.0,67.0,14.5,0.476,14.0,-1.0,0.0
Keyontae Johnson,2024,9.0,66.0,1.6,0.344,13.1,-9.8,-0.1
Adama Sanogo,2024,9.0,66.0,21.9,0.558,24.8,-6.7,-0.1
Robin Lopez,2024,16.0,65.0,6.6,0.453,14.5,-6.1,-0.1
Amari Bailey,2024,10.0,65.0,9.7,0.425,21.1,-8.3,-0.1
Moussa Diabaté,2024,11.0,64.0,24.7,0.576,18.6,3.5,0.1
Jack White,2024,4.0,64.0,1.1,0.188,12.1,-10.3,-0.1
Kendall Brown,2024,15.0,63.0,7.6,0.567,13.7,-6.8,-0.1
Ish Wainright,2024,11.0,62.0,8.9,0.462,18.5,-2.4,0.0
Ish Wainright,2024,7.0,46.0,10.2,0.53,18.4,-0.6,0.0
Ish Wainright,2024,4.0,16.0,5.2,0.25,19.0,-7.5,0.0
Keon Johnson,2024,5.0,61.0,13.1,0.59,22.2,-2.7,0.0
Braxton Key,2024,20.0,60.0,16.5,0.536,15.7,2.1,0.1
Jermaine Samuels,2024,14.0,60.0,15.1,0.672,10.5,0.8,0.0
Colin Castleton,2024,16.0,59.0,13.0,0.644,15.8,-5.2,0.0
TyTy Washington Jr.,2024,11.0,56.0,4.6,0.35,17.0,-8.2,-0.1
Dereon Seabron,2024,6.0,55.0,9.2,0.448,12.4,-1.5,0.0
Juan Toscano-Anderson,2024,11.0,53.0,2.5,0.292,11.3,-9.4,-0.1
Leonard Miller,2024,17.0,52.0,27.0,0.694,18.6,9.6,0.2
Seth Lundy,2024,9.0,52.0,0.0,0.373,15.8,-12.7,-0.1
David Duke Jr.,2024,4.0,51.0,16.2,0.673,18.5,1.4,0.0
Daishen Nix,2024,15.0,50.0,12.3,0.507,28.0,-1.4,0.0
Jay Huff,2024,20.0,49.0,18.5,0.724,15.0,1.3,0.0
Hunter Tyson,2024,18.0,48.0,6.0,0.5,20.0,-8.9,-0.1
James Johnson,2024,9.0,47.0,5.0,0.368,14.2,-5.8,0.0
DaQuan Jeffries,2024,17.0,46.0,3.1,0.391,19.6,-8.1,-0.1
Ryan Arcidiacono,2024,20.0,45.0,-2.0,0.0,7.7,-9.6,-0.1
Frank Ntilikina,2024,5.0,43.0,0.0,0.253,11.2,-13.4,-0.1
Oscar Tshiebwe,2024,8.0,42.0,24.8,0.553,23.5,2.2,0.0
D'Moi Hodge,2024,7.0,41.0,6.1,0.441,17.8,-6.3,0.0
Greg Brown III,2024,6.0,40.0,10.5,0.501,20.3,-4.4,0.0
Taze Moore,2024,4.0,40.0,11.8,0.453,24.3,-3.1,0.0
Alex Fudge,2024,6.0,40.0,9.8,0.472,19.2,-5.2,0.0
Alex Fudge,2024,4.0,14.0,-1.9,0.291,24.3,-18.1,-0.1
Alex Fudge,2024,2.0,26.0,16.2,0.611,16.5,1.7,0.0
JD Davison,2024,8.0,39.0,18.8,0.581,17.6,3.3,0.1
RaiQuan Gray,2024,3.0,39.0,22.7,0.676,19.5,7.4,0.1
Jacob Toppin,2024,9.0,38.0,14.3,0.658,12.4,-0.7,0.0
Jalen Slawson,2024,12.0,37.0,6.6,0.667,9.2,-6.4,0.0
Charlie Brown Jr.,2024,8.0,37.0,-3.2,0.3,14.0,-13.6,-0.1
D.J. Carton,2024,4.0,36.0,9.6,0.539,13.3,-5.3,0.0
Dexter Dennis,2024,4.0,30.0,18.3,0.541,33.3,1.7,0.0
Henri Drell,2024,4.0,30.0,10.7,0.506,18.8,-4.9,0.0
Jordan Miller,2024,8.0,28.0,14.1,0.658,17.0,-3.8,0.0
Mason Jones,2024,5.0,28.0,5.8,0.394,16.6,-5.5,0.0
Pete Nance,2024,8.0,27.0,-3.9,0.218,12.9,-15.2,-0.1
Pat Spencer,2024,6.0,26.0,9.4,0.5,8.1,-6.4,0.0
Dariq Whitehead,2024,2.0,24.0,4.9,0.255,10.6,-7.9,0.0
Mamadi Diakite,2024,6.0,24.0,18.6,0.694,17.0,3.5,0.0
Mamadi Diakite,2024,3.0,16.0,30.4,0.785,20.2,11.6,0.1
Mamadi Diakite,2024,3.0,8.0,-5.2,0.0,10.8,-12.7,0.0
E.J. Liddell,2024,8.0,23.0,4.3,0.291,16.8,-4.7,0.0
Drew Peterson,2024,3.0,23.0,18.5,0.917,13.3,5.3,0.0
Jordan Ford,2024,6.0,22.0,16.8,0.761,17.3,2.2,0.0
Isaiah Thomas,2024,6.0,19.0,6.7,0.4,22.8,-6.9,0.0
Usman Garuba,2024,6.0,18.0,7.0,0.218,20.8,-10.9,0.0
Danny Green,2024,2.0,18.0,0.7,0.0,4.8,-6.6,0.0
Alondes Williams,2024,7.0,16.0,-7.9,0.296,29.1,-23.2,-0.1
Ty Jerome,2024,2.0,15.0,7.6,0.5,14.7,-4.9,0.0
D.J. Wilson,2024,2.0,15.0,31.6,0.833,17.3,22.4,0.1
Adam Flagler,2024,2.0,14.0,0.6,0.214,21.7,-10.6,0.0
Andrew Funk,2024,5.0,13.0,-5.0,0.0,13.5,-14.4,0.0
Quenton Jackson,2024,3.0,11.0,16.1,0.532,7.2,3.3,0.0
Joshua Primo,2024,2.0,10.0,-12.8,0.333,30.7,-25.0,-0.1
Filip Petrušev,2024,3.0,10.0,5.1,0.521,12.3,-8.0,0.0
Filip Petrušev,2024,1.0,3.0,4.0,,0.0,-4.9,0.0
Filip Petrušev,2024,2.0,7.0,5.5,0.521,17.6,-9.3,0.0
Lindell Wigginton,2024,3.0,8.0,5.6,0.51,37.1,-23.9,0.0
Kaiser Gates,2024,1.0,7.0,-19.9,0.0,24.9,-28.8,-0.1
Shaquille Harrison,2024,3.0,6.0,15.9,0.5,14.3,4.6,0.0
Kevon Harris,2024,2.0,6.0,11.1,0.667,29.1,-15.8,0.0
Hamidou Diallo,2024,2.0,5.0,33.2,0.5,25.3,18.7,0.0
Ron Harper Jr.,2024,1.0,4.0,0.0,,0.0,-8.8,0.0
Markquis Nowell,2024,1.0,4.0,55.5,0.532,20.1,43.3,0.0
Isaiah Wong,2024,1.0,4.0,-1.1,0.333,31.4,-19.0,0.0
Izaiah Brockington,2024,1.0,3.0,26.6,0.4,72.5,-17.8,0.0
Malcolm Cazalon,2024,1.0,3.0,0.0,,0.0,-9.1,0.0
Jalen Crutcher,2024,1.0,3.0,-12.6,0.0,14.5,-26.2,0.0
Dmytro Skapintsev,2024,2.0,2.0,-19.3,0.0,21.6,-25.9,0.0
Justin Jackson,2024,2.0,1.0,0.0,,0.0,-7.5,0.0
Javonte Smart,2024,1.0,1.0,0.0,,0.0,-8.3,0.0
League Average,2024,,,,0.58,19.9,,
